{"type":"FeatureCollection","features":[{"type":"Feature","geometry":{"type":"Point","coordinates":[107.5934112,-6.9360768,0]},"properties":{"name":"Hotel Grand Pasundan","styleUrl":"#4701","icon-scale":1,"icon":"http://maps.google.com/mapfiles/kml/pushpin/ylw-pushpin.png"},"id":"4700"},{"type":"Feature","geometry":{"type":"Point","coordinates":[107.5905268,-6.933574,0]},"properties":{"name":"Bumi Kopo Kencana","styleUrl":"#4706","icon-scale":1,"icon":"http://maps.google.com/mapfiles/kml/pushpin/ylw-pushpin.png"},"id":"4705"},{"type":"Feature","geometry":{"type":"Point","coordinates":[107.5872624,-6.9291184,0]},"properties":{"name":"Festival Citylink","styleUrl":"#4711","icon-scale":1,"icon":"http://maps.google.com/mapfiles/kml/pushpin/ylw-pushpin.png"},"id":"4710"},{"type":"Feature","geometry":{"type":"Point","coordinates":[107.5849563,-6.9270511,0]},"properties":{"name":"Simpang Pasir Koja","styleUrl":"#4716","icon-scale":1,"icon":"http://maps.google.com/mapfiles/kml/pushpin/ylw-pushpin.png"},"id":"4715"},{"type":"Feature","geometry":{"type":"Point","coordinates":[107.5793217,-6.9292122,0]},"properties":{"name":"SPBU Pasir Koja","styleUrl":"#4721","icon-scale":1,"icon":"http://maps.google.com/mapfiles/kml/pushpin/ylw-pushpin.png"},"id":"4720"},{"type":"Feature","geometry":{"type":"Point","coordinates":[107.5309483,-7.0141236,0]},"properties":{"name":"Hotel Soreang A","styleUrl":"#4726","icon-scale":1,"icon":"http://maps.google.com/mapfiles/kml/pushpin/ylw-pushpin.png"},"id":"4725"},{"type":"Feature","geometry":{"type":"Point","coordinates":[107.5292319,-7.0206847,0]},"properties":{"name":"Mall Pelayanan Publik","styleUrl":"#4731","icon-scale":1,"icon":"http://maps.google.com/mapfiles/kml/pushpin/ylw-pushpin.png"},"id":"4730"},{"type":"Feature","geometry":{"type":"Point","coordinates":[107.5303409,-7.0234041,0]},"properties":{"name":"Plaza Pemkab Bandung","styleUrl":"#4736","icon-scale":1,"icon":"http://maps.google.com/mapfiles/kml/pushpin/ylw-pushpin.png"},"id":"4735"},{"type":"Feature","geometry":{"type":"Point","coordinates":[107.5287745,-7.0287904,0]},"properties":{"name":"Simpang Desa Soreang","styleUrl":"#4741","icon-scale":1,"icon":"http://maps.google.com/mapfiles/kml/pushpin/ylw-pushpin.png"},"id":"4740"},{"type":"Feature","geometry":{"type":"Point","coordinates":[107.5412986,-7.0305108,0]},"properties":{"name":"Pasar Ikan Modern","styleUrl":"#4746","icon-scale":1,"icon":"http://maps.google.com/mapfiles/kml/pushpin/ylw-pushpin.png"},"id":"4745"},{"type":"Feature","geometry":{"type":"Point","coordinates":[107.5425246,-7.0273253,0]},"properties":{"name":"RSUD Otto Iskandar Dinata","styleUrl":"#4751","icon-scale":1,"icon":"http://maps.google.com/mapfiles/kml/pushpin/ylw-pushpin.png"},"id":"4750"},{"type":"Feature","geometry":{"type":"Point","coordinates":[107.5416105,-7.0218422,0]},"properties":{"name":"Samsat Soreang","styleUrl":"#4756","icon-scale":1,"icon":"http://maps.google.com/mapfiles/kml/pushpin/ylw-pushpin.png"},"id":"4755"},{"type":"Feature","geometry":{"type":"Point","coordinates":[107.5363125,-7.0154748,0]},"properties":{"name":"Geo Dipa Energi","styleUrl":"#4761","icon-scale":1,"icon":"http://maps.google.com/mapfiles/kml/pushpin/ylw-pushpin.png"},"id":"4760"},{"type":"Feature","geometry":{"type":"Point","coordinates":[107.5932425,-6.9458452,0]},"properties":{"name":"Terminal Leuwipanjang","styleUrl":"#4766","icon-scale":1,"icon":"http://maps.google.com/mapfiles/kml/pushpin/ylw-pushpin.png"},"id":"4765"},{"type":"Feature","geometry":{"type":"Point","coordinates":[107.530779,-7.0141857,0]},"properties":{"name":"Hotel Soreang B","styleUrl":"#4771","icon-scale":1,"icon":"http://maps.google.com/mapfiles/kml/pushpin/ylw-pushpin.png"},"id":"4770"},{"type":"Feature","geometry":{"type":"LineString","coordinates":[[107.5534835,-6.938557,0],[107.5530673,-6.9387634,0]]},"properties":{"name":"Jalan Tol Soreang–Pasirkoja","styleUrl":"#4776","stroke-opacity":1,"stroke":"#00A64F","stroke-width":4},"id":"4775"},{"type":"Feature","geometry":{"type":"LineString","coordinates":[[107.5563903,-6.9371305,0],[107.5552073,-6.9377116,0],[107.5534835,-6.938557,0]]},"properties":{"name":"Jalan Tol Soreang–Pasirkoja","styleUrl":"#4780","stroke-opacity":1,"stroke":"#00A64F","stroke-width":4},"id":"4779"},{"type":"Feature","geometry":{"type":"LineString","coordinates":[[107.5305806,-7.0239887,0],[107.5306349,-7.0241413,0],[107.5306414,-7.0241596,0],[107.5306441,-7.0241681,0],[107.5306807,-7.0242818,0],[107.5306962,-7.024359,0],[107.5307039,-7.0244388,0],[107.5307009,-7.02452,0],[107.5306881,-7.0245872,0],[107.5306647,-7.0246544,0],[107.5305835,-7.0248395,0],[107.5305057,-7.0250085,0],[107.5304621,-7.0250983,0],[107.5303113,-7.0254098,0],[107.5300075,-7.0260367,0],[107.5299196,-7.0261839,0],[107.5298399,-7.0263176,0],[107.5297072,-7.0265036,0],[107.5296112,-7.0266383,0],[107.5294751,-7.0268127,0],[107.529347,-7.0269998,0],[107.5292552,-7.0271688,0],[107.5292156,-7.0272486,0],[107.5291881,-7.0273298,0],[107.5291599,-7.0274356,0],[107.5288564,-7.0285001,0],[107.528797,-7.0287118,0],[107.5287745,-7.0287904,0],[107.5286564,-7.0292079,0],[107.5285691,-7.0295078,0],[107.528558,-7.0295442,0],[107.5285552,-7.0295539,0],[107.5285505,-7.02957,0],[107.5285128,-7.0296962,0]]},"properties":{"name":"Route Segment","styleUrl":"#4784","stroke-opacity":1,"stroke":"#00A64F","stroke-width":4},"id":"4783"},{"type":"Feature","geometry":{"type":"LineString","coordinates":[[107.5412032,-7.0307741,0],[107.541262,-7.0306038,0],[107.5412986,-7.0305108,0],[107.5418368,-7.0291427,0],[107.5418621,-7.0290741,0],[107.5421526,-7.0283001,0],[107.5424248,-7.0276027,0],[107.5424895,-7.0274174,0],[107.5425012,-7.0273837,0],[107.5425246,-7.0273253,0],[107.5427064,-7.0268719,0],[107.5429217,-7.0262936,0],[107.5429489,-7.0261581,0],[107.5429559,-7.0261011,0],[107.5429596,-7.0260687,0],[107.5429694,-7.0259368,0],[107.5429407,-7.0256737,0],[107.5428936,-7.0253773,0],[107.5428526,-7.0250912,0],[107.5427339,-7.0240961,0],[107.542693,-7.0238492,0],[107.5425902,-7.0234933,0],[107.5423537,-7.0229108,0],[107.5422531,-7.0227251,0],[107.5421694,-7.0225892,0],[107.5420999,-7.0224763,0],[107.5418414,-7.0221215,0],[107.5416105,-7.0218422,0],[107.5415343,-7.0217501,0],[107.541438,-7.0216383,0],[107.5409385,-7.0210588,0],[107.5405098,-7.0205561,0],[107.5403319,-7.0203475,0],[107.5402532,-7.0202552,0]]},"properties":{"name":"Route Segment","styleUrl":"#4788","stroke-opacity":1,"stroke":"#00A64F","stroke-width":4},"id":"4787"},{"type":"Feature","geometry":{"type":"LineString","coordinates":[[107.5687225,-6.9315744,0],[107.5682915,-6.9316354,0],[107.5679369,-6.9317146,0],[107.5676081,-6.931807,0],[107.5667242,-6.9321425,0],[107.5626466,-6.9341271,0],[107.5606578,-6.9351042,0]]},"properties":{"name":"Jalan Tol Soreang–Pasirkoja","styleUrl":"#4792","stroke-opacity":1,"stroke":"#00A64F","stroke-width":4},"id":"4791"},{"type":"Feature","geometry":{"type":"LineString","coordinates":[[107.5760593,-6.9304537,0],[107.5759595,-6.9304856,0]]},"properties":{"name":"Route Segment","styleUrl":"#4796","stroke-opacity":1,"stroke":"#00A64F","stroke-width":4},"id":"4795"},{"type":"Feature","geometry":{"type":"LineString","coordinates":[[107.5816898,-6.9282976,0],[107.5807152,-6.928674,0],[107.5799204,-6.928981,0],[107.5795877,-6.9291095,0],[107.5794257,-6.929172,0],[107.5793217,-6.9292122,0],[107.5785692,-6.9295028,0],[107.5783628,-6.9295826,0]]},"properties":{"name":"Jalan Pasir Koja","styleUrl":"#4800","stroke-opacity":1,"stroke":"#00A64F","stroke-width":4},"id":"4799"},{"type":"Feature","geometry":{"type":"LineString","coordinates":[[107.5910269,-6.9435481,0],[107.5910603,-6.9434929,0],[107.5910903,-6.9434463,0],[107.5911028,-6.9434233,0],[107.5911203,-6.9433931,0],[107.5912147,-6.9432302,0],[107.591257,-6.9431573,0],[107.5913003,-6.9430856,0],[107.5913435,-6.9430138,0],[107.5914686,-6.9428144,0],[107.5916513,-6.9425217,0],[107.5918451,-6.942203,0],[107.5918647,-6.9421708,0],[107.59192,-6.9420837,0],[107.5920724,-6.9418438,0],[107.5922389,-6.9415903,0],[107.5924641,-6.9412448,0],[107.5930896,-6.9402979,0],[107.59314,-6.9402168,0],[107.5932148,-6.9400962,0],[107.5932356,-6.9400628,0],[107.5933094,-6.939944,0],[107.5934404,-6.9397331,0],[107.5936005,-6.9394752,0],[107.5937688,-6.9391642,0],[107.5939092,-6.9389121,0],[107.5939987,-6.938752,0],[107.5940814,-6.9386042,0],[107.5941015,-6.9385696,0],[107.594148,-6.9384872,0],[107.594204,-6.9383881,0],[107.594524,-6.9378129,0],[107.5945872,-6.9376992,0],[107.5946221,-6.9376377,0],[107.5946542,-6.9375847,0],[107.5948299,-6.9373141,0]]},"properties":{"name":"Jalan Kyai Haji Wahid Hasyim","styleUrl":"#4804","stroke-opacity":1,"stroke":"#00A64F","stroke-width":4},"id":"4803"},{"type":"Feature","geometry":{"type":"LineString","coordinates":[[107.5763738,-6.9303407,0],[107.5761862,-6.9304065,0],[107.5760593,-6.9304537,0]]},"properties":{"name":"Jalan Pasir Koja","styleUrl":"#4808","stroke-opacity":1,"stroke":"#00A64F","stroke-width":4},"id":"4807"},{"type":"Feature","geometry":{"type":"LineString","coordinates":[[107.5941,-6.9365167,0],[107.5940685,-6.936498,0],[107.5938034,-6.9363309,0],[107.5937173,-6.9362775,0],[107.5936387,-6.9362255,0],[107.5934112,-6.9360768,0],[107.5929253,-6.9357593,0],[107.5926348,-6.9355874,0],[107.5923246,-6.9353626,0],[107.5919994,-6.9351204,0],[107.5917192,-6.9348719,0],[107.5916857,-6.9348415,0],[107.5914958,-6.9346635,0],[107.5914306,-6.9346026,0],[107.5914077,-6.934577,0],[107.5911483,-6.9342878,0],[107.5907048,-6.9337927,0],[107.5906563,-6.9337317,0],[107.5905268,-6.933574,0],[107.5902955,-6.9332924,0],[107.5900181,-6.9329457,0],[107.5899659,-6.9328782,0],[107.5892057,-6.9318954,0],[107.5887036,-6.9312262,0],[107.5886347,-6.9311348,0],[107.5885244,-6.9309884,0],[107.5884445,-6.9308824,0],[107.5882717,-6.9306532,0],[107.5881617,-6.9305127,0],[107.5880076,-6.930291,0],[107.5878265,-6.9300334,0],[107.58773,-6.9298868,0]]},"properties":{"name":"Jalan Peta","styleUrl":"#4812","stroke-opacity":1,"stroke":"#00A64F","stroke-width":4},"id":"4811"},{"type":"Feature","geometry":{"type":"LineString","coordinates":[[107.5928649,-6.9448811,0],[107.5928452,-6.9447709,0],[107.5927744,-6.9446004,0],[107.5927602,-6.9445782,0],[107.5926579,-6.9444185,0],[107.5924688,-6.9442725,0],[107.5920765,-6.9440744,0]]},"properties":{"name":"Jalan Keluar Terminal Leuwipanjang","styleUrl":"#4816","stroke-opacity":1,"stroke":"#00A64F","stroke-width":4},"id":"4815"},{"type":"Feature","geometry":{"type":"LineString","coordinates":[[107.5756757,-6.930606,0],[107.574376,-6.9310934,0],[107.5740343,-6.9311881,0],[107.5734943,-6.9313232,0],[107.5731126,-6.9313875,0],[107.5724454,-6.9314392,0],[107.5719439,-6.9314645,0]]},"properties":{"name":"Jalan Tol Soreang–Pasirkoja","styleUrl":"#4820","stroke-opacity":1,"stroke":"#00A64F","stroke-width":4},"id":"4819"},{"type":"Feature","geometry":{"type":"LineString","coordinates":[[107.5475305,-6.9426919,0],[107.5473641,-6.9431039,0],[107.5468129,-6.9446442,0],[107.5461515,-6.9465266,0],[107.5457226,-6.947742,0],[107.5451795,-6.9493121,0],[107.543552,-6.9540249,0],[107.543251,-6.9548847,0],[107.5429431,-6.9557781,0],[107.5426795,-6.9566175,0],[107.5425562,-6.9571153,0],[107.5425012,-6.9573164,0],[107.5424556,-6.957544,0],[107.5424127,-6.957761,0],[107.5423819,-6.9580552,0],[107.5423658,-6.9583428,0],[107.5423645,-6.9586582,0],[107.5423819,-6.9589165,0],[107.542398,-6.9591182,0],[107.5424235,-6.9594091,0],[107.5424772,-6.959722,0],[107.5425401,-6.9600174,0],[107.5426018,-6.9602704,0],[107.5426796,-6.9605259,0],[107.5427674,-6.9607529,0]]},"properties":{"name":"Jalan Tol Soreang–Pasirkoja","styleUrl":"#4824","stroke-opacity":1,"stroke":"#00A64F","stroke-width":4},"id":"4823"},{"type":"Feature","geometry":{"type":"LineString","coordinates":[[107.5948299,-6.9373141,0],[107.5948404,-6.9372004,0],[107.5948364,-6.9370866,0],[107.5948276,-6.937023,0],[107.5948141,-6.9369602,0]]},"properties":{"name":"Route Segment","styleUrl":"#4828","stroke-opacity":1,"stroke":"#00A64F","stroke-width":4},"id":"4827"},{"type":"Feature","geometry":{"type":"LineString","coordinates":[[107.5603421,-6.9352541,0],[107.5590371,-6.9358831,0],[107.5578371,-6.9364506,0],[107.5563903,-6.9371305,0]]},"properties":{"name":"Jalan Tol Soreang–Pasirkoja","styleUrl":"#4832","stroke-opacity":1,"stroke":"#00A64F","stroke-width":4},"id":"4831"},{"type":"Feature","geometry":{"type":"LineString","coordinates":[[107.5606578,-6.9351042,0],[107.5603421,-6.9352541,0]]},"properties":{"name":"Jalan Tol Soreang–Pasirkoja","styleUrl":"#4836","stroke-opacity":1,"stroke":"#00A64F","stroke-width":4},"id":"4835"},{"type":"Feature","geometry":{"type":"LineString","coordinates":[[107.5461451,-6.9722592,0],[107.5460511,-6.9727477,0],[107.5459445,-6.9732256,0],[107.5456408,-6.9744144,0],[107.5453431,-6.9756151,0],[107.5452049,-6.9761636,0],[107.5450372,-6.9768557,0],[107.5448656,-6.9774681,0],[107.5446081,-6.978344,0],[107.5444258,-6.9789044,0],[107.5440181,-6.9800345,0],[107.5436988,-6.9808772,0],[107.5434481,-6.981455,0],[107.5431543,-6.9820806,0],[107.5428262,-6.9827735,0],[107.542579,-6.9832667,0],[107.5423296,-6.9837205,0],[107.5420815,-6.9841589,0],[107.5414721,-6.9851835,0],[107.5394307,-6.9884362,0],[107.5386488,-6.9896623,0],[107.5380287,-6.9906345,0],[107.5374735,-6.9915251,0],[107.5370791,-6.9921494,0],[107.536108,-6.9937323,0],[107.5359446,-6.9940476,0],[107.5358011,-6.9943324,0],[107.5355731,-6.9948222,0]]},"properties":{"name":"Jalan Tol Soreang–Pasirkoja","styleUrl":"#4840","stroke-opacity":1,"stroke":"#00A64F","stroke-width":4},"id":"4839"},{"type":"Feature","geometry":{"type":"LineString","coordinates":[[107.5340609,-7.0018713,0],[107.5335574,-7.0052316,0],[107.5333779,-7.0064575,0],[107.5331229,-7.0075476,0],[107.5328073,-7.0085804,0],[107.5325631,-7.0093,0]]},"properties":{"name":"Jalan Tol Soreang–Pasirkoja","styleUrl":"#4844","stroke-opacity":1,"stroke":"#00A64F","stroke-width":4},"id":"4843"},{"type":"Feature","geometry":{"type":"LineString","coordinates":[[107.5341636,-7.0011664,0],[107.5340609,-7.0018713,0]]},"properties":{"name":"Jalan Tol Soreang–Pasirkoja","styleUrl":"#4848","stroke-opacity":1,"stroke":"#00A64F","stroke-width":4},"id":"4847"},{"type":"Feature","geometry":{"type":"LineString","coordinates":[[107.529864,-7.0169822,0],[107.5306229,-7.014649,0],[107.530779,-7.0141857,0]]},"properties":{"name":"Jalan Tol Soreang–Pasir Koja","styleUrl":"#4852","stroke-opacity":1,"stroke":"#00A64F","stroke-width":4},"id":"4851"},{"type":"Feature","geometry":{"type":"LineString","coordinates":[[107.5312306,-7.0132506,0],[107.5309483,-7.0141236,0],[107.5307558,-7.014719,0],[107.5300075,-7.0170395,0]]},"properties":{"name":"Jalan Tol Soreang–Pasir Koja","styleUrl":"#4856","stroke-opacity":1,"stroke":"#00A64F","stroke-width":4},"id":"4855"},{"type":"Feature","geometry":{"type":"LineString","coordinates":[[107.5462858,-6.9707976,0],[107.5462429,-6.9714312,0],[107.5461451,-6.9722592,0]]},"properties":{"name":"Jalan Tol Soreang–Pasirkoja","styleUrl":"#4860","stroke-opacity":1,"stroke":"#00A64F","stroke-width":4},"id":"4859"},{"type":"Feature","geometry":{"type":"LineString","coordinates":[[107.591821,-6.9439456,0],[107.5916379,-6.9438582,0]]},"properties":{"name":"Jalan Keluar Terminal Leuwipanjang","styleUrl":"#4864","stroke-opacity":1,"stroke":"#00A64F","stroke-width":4},"id":"4863"},{"type":"Feature","geometry":{"type":"LineString","coordinates":[[107.5920765,-6.9440744,0],[107.591821,-6.9439456,0]]},"properties":{"name":"Jalan Keluar Terminal Leuwipanjang","styleUrl":"#4868","stroke-opacity":1,"stroke":"#00A64F","stroke-width":4},"id":"4867"},{"type":"Feature","geometry":{"type":"LineString","coordinates":[[107.5528057,-6.9388985,0],[107.5525246,-6.9390356,0],[107.5514907,-6.9395162,0]]},"properties":{"name":"Jalan Tol Soreang–Pasirkoja","styleUrl":"#4872","stroke-opacity":1,"stroke":"#00A64F","stroke-width":4},"id":"4871"},{"type":"Feature","geometry":{"type":"LineString","coordinates":[[107.5503346,-6.9399222,0],[107.5500285,-6.9400589,0],[107.5496906,-6.9402293,0],[107.5492509,-6.9405219,0],[107.5489055,-6.9407973,0],[107.5486466,-6.9410374,0],[107.5484629,-6.9412222,0],[107.5483028,-6.9414119,0],[107.548119,-6.9416397,0],[107.5480252,-6.941774,0],[107.5478328,-6.9420356,0],[107.5476786,-6.9423112,0],[107.5476331,-6.9424293,0],[107.5476138,-6.9424768,0],[107.5475305,-6.9426919,0]]},"properties":{"name":"Jalan Tol Soreang–Pasirkoja","styleUrl":"#4876","stroke-opacity":1,"stroke":"#00A64F","stroke-width":4},"id":"4875"},{"type":"Feature","geometry":{"type":"LineString","coordinates":[[107.5285128,-7.0296962,0],[107.52866,-7.0297325,0],[107.5286733,-7.0297358,0],[107.5293086,-7.0298923,0],[107.5300216,-7.0301113,0],[107.5303098,-7.0301925,0],[107.5306105,-7.0302601,0],[107.5311983,-7.0303797,0],[107.5313917,-7.0304188,0],[107.5314627,-7.0304331,0],[107.532066,-7.0305671,0],[107.5321788,-7.0305988,0],[107.5327467,-7.0308147,0],[107.533164,-7.0309696,0],[107.5334145,-7.0310642,0],[107.5336901,-7.0311543,0],[107.5338637,-7.031211,0],[107.534166,-7.0313098,0],[107.534822,-7.0315241,0],[107.5351954,-7.031635,0],[107.5354296,-7.0316982,0],[107.535563,-7.0317255,0],[107.5357299,-7.0317464,0],[107.5360524,-7.0317808,0],[107.5367573,-7.0318363,0],[107.5368474,-7.0318418,0],[107.5370385,-7.0318537,0],[107.5378656,-7.0319,0],[107.5379691,-7.0319066,0],[107.5382728,-7.0319305,0],[107.5384854,-7.0319472,0],[107.5405641,-7.0321106,0]]},"properties":{"name":"Jalan Raya Soreang - Banjaran","styleUrl":"#4880","stroke-opacity":1,"stroke":"#00A64F","stroke-width":4},"id":"4879"},{"type":"Feature","geometry":{"type":"LineString","coordinates":[[107.5300075,-7.0170395,0],[107.529864,-7.0169822,0]]},"properties":{"name":"Route Segment","styleUrl":"#4884","stroke-opacity":1,"stroke":"#00A64F","stroke-width":4},"id":"4883"},{"type":"Feature","geometry":{"type":"LineString","coordinates":[[107.5331372,-7.014147,0],[107.5330062,-7.0140699,0],[107.5320715,-7.0134656,0],[107.5315075,-7.0130986,0],[107.5314157,-7.013074,0],[107.5313356,-7.013113,0],[107.5312306,-7.0132506,0]]},"properties":{"name":"Route Segment","styleUrl":"#4888","stroke-opacity":1,"stroke":"#00A64F","stroke-width":4},"id":"4887"},{"type":"Feature","geometry":{"type":"LineString","coordinates":[[107.5355731,-6.9948222,0],[107.535482,-6.9950632,0]]},"properties":{"name":"Jalan Tol Soreang–Pasirkoja","styleUrl":"#4892","stroke-opacity":1,"stroke":"#00A64F","stroke-width":4},"id":"4891"},{"type":"Feature","geometry":{"type":"LineString","coordinates":[[107.535482,-6.9950632,0],[107.5351592,-6.9959437,0],[107.5348717,-6.9968744,0]]},"properties":{"name":"Jalan Tol Soreang–Pasirkoja","styleUrl":"#4896","stroke-opacity":1,"stroke":"#00A64F","stroke-width":4},"id":"4895"},{"type":"Feature","geometry":{"type":"LineString","coordinates":[[107.529373,-7.021029,0],[107.5296481,-7.021692,0],[107.5297015,-7.0218228,0],[107.5299825,-7.0225197,0],[107.5302928,-7.0232792,0]]},"properties":{"name":"Jalan Al-Fathu","styleUrl":"#4900","stroke-opacity":1,"stroke":"#00A64F","stroke-width":4},"id":"4899"},{"type":"Feature","geometry":{"type":"LineString","coordinates":[[107.5710193,-6.9316559,0],[107.5707404,-6.9316796,0],[107.5702729,-6.9316724,0],[107.56991,-6.9316424,0]]},"properties":{"name":"Jalan Tol Soreang–Pasirkoja","styleUrl":"#4904","stroke-opacity":1,"stroke":"#00A64F","stroke-width":4},"id":"4903"},{"type":"Feature","geometry":{"type":"LineString","coordinates":[[107.56991,-6.9316424,0],[107.5697154,-6.9316078,0],[107.5694977,-6.9315813,0],[107.5692329,-6.9315587,0],[107.5690162,-6.931555,0],[107.5687225,-6.9315744,0]]},"properties":{"name":"Jalan Tol Soreang–Pasirkoja","styleUrl":"#4908","stroke-opacity":1,"stroke":"#00A64F","stroke-width":4},"id":"4907"},{"type":"Feature","geometry":{"type":"LineString","coordinates":[[107.5348001,-6.997157,0],[107.5346812,-6.997763,0],[107.5341948,-7.0009457,0],[107.5341636,-7.0011664,0]]},"properties":{"name":"Jalan Tol Soreang–Pasirkoja","styleUrl":"#4912","stroke-opacity":1,"stroke":"#00A64F","stroke-width":4},"id":"4911"},{"type":"Feature","geometry":{"type":"LineString","coordinates":[[107.5348717,-6.9968744,0],[107.5348652,-6.9969019,0],[107.5348001,-6.997157,0]]},"properties":{"name":"Jalan Tol Soreang–Pasirkoja","styleUrl":"#4916","stroke-opacity":1,"stroke":"#00A64F","stroke-width":4},"id":"4915"},{"type":"Feature","geometry":{"type":"LineString","coordinates":[[107.5842232,-6.9273144,0],[107.5840952,-6.927361,0]]},"properties":{"name":"Jalan Pasir Koja","styleUrl":"#4920","stroke-opacity":1,"stroke":"#00A64F","stroke-width":4},"id":"4919"},{"type":"Feature","geometry":{"type":"LineString","coordinates":[[107.5852085,-6.9269571,0],[107.5849563,-6.9270511,0],[107.584617,-6.9271777,0],[107.5842232,-6.9273144,0]]},"properties":{"name":"Jalan Pasir Koja","styleUrl":"#4924","stroke-opacity":1,"stroke":"#00A64F","stroke-width":4},"id":"4923"},{"type":"Feature","geometry":{"type":"LineString","coordinates":[[107.5819475,-6.9282057,0],[107.5816898,-6.9282976,0]]},"properties":{"name":"Jalan Pasir Koja","styleUrl":"#4928","stroke-opacity":1,"stroke":"#00A64F","stroke-width":4},"id":"4927"},{"type":"Feature","geometry":{"type":"LineString","coordinates":[[107.5840952,-6.927361,0],[107.5837804,-6.9274848,0],[107.5828888,-6.9278355,0],[107.5821832,-6.928113,0],[107.5819475,-6.9282057,0]]},"properties":{"name":"Jalan Pasir Koja","styleUrl":"#4932","stroke-opacity":1,"stroke":"#00A64F","stroke-width":4},"id":"4931"},{"type":"Feature","geometry":{"type":"LineString","coordinates":[[107.5948141,-6.9369602,0],[107.5943039,-6.9366433,0],[107.5941,-6.9365167,0]]},"properties":{"name":"Jalan Peta","styleUrl":"#4936","stroke-opacity":1,"stroke":"#00A64F","stroke-width":4},"id":"4935"},{"type":"Feature","geometry":{"type":"LineString","coordinates":[[107.540107,-7.0200579,0],[107.5398293,-7.0196986,0]]},"properties":{"name":"Route Segment","styleUrl":"#4940","stroke-opacity":1,"stroke":"#00A64F","stroke-width":4},"id":"4939"},{"type":"Feature","geometry":{"type":"LineString","coordinates":[[107.5402239,-7.0202089,0],[107.540107,-7.0200579,0]]},"properties":{"name":"Route Segment","styleUrl":"#4944","stroke-opacity":1,"stroke":"#00A64F","stroke-width":4},"id":"4943"},{"type":"Feature","geometry":{"type":"LineString","coordinates":[[107.5427674,-6.9607529,0],[107.5430109,-6.9613207,0]]},"properties":{"name":"Jalan Tol Soreang–Pasirkoja","styleUrl":"#4948","stroke-opacity":1,"stroke":"#00A64F","stroke-width":4},"id":"4947"},{"type":"Feature","geometry":{"type":"LineString","coordinates":[[107.5430109,-6.9613207,0],[107.5431182,-6.961527,0],[107.5439991,-6.9631445,0],[107.5442219,-6.9635531,0],[107.5444834,-6.9640018,0],[107.5446618,-6.9643186,0],[107.5447918,-6.964567,0],[107.5452341,-6.9654715,0],[107.5453244,-6.9656654,0],[107.5454374,-6.9659251,0],[107.5455183,-6.9661251,0],[107.5456674,-6.9665325,0],[107.5458204,-6.9670238,0],[107.5459776,-6.9676628,0],[107.5461303,-6.9683481,0],[107.5462214,-6.9689073,0],[107.5462723,-6.9694331,0],[107.5462845,-6.9698511,0],[107.5462952,-6.9702198,0],[107.5462858,-6.9707976,0]]},"properties":{"name":"Jalan Tol Soreang–Pasirkoja","styleUrl":"#4952","stroke-opacity":1,"stroke":"#00A64F","stroke-width":4},"id":"4951"},{"type":"Feature","geometry":{"type":"LineString","coordinates":[[107.5397853,-7.0196465,0],[107.5396136,-7.0194314,0],[107.5385647,-7.0180242,0],[107.5378463,-7.0171142,0],[107.5374692,-7.0166366,0],[107.5368846,-7.0159469,0],[107.5368461,-7.0159149,0],[107.536794,-7.0158645,0],[107.536634,-7.0157201,0],[107.5365507,-7.0156508,0],[107.5363928,-7.0155285,0],[107.5363125,-7.0154748,0],[107.5360944,-7.0153288,0],[107.535595,-7.015081,0],[107.535563,-7.0150715,0],[107.5355202,-7.0150602,0],[107.5346895,-7.0147546,0],[107.5346499,-7.014742,0],[107.534612,-7.0147302,0],[107.5342462,-7.0146628,0],[107.5341816,-7.0146588,0],[107.5341157,-7.0146487,0],[107.5340411,-7.0146336,0],[107.5339854,-7.0146118,0],[107.5332882,-7.0142299,0],[107.5331372,-7.014147,0]]},"properties":{"name":"Route Segment","styleUrl":"#4956","stroke-opacity":1,"stroke":"#00A64F","stroke-width":4},"id":"4955"},{"type":"Feature","geometry":{"type":"LineString","coordinates":[[107.5514907,-6.9395162,0],[107.5503346,-6.9399222,0]]},"properties":{"name":"Jalan Tol Soreang–Pasirkoja","styleUrl":"#4960","stroke-opacity":1,"stroke":"#00A64F","stroke-width":4},"id":"4959"},{"type":"Feature","geometry":{"type":"LineString","coordinates":[[107.5405641,-7.0321106,0],[107.540692,-7.032053,0],[107.5407453,-7.032019,0],[107.5407915,-7.0319761,0],[107.540859,-7.0319143,0]]},"properties":{"name":"Route Segment","styleUrl":"#4964","stroke-opacity":1,"stroke":"#00A64F","stroke-width":4},"id":"4963"},{"type":"Feature","geometry":{"type":"LineString","coordinates":[[107.5530673,-6.9387634,0],[107.5528057,-6.9388985,0]]},"properties":{"name":"Jalan Tol Soreang–Pasirkoja","styleUrl":"#4968","stroke-opacity":1,"stroke":"#00A64F","stroke-width":4},"id":"4967"},{"type":"Feature","geometry":{"type":"LineString","coordinates":[[107.5322717,-7.010177,0],[107.5319815,-7.0110883,0],[107.5313629,-7.0128309,0]]},"properties":{"name":"Jalan Tol Soreang–Pasirkoja","styleUrl":"#4972","stroke-opacity":1,"stroke":"#00A64F","stroke-width":4},"id":"4971"},{"type":"Feature","geometry":{"type":"LineString","coordinates":[[107.5290433,-7.020223,0],[107.5292319,-7.0206847,0],[107.5292915,-7.0208307,0],[107.529373,-7.021029,0]]},"properties":{"name":"Jalan Al-Fathu","styleUrl":"#4976","stroke-opacity":1,"stroke":"#00A64F","stroke-width":4},"id":"4975"},{"type":"Feature","geometry":{"type":"LineString","coordinates":[[107.5870069,-6.9287166,0],[107.5864622,-6.9279839,0],[107.5857883,-6.9271971,0],[107.5856065,-6.9269668,0],[107.5855099,-6.9268473,0]]},"properties":{"name":"Jalan Peta","styleUrl":"#4980","stroke-opacity":1,"stroke":"#00A64F","stroke-width":4},"id":"4979"},{"type":"Feature","geometry":{"type":"LineString","coordinates":[[107.5302928,-7.0232792,0],[107.5303256,-7.0233668,0],[107.5303409,-7.0234041,0],[107.5304597,-7.0236932,0],[107.5304761,-7.0237329,0],[107.5304833,-7.0237506,0],[107.5305458,-7.0239026,0]]},"properties":{"name":"Jalan Al-Fathu","styleUrl":"#4984","stroke-opacity":1,"stroke":"#00A64F","stroke-width":4},"id":"4983"},{"type":"Feature","geometry":{"type":"LineString","coordinates":[[107.5719439,-6.9314645,0],[107.5715777,-6.9315085,0],[107.5710193,-6.9316559,0]]},"properties":{"name":"Jalan Tol Soreang–Pasirkoja","styleUrl":"#4988","stroke-opacity":1,"stroke":"#00A64F","stroke-width":4},"id":"4987"},{"type":"Feature","geometry":{"type":"LineString","coordinates":[[107.5398293,-7.0196986,0],[107.5397853,-7.0196465,0]]},"properties":{"name":"Route Segment","styleUrl":"#4992","stroke-opacity":1,"stroke":"#00A64F","stroke-width":4},"id":"4991"},{"type":"Feature","geometry":{"type":"LineString","coordinates":[[107.5290841,-7.0197549,0],[107.5290477,-7.0199184,0],[107.529038,-7.0199871,0],[107.5290332,-7.020059,0],[107.5290433,-7.020223,0]]},"properties":{"name":"Route Segment","styleUrl":"#4996","stroke-opacity":1,"stroke":"#00A64F","stroke-width":4},"id":"4995"},{"type":"Feature","geometry":{"type":"LineString","coordinates":[[107.5325631,-7.0093,0],[107.5322717,-7.010177,0]]},"properties":{"name":"Jalan Tol Soreang–Pasirkoja","styleUrl":"#5000","stroke-opacity":1,"stroke":"#00A64F","stroke-width":4},"id":"4999"},{"type":"Feature","geometry":{"type":"LineString","coordinates":[[107.5855099,-6.9268473,0],[107.5852085,-6.9269571,0]]},"properties":{"name":"Jalan Pasir Koja","styleUrl":"#5004","stroke-opacity":1,"stroke":"#00A64F","stroke-width":4},"id":"5003"},{"type":"Feature","geometry":{"type":"LineString","coordinates":[[107.5930399,-6.9457531,0],[107.592993,-6.9456782,0],[107.5929837,-6.9456634,0],[107.5929519,-6.9455681,0],[107.5929354,-6.9455213,0],[107.592865,-6.9452968,0],[107.5928485,-6.9452341,0],[107.5928394,-6.9450646,0]]},"properties":{"name":"Jalur Bus Kota","styleUrl":"#5008","stroke-opacity":1,"stroke":"#00A64F","stroke-width":4},"id":"5007"},{"type":"Feature","geometry":{"type":"LineString","coordinates":[[107.58773,-6.9298868,0],[107.5876706,-6.9297926,0],[107.5876218,-6.9297152,0],[107.5873584,-6.9292693,0],[107.5873385,-6.9292381,0],[107.5872624,-6.9291184,0],[107.5870069,-6.9287166,0]]},"properties":{"name":"Jalan Peta","styleUrl":"#5012","stroke-opacity":1,"stroke":"#00A64F","stroke-width":4},"id":"5011"},{"type":"Feature","geometry":{"type":"LineString","coordinates":[[107.5783628,-6.9295826,0],[107.5777554,-6.9298172,0],[107.5775658,-6.9298904,0],[107.5774475,-6.9299361,0],[107.5763738,-6.9303407,0]]},"properties":{"name":"Jalan Pasir Koja","styleUrl":"#5016","stroke-opacity":1,"stroke":"#00A64F","stroke-width":4},"id":"5015"},{"type":"Feature","geometry":{"type":"LineString","coordinates":[[107.5759595,-6.9304856,0],[107.5756757,-6.930606,0]]},"properties":{"name":"Jalan Tol Soreang–Pasirkoja","styleUrl":"#5020","stroke-opacity":1,"stroke":"#00A64F","stroke-width":4},"id":"5019"},{"type":"Feature","geometry":{"type":"LineString","coordinates":[[107.5932425,-6.9458452,0],[107.5932007,-6.9458395,0],[107.5931256,-6.9458263,0],[107.5930758,-6.9458011,0],[107.5930399,-6.9457531,0]]},"properties":{"name":"Jalur Bus Kota","styleUrl":"#5024","stroke-opacity":1,"stroke":"#00A64F","stroke-width":4},"id":"5023"},{"type":"Feature","geometry":{"type":"LineString","coordinates":[[107.5928394,-6.9450646,0],[107.5928649,-6.9448811,0]]},"properties":{"name":"Jalur Bus Kota","styleUrl":"#5028","stroke-opacity":1,"stroke":"#00A64F","stroke-width":4},"id":"5027"},{"type":"Feature","geometry":{"type":"LineString","coordinates":[[107.5916379,-6.9438582,0],[107.5910845,-6.9435862,0],[107.5910269,-6.9435481,0]]},"properties":{"name":"Jalan Keluar Terminal Leuwipanjang","styleUrl":"#5032","stroke-opacity":1,"stroke":"#00A64F","stroke-width":4},"id":"5031"},{"type":"Feature","geometry":{"type":"LineString","coordinates":[[107.5402532,-7.0202552,0],[107.5402239,-7.0202089,0]]},"properties":{"name":"Route Segment","styleUrl":"#5036","stroke-opacity":1,"stroke":"#00A64F","stroke-width":4},"id":"5035"},{"type":"Feature","geometry":{"type":"LineString","coordinates":[[107.5313629,-7.0128309,0],[107.5313243,-7.0129455,0],[107.5312306,-7.0132506,0]]},"properties":{"name":"Jalan Tol Soreang–Pasir Koja","styleUrl":"#5040","stroke-opacity":1,"stroke":"#00A64F","stroke-width":4},"id":"5039"},{"type":"Feature","geometry":{"type":"LineString","coordinates":[[107.5300075,-7.0170395,0],[107.5293947,-7.0188618,0],[107.5291163,-7.0196757,0],[107.5290841,-7.0197549,0]]},"properties":{"name":"Jalan Tol Soreang–Pasir Koja","styleUrl":"#5044","stroke-opacity":1,"stroke":"#00A64F","stroke-width":4},"id":"5043"},{"type":"Feature","geometry":{"type":"LineString","coordinates":[[107.540859,-7.0319143,0],[107.540871,-7.0318694,0],[107.5408746,-7.0318558,0],[107.5409402,-7.0315904,0],[107.5410099,-7.0313548,0],[107.5412032,-7.0307741,0]]},"properties":{"name":"Route Segment","styleUrl":"#5048","stroke-opacity":1,"stroke":"#00A64F","stroke-width":4},"id":"5047"},{"type":"Feature","geometry":{"type":"LineString","coordinates":[[107.5305458,-7.0239026,0],[107.5305806,-7.0239887,0]]},"properties":{"name":"Route Segment","styleUrl":"#5052","stroke-opacity":1,"stroke":"#00A64F","stroke-width":4},"id":"5051"},{"type":"Feature","geometry":{"type":"Point","coordinates":[107.6044519,-6.9164303,0]},"properties":{"name":"Pasar Baru","styleUrl":"#8292","icon-scale":1,"icon":"http://maps.google.com/mapfiles/kml/pushpin/ylw-pushpin.png"},"id":"8291"},{"type":"Feature","geometry":{"type":"Point","coordinates":[107.6106299,-6.9065922,0]},"properties":{"name":"The-One-O-One B","styleUrl":"#8297","icon-scale":1,"icon":"http://maps.google.com/mapfiles/kml/pushpin/ylw-pushpin.png"},"id":"8296"},{"type":"Feature","geometry":{"type":"Point","coordinates":[107.6128497,-6.897514,0]},"properties":{"name":"Kartikasari B","styleUrl":"#8302","icon-scale":1,"icon":"http://maps.google.com/mapfiles/kml/pushpin/ylw-pushpin.png"},"id":"8301"},{"type":"Feature","geometry":{"type":"Point","coordinates":[107.6116031,-6.902518,0]},"properties":{"name":"Taman Radio B","styleUrl":"#8307","icon-scale":1,"icon":"http://maps.google.com/mapfiles/kml/pushpin/ylw-pushpin.png"},"id":"8306"},{"type":"Feature","geometry":{"type":"Point","coordinates":[107.6040142,-6.9219758,0]},"properties":{"name":"Dalem Kaum","styleUrl":"#8312","icon-scale":1,"icon":"http://maps.google.com/mapfiles/kml/pushpin/ylw-pushpin.png"},"id":"8311"},{"type":"Feature","geometry":{"type":"Point","coordinates":[107.6055097,-6.9375586,0]},"properties":{"name":"Simpang Mohamad Toha Biddokkes","styleUrl":"#8317","icon-scale":1,"icon":"http://maps.google.com/mapfiles/kml/pushpin/ylw-pushpin.png"},"id":"8316"},{"type":"Feature","geometry":{"type":"Point","coordinates":[107.6134343,-6.8948051,0]},"properties":{"name":"Rumah Sakit Santo Borromeus B","styleUrl":"#8322","icon-scale":1,"icon":"http://maps.google.com/mapfiles/kml/pushpin/ylw-pushpin.png"},"id":"8321"},{"type":"Feature","geometry":{"type":"Point","coordinates":[107.6177764,-6.8923055,0]},"properties":{"name":"UNPAD Dipatiukur (4D)","styleUrl":"#8327","icon-scale":1,"icon":"http://maps.google.com/mapfiles/kml/pushpin/ylw-pushpin.png"},"id":"8326"},{"type":"Feature","geometry":{"type":"Point","coordinates":[107.608993,-6.9145426,0]},"properties":{"name":"Bank Indonesia","styleUrl":"#8332","icon-scale":1,"icon":"http://maps.google.com/mapfiles/kml/pushpin/ylw-pushpin.png"},"id":"8331"},{"type":"Feature","geometry":{"type":"Point","coordinates":[107.610623,-6.9088887,0]},"properties":{"name":"Bandung Indah Plaza","styleUrl":"#8337","icon-scale":1,"icon":"http://maps.google.com/mapfiles/kml/pushpin/ylw-pushpin.png"},"id":"8336"},{"type":"Feature","geometry":{"type":"Point","coordinates":[107.6104548,-6.9125343,0]},"properties":{"name":"Merdeka","styleUrl":"#8342","icon-scale":1,"icon":"http://maps.google.com/mapfiles/kml/pushpin/ylw-pushpin.png"},"id":"8341"},{"type":"Feature","geometry":{"type":"Point","coordinates":[107.6039218,-6.9314959,0]},"properties":{"name":"Jalan Ibu Inggit Garnasih","styleUrl":"#8347","icon-scale":1,"icon":"http://maps.google.com/mapfiles/kml/pushpin/ylw-pushpin.png"},"id":"8346"},{"type":"Feature","geometry":{"type":"Point","coordinates":[107.6062604,-6.9368241,0]},"properties":{"name":"Pasar Tegalega","styleUrl":"#8352","icon-scale":1,"icon":"http://maps.google.com/mapfiles/kml/pushpin/ylw-pushpin.png"},"id":"8351"},{"type":"Feature","geometry":{"type":"Point","coordinates":[107.5955421,-6.9372977,0]},"properties":{"name":"Rumah Sakit Immanuel B","styleUrl":"#8357","icon-scale":1,"icon":"http://maps.google.com/mapfiles/kml/pushpin/ylw-pushpin.png"},"id":"8356"},{"type":"Feature","geometry":{"type":"Point","coordinates":[107.5932469,-6.9458124,0]},"properties":{"name":"Terminal Leuwipanjang","styleUrl":"#8362","icon-scale":1,"icon":"http://maps.google.com/mapfiles/kml/pushpin/ylw-pushpin.png"},"id":"8361"},{"type":"Feature","geometry":{"type":"LineString","coordinates":[[107.6106152,-6.9069907,0],[107.6106072,-6.9071903,0],[107.6106086,-6.907565,0],[107.6106156,-6.9082067,0],[107.6106182,-6.908451,0],[107.6106227,-6.9088624,0],[107.610623,-6.9088887,0],[107.6106269,-6.9091029,0],[107.6106394,-6.909643,0],[107.6106402,-6.9096655,0],[107.6106425,-6.9097963,0]]},"properties":{"name":"Jalan Merdeka","styleUrl":"#8367","stroke-opacity":1,"stroke":"#2E3192","stroke-width":4},"id":"8366"},{"type":"Feature","geometry":{"type":"LineString","coordinates":[[107.6040992,-6.9208034,0],[107.6040892,-6.9209261,0],[107.6040142,-6.9219758,0],[107.6040087,-6.9220583,0],[107.6039434,-6.9230192,0],[107.6039369,-6.9231152,0]]},"properties":{"name":"Jalan Otto Iskandardinata","styleUrl":"#8371","stroke-opacity":1,"stroke":"#2E3192","stroke-width":4},"id":"8370"},{"type":"Feature","geometry":{"type":"LineString","coordinates":[[107.6090123,-6.9139197,0],[107.6090098,-6.9140203,0],[107.6090062,-6.9141638,0],[107.6089951,-6.9144714,0],[107.608993,-6.9145426,0],[107.6089869,-6.9147562,0],[107.6089856,-6.9148401,0],[107.608978,-6.9151089,0],[107.6089778,-6.9151148,0],[107.6089766,-6.9151405,0],[107.6089755,-6.9151645,0],[107.6089744,-6.91522,0]]},"properties":{"name":"Jalan Braga","styleUrl":"#8375","stroke-opacity":1,"stroke":"#2E3192","stroke-width":4},"id":"8374"},{"type":"Feature","geometry":{"type":"LineString","coordinates":[[107.612608,-6.9002447,0],[107.6125533,-6.9003606,0],[107.6125155,-6.9004335,0],[107.6122888,-6.9008712,0],[107.6121775,-6.9011132,0],[107.612171,-6.9011276,0],[107.6121476,-6.9011798,0],[107.6120722,-6.9013547,0],[107.6120001,-6.9015424,0],[107.6118836,-6.9018143,0],[107.6118687,-6.9018492,0],[107.6118167,-6.9019706,0],[107.6116401,-6.9024166,0],[107.6116031,-6.902518,0],[107.6114717,-6.9028571,0]]},"properties":{"name":"Jalan Ir. H. Djuanda","styleUrl":"#8379","stroke-opacity":1,"stroke":"#2E3192","stroke-width":4},"id":"8378"},{"type":"Feature","geometry":{"type":"LineString","coordinates":[[107.6174318,-6.8947388,0],[107.6166325,-6.894853,0],[107.6160516,-6.8948686,0],[107.6157544,-6.8948594,0],[107.6154198,-6.8948516,0],[107.6153201,-6.8948492,0],[107.6149218,-6.8948399,0]]},"properties":{"name":"Jalan Hasanudin","styleUrl":"#8383","stroke-opacity":1,"stroke":"#2E3192","stroke-width":4},"id":"8382"},{"type":"Feature","geometry":{"type":"LineString","coordinates":[[107.6179955,-6.8925877,0],[107.6180071,-6.8928368,0],[107.6180341,-6.8934132,0],[107.6180361,-6.8934568,0]]},"properties":{"name":"Jalan Dipatiukur","styleUrl":"#8387","stroke-opacity":1,"stroke":"#2E3192","stroke-width":4},"id":"8386"},{"type":"Feature","geometry":{"type":"LineString","coordinates":[[107.6045054,-6.9158364,0],[107.6044945,-6.9159639,0],[107.6044519,-6.9164303,0],[107.6044104,-6.9168859,0],[107.6043912,-6.9170712,0],[107.6043506,-6.917436,0]]},"properties":{"name":"Jalan Otto Iskandardinata","styleUrl":"#8391","stroke-opacity":1,"stroke":"#2E3192","stroke-width":4},"id":"8390"},{"type":"Feature","geometry":{"type":"LineString","coordinates":[[107.6062529,-6.9369183,0],[107.6062604,-6.9368241,0],[107.6062815,-6.9365596,0],[107.6062864,-6.9364942,0],[107.6062951,-6.936362,0],[107.6063018,-6.9362741,0],[107.6063213,-6.9360167,0],[107.6064216,-6.9346941,0],[107.6064347,-6.9345209,0],[107.6064644,-6.934149,0],[107.6064804,-6.9339369,0],[107.6065192,-6.9332778,0],[107.6065207,-6.9332521,0],[107.6065399,-6.9330001,0],[107.6065556,-6.9327947,0],[107.6066275,-6.9318519,0]]},"properties":{"name":"Jalan Mohammad Toha","styleUrl":"#8395","stroke-opacity":1,"stroke":"#2E3192","stroke-width":4},"id":"8394"},{"type":"Feature","geometry":{"type":"LineString","coordinates":[[107.6103417,-6.9136128,0],[107.6100125,-6.9139146,0],[107.6099856,-6.9139284,0],[107.6099494,-6.9139376,0],[107.6098993,-6.9139397,0],[107.6098166,-6.913931,0],[107.6091994,-6.9138624,0],[107.6090819,-6.9138528,0]]},"properties":{"name":"Jalan Perintis Kemerdekaan","styleUrl":"#8399","stroke-opacity":1,"stroke":"#2E3192","stroke-width":4},"id":"8398"},{"type":"Feature","geometry":{"type":"LineString","coordinates":[[107.5899199,-6.9452949,0],[107.5899683,-6.9452286,0],[107.5900352,-6.9451237,0],[107.5901553,-6.9449353,0],[107.5903058,-6.9446993,0],[107.5904884,-6.944413,0],[107.5905391,-6.9443334,0],[107.5905904,-6.944253,0],[107.590768,-6.9439758,0],[107.5908061,-6.9439147,0],[107.5908631,-6.9438253,0],[107.5910269,-6.9435481,0]]},"properties":{"name":"Jalan Kyai Haji Wahid Hasyim","styleUrl":"#8403","stroke-opacity":1,"stroke":"#2E3192","stroke-width":4},"id":"8402"},{"type":"Feature","geometry":{"type":"LineString","coordinates":[[107.6180383,-6.8938553,0],[107.6179971,-6.8939395,0],[107.6178302,-6.8942182,0],[107.6177817,-6.8942718,0],[107.6176835,-6.8943336,0]]},"properties":{"name":"Jalan Dipatiukur","styleUrl":"#8407","stroke-opacity":1,"stroke":"#2E3192","stroke-width":4},"id":"8406"},{"type":"Feature","geometry":{"type":"LineString","coordinates":[[107.6088792,-6.9162786,0],[107.6088195,-6.9162932,0],[107.6088005,-6.9162985,0],[107.6084574,-6.9162802,0],[107.6083121,-6.9162616,0],[107.6081984,-6.9162248,0],[107.6080859,-6.9161743,0],[107.6079612,-6.9161053,0]]},"properties":{"name":"Jalan Suniaraja","styleUrl":"#8411","stroke-opacity":1,"stroke":"#2E3192","stroke-width":4},"id":"8410"},{"type":"Feature","geometry":{"type":"LineString","coordinates":[[107.6106097,-6.9099691,0],[107.6106105,-6.9099991,0],[107.6106114,-6.9100253,0],[107.6106101,-6.9103764,0],[107.6105511,-6.9114294,0],[107.6105187,-6.9118534,0],[107.6104548,-6.9125343,0],[107.6104331,-6.9127657,0],[107.6103417,-6.9136128,0]]},"properties":{"name":"Jalan Merdeka","styleUrl":"#8415","stroke-opacity":1,"stroke":"#2E3192","stroke-width":4},"id":"8414"},{"type":"Feature","geometry":{"type":"LineString","coordinates":[[107.6054273,-6.9316877,0],[107.6059933,-6.9317677,0],[107.6060299,-6.931773,0],[107.6064553,-6.931835,0],[107.6066275,-6.9318519,0]]},"properties":{"name":"Jalan Ibu Inggit Ganarsih","styleUrl":"#8419","stroke-opacity":1,"stroke":"#2E3192","stroke-width":4},"id":"8418"},{"type":"Feature","geometry":{"type":"LineString","coordinates":[[107.6038724,-6.923931,0],[107.6038504,-6.9245193,0],[107.6037853,-6.9255254,0],[107.6037807,-6.9256072,0],[107.6036969,-6.9271072,0],[107.6036918,-6.9271992,0]]},"properties":{"name":"Jalan Otto Iskandardinata","styleUrl":"#8423","stroke-opacity":1,"stroke":"#2E3192","stroke-width":4},"id":"8422"},{"type":"Feature","geometry":{"type":"LineString","coordinates":[[107.6036918,-6.9271992,0],[107.6036329,-6.9280445,0],[107.6035987,-6.9285343,0],[107.6035279,-6.9295503,0],[107.6035002,-6.9299478,0],[107.6034837,-6.930184,0],[107.6034762,-6.930325,0],[107.6034705,-6.9303736,0],[107.6034661,-6.9304369,0],[107.6034038,-6.9313301,0],[107.603397,-6.9314278,0]]},"properties":{"name":"Jalan Otto Iskandardinata","styleUrl":"#8427","stroke-opacity":1,"stroke":"#2E3192","stroke-width":4},"id":"8426"},{"type":"Feature","geometry":{"type":"LineString","coordinates":[[107.6040032,-6.9315065,0],[107.6041575,-6.931522,0],[107.6054273,-6.9316877,0]]},"properties":{"name":"Jalan Ibu Inggit Ganarsih","styleUrl":"#8431","stroke-opacity":1,"stroke":"#2E3192","stroke-width":4},"id":"8430"},{"type":"Feature","geometry":{"type":"LineString","coordinates":[[107.6039369,-6.9231152,0],[107.6039303,-6.9231867,0]]},"properties":{"name":"Jalan Otto Iskandardinata","styleUrl":"#8435","stroke-opacity":1,"stroke":"#2E3192","stroke-width":4},"id":"8434"},{"type":"Feature","geometry":{"type":"LineString","coordinates":[[107.5905372,-6.9458885,0],[107.5906174,-6.9459184,0],[107.5908186,-6.9459976,0],[107.5909454,-6.9460471,0],[107.5912869,-6.9461769,0],[107.5915135,-6.946263,0],[107.5919633,-6.946418,0],[107.5920057,-6.9464327,0]]},"properties":{"name":"Jalan Soekarno-Hatta","styleUrl":"#8439","stroke-opacity":1,"stroke":"#2E3192","stroke-width":4},"id":"8438"},{"type":"Feature","geometry":{"type":"LineString","coordinates":[[107.6061633,-6.9376173,0],[107.6060883,-6.937611,0],[107.6060359,-6.9376063,0],[107.6059365,-6.9375973,0]]},"properties":{"name":"Jalan Peta","styleUrl":"#8443","stroke-opacity":1,"stroke":"#2E3192","stroke-width":4},"id":"8442"},{"type":"Feature","geometry":{"type":"LineString","coordinates":[[107.6178188,-6.8923923,0],[107.6179955,-6.8925877,0]]},"properties":{"name":"Jalan Dipatiukur","styleUrl":"#8447","stroke-opacity":1,"stroke":"#2E3192","stroke-width":4},"id":"8446"},{"type":"Feature","geometry":{"type":"LineString","coordinates":[[107.613998,-6.8948183,0],[107.6134866,-6.8948063,0],[107.6134343,-6.8948051,0],[107.6133011,-6.8948011,0],[107.6130505,-6.8947991,0],[107.6129884,-6.894795,0]]},"properties":{"name":"Jalan Hasanudin","styleUrl":"#8451","stroke-opacity":1,"stroke":"#2E3192","stroke-width":4},"id":"8450"},{"type":"Feature","geometry":{"type":"LineString","coordinates":[[107.6129884,-6.894795,0],[107.6129816,-6.8949324,0],[107.6129506,-6.8955212,0],[107.6129301,-6.8959096,0],[107.6128583,-6.8972728,0],[107.6128527,-6.8974296,0],[107.6128497,-6.897514,0],[107.6128447,-6.8976528,0],[107.6128328,-6.8979831,0],[107.612814,-6.8984249,0],[107.612813,-6.8984478,0],[107.6128127,-6.8984541,0],[107.6128094,-6.898525,0],[107.6128004,-6.8987219,0]]},"properties":{"name":"Jalan Ir. H. Djuanda","styleUrl":"#8455","stroke-opacity":1,"stroke":"#2E3192","stroke-width":4},"id":"8454"},{"type":"Feature","geometry":{"type":"LineString","coordinates":[[107.6127772,-6.8990757,0],[107.6127758,-6.8991421,0],[107.6127734,-6.8991965,0],[107.6127597,-6.8995115,0],[107.6127453,-6.8998447,0],[107.612733,-6.8999263,0],[107.612698,-6.9000399,0],[107.61268,-6.9000809,0],[107.612608,-6.9002447,0]]},"properties":{"name":"Jalan Ir. H. Djuanda","styleUrl":"#8459","stroke-opacity":1,"stroke":"#2E3192","stroke-width":4},"id":"8458"},{"type":"Feature","geometry":{"type":"LineString","coordinates":[[107.6042904,-6.9182779,0],[107.6042559,-6.9187767,0],[107.6042335,-6.9191016,0],[107.6042248,-6.9192265,0],[107.6042084,-6.9194647,0],[107.6041935,-6.9196695,0],[107.6041829,-6.9198332,0],[107.6041111,-6.9206576,0],[107.6041071,-6.9207069,0],[107.6040992,-6.9208034,0]]},"properties":{"name":"Jalan Otto Iskandardinata","styleUrl":"#8463","stroke-opacity":1,"stroke":"#2E3192","stroke-width":4},"id":"8462"},{"type":"Feature","geometry":{"type":"LineString","coordinates":[[107.5946801,-6.9470993,0],[107.5949015,-6.9470904,0],[107.5949654,-6.9470873,0],[107.5949874,-6.9470844,0],[107.5950189,-6.9470765,0],[107.5950591,-6.9470659,0],[107.5950873,-6.9470551,0],[107.5951121,-6.9470451,0],[107.5951365,-6.9470303,0],[107.5951489,-6.9470195,0],[107.5951597,-6.9470058,0],[107.5951778,-6.9469812,0],[107.5951852,-6.9469692,0],[107.595202,-6.9469407,0],[107.5952184,-6.9469031,0]]},"properties":{"name":"Route Segment","styleUrl":"#8467","stroke-opacity":1,"stroke":"#2E3192","stroke-width":4},"id":"8466"},{"type":"Feature","geometry":{"type":"LineString","coordinates":[[107.5910269,-6.9435481,0],[107.5910603,-6.9434929,0],[107.5910903,-6.9434463,0],[107.5911028,-6.9434233,0],[107.5911203,-6.9433931,0],[107.5912147,-6.9432302,0],[107.591257,-6.9431573,0],[107.5913003,-6.9430856,0],[107.5913435,-6.9430138,0],[107.5914686,-6.9428144,0],[107.5916513,-6.9425217,0],[107.5918451,-6.942203,0],[107.5918647,-6.9421708,0],[107.59192,-6.9420837,0],[107.5920724,-6.9418438,0],[107.5922389,-6.9415903,0],[107.5924641,-6.9412448,0],[107.5930896,-6.9402979,0],[107.59314,-6.9402168,0],[107.5932148,-6.9400962,0],[107.5932356,-6.9400628,0],[107.5933094,-6.939944,0],[107.5934404,-6.9397331,0],[107.5936005,-6.9394752,0],[107.5937688,-6.9391642,0],[107.5939092,-6.9389121,0],[107.5939987,-6.938752,0],[107.5940814,-6.9386042,0],[107.5941015,-6.9385696,0],[107.594148,-6.9384872,0],[107.594204,-6.9383881,0],[107.594524,-6.9378129,0],[107.5945872,-6.9376992,0],[107.5946221,-6.9376377,0],[107.5946542,-6.9375847,0],[107.5948299,-6.9373141,0]]},"properties":{"name":"Jalan Kyai Haji Wahid Hasyim","styleUrl":"#8471","stroke-opacity":1,"stroke":"#2E3192","stroke-width":4},"id":"8470"},{"type":"Feature","geometry":{"type":"LineString","coordinates":[[107.6180361,-6.8934568,0],[107.6180362,-6.8934861,0],[107.6180383,-6.8938553,0]]},"properties":{"name":"Jalan Dipatiukur","styleUrl":"#8475","stroke-opacity":1,"stroke":"#2E3192","stroke-width":4},"id":"8474"},{"type":"Feature","geometry":{"type":"LineString","coordinates":[[107.6061274,-6.9154985,0],[107.6055816,-6.9156321,0],[107.6054049,-6.9156698,0],[107.605226,-6.9157035,0],[107.6046673,-6.9158052,0],[107.6045054,-6.9158364,0]]},"properties":{"name":"Jalan Suniaraja","styleUrl":"#8479","stroke-opacity":1,"stroke":"#2E3192","stroke-width":4},"id":"8478"},{"type":"Feature","geometry":{"type":"LineString","coordinates":[[107.5971376,-6.937801,0],[107.5970548,-6.9377924,0]]},"properties":{"name":"Jalan Peta","styleUrl":"#8483","stroke-opacity":1,"stroke":"#2E3192","stroke-width":4},"id":"8482"},{"type":"Feature","geometry":{"type":"LineString","coordinates":[[107.6030687,-6.9373365,0],[107.6029953,-6.9373294,0]]},"properties":{"name":"Jalan Peta","styleUrl":"#8487","stroke-opacity":1,"stroke":"#2E3192","stroke-width":4},"id":"8486"},{"type":"Feature","geometry":{"type":"LineString","coordinates":[[107.6176835,-6.8943336,0],[107.6175117,-6.8946008,0],[107.6174318,-6.8947388,0]]},"properties":{"name":"Jalan Dipatiukur","styleUrl":"#8491","stroke-opacity":1,"stroke":"#2E3192","stroke-width":4},"id":"8490"},{"type":"Feature","geometry":{"type":"LineString","coordinates":[[107.604469,-6.9374642,0],[107.6043625,-6.9374545,0],[107.6036889,-6.9373934,0],[107.6032992,-6.937358,0],[107.6031703,-6.9373463,0],[107.6030687,-6.9373365,0]]},"properties":{"name":"Jalan Peta","styleUrl":"#8495","stroke-opacity":1,"stroke":"#2E3192","stroke-width":4},"id":"8494"},{"type":"Feature","geometry":{"type":"LineString","coordinates":[[107.6029953,-6.9373294,0],[107.6028855,-6.9373188,0],[107.6028524,-6.937315,0],[107.602016,-6.9372409,0],[107.6019146,-6.9372385,0],[107.601703,-6.9372304,0],[107.6014696,-6.937233,0],[107.6010236,-6.9372742,0],[107.6000125,-6.9374518,0],[107.5999005,-6.9374746,0],[107.5994727,-6.9375618,0]]},"properties":{"name":"Jalan Peta","styleUrl":"#8499","stroke-opacity":1,"stroke":"#2E3192","stroke-width":4},"id":"8498"},{"type":"Feature","geometry":{"type":"LineString","coordinates":[[107.6073065,-6.9155229,0],[107.607104,-6.9154966,0]]},"properties":{"name":"Jalan Suniaraja","styleUrl":"#8503","stroke-opacity":1,"stroke":"#2E3192","stroke-width":4},"id":"8502"},{"type":"Feature","geometry":{"type":"LineString","coordinates":[[107.607104,-6.9154966,0],[107.6069686,-6.9154807,0],[107.6066681,-6.915471,0],[107.6065499,-6.9154703,0]]},"properties":{"name":"Jalan Suniaraja","styleUrl":"#8507","stroke-opacity":1,"stroke":"#2E3192","stroke-width":4},"id":"8506"},{"type":"Feature","geometry":{"type":"LineString","coordinates":[[107.5952296,-6.9371632,0],[107.5951614,-6.9371577,0],[107.5950932,-6.9371631,0],[107.5950268,-6.9371793,0],[107.5949529,-6.9372115,0],[107.5948865,-6.937257,0],[107.5948299,-6.9373141,0]]},"properties":{"name":"Route Segment","styleUrl":"#8511","stroke-opacity":1,"stroke":"#2E3192","stroke-width":4},"id":"8510"},{"type":"Feature","geometry":{"type":"LineString","coordinates":[[107.5994727,-6.9375618,0],[107.5993708,-6.9375805,0]]},"properties":{"name":"Jalan Peta","styleUrl":"#8515","stroke-opacity":1,"stroke":"#2E3192","stroke-width":4},"id":"8514"},{"type":"Feature","geometry":{"type":"LineString","coordinates":[[107.5993708,-6.9375805,0],[107.5988884,-6.9376814,0],[107.5984434,-6.9377562,0],[107.5983423,-6.9377695,0],[107.5980891,-6.9378047,0],[107.5978299,-6.9378174,0],[107.5975831,-6.9378255,0],[107.5972383,-6.9378114,0],[107.5971376,-6.937801,0]]},"properties":{"name":"Jalan Peta","styleUrl":"#8519","stroke-opacity":1,"stroke":"#2E3192","stroke-width":4},"id":"8518"},{"type":"Feature","geometry":{"type":"LineString","coordinates":[[107.6062346,-6.9375336,0],[107.606228,-6.9376212,0]]},"properties":{"name":"Jalan Mohammad Toha","styleUrl":"#8523","stroke-opacity":1,"stroke":"#2E3192","stroke-width":4},"id":"8522"},{"type":"Feature","geometry":{"type":"LineString","coordinates":[[107.6128004,-6.8987219,0],[107.6127945,-6.8988445,0]]},"properties":{"name":"Jalan Ir. H. Djuanda","styleUrl":"#8527","stroke-opacity":1,"stroke":"#2E3192","stroke-width":4},"id":"8526"},{"type":"Feature","geometry":{"type":"LineString","coordinates":[[107.6127945,-6.8988445,0],[107.6127772,-6.8990757,0]]},"properties":{"name":"Jalan Ir. H. Djuanda","styleUrl":"#8531","stroke-opacity":1,"stroke":"#2E3192","stroke-width":4},"id":"8530"},{"type":"Feature","geometry":{"type":"LineString","coordinates":[[107.5970548,-6.9377924,0],[107.5970082,-6.9377848,0],[107.5966811,-6.9377315,0],[107.5963307,-6.9376489,0],[107.5961367,-6.9375778,0],[107.5959549,-6.937498,0],[107.5955421,-6.9372977,0],[107.5954936,-6.9372742,0]]},"properties":{"name":"Jalan Peta","styleUrl":"#8535","stroke-opacity":1,"stroke":"#2E3192","stroke-width":4},"id":"8534"},{"type":"Feature","geometry":{"type":"LineString","coordinates":[[107.6065499,-6.9154703,0],[107.6063683,-6.9154661,0],[107.6061274,-6.9154985,0]]},"properties":{"name":"Jalan Suniaraja","styleUrl":"#8539","stroke-opacity":1,"stroke":"#2E3192","stroke-width":4},"id":"8538"},{"type":"Feature","geometry":{"type":"LineString","coordinates":[[107.603397,-6.9314278,0],[107.603453,-6.9314349,0],[107.6039218,-6.9314959,0],[107.6040032,-6.9315065,0]]},"properties":{"name":"Jalan Ibu Inggit Ganarsih","styleUrl":"#8543","stroke-opacity":1,"stroke":"#2E3192","stroke-width":4},"id":"8542"},{"type":"Feature","geometry":{"type":"LineString","coordinates":[[107.606251,-6.9371233,0],[107.606247,-6.9372812,0],[107.6062389,-6.9374421,0],[107.6062346,-6.9375336,0]]},"properties":{"name":"Jalan Mohammad Toha","styleUrl":"#8547","stroke-opacity":1,"stroke":"#2E3192","stroke-width":4},"id":"8546"},{"type":"Feature","geometry":{"type":"LineString","coordinates":[[107.6106294,-6.9054999,0],[107.610631,-6.905856,0],[107.6106299,-6.9065922,0],[107.6106282,-6.9067845,0]]},"properties":{"name":"Jalan Ir. H. Djuanda","styleUrl":"#8551","stroke-opacity":1,"stroke":"#2E3192","stroke-width":4},"id":"8550"},{"type":"Feature","geometry":{"type":"LineString","coordinates":[[107.6106829,-6.9048204,0],[107.6106503,-6.9050446,0],[107.610631,-6.9052722,0],[107.6106294,-6.9054999,0]]},"properties":{"name":"Jalan Ir. H. Djuanda","styleUrl":"#8555","stroke-opacity":1,"stroke":"#2E3192","stroke-width":4},"id":"8554"},{"type":"Feature","geometry":{"type":"LineString","coordinates":[[107.6038803,-6.9238302,0],[107.6038724,-6.923931,0]]},"properties":{"name":"Jalan Otto Iskandardinata","styleUrl":"#8559","stroke-opacity":1,"stroke":"#2E3192","stroke-width":4},"id":"8558"},{"type":"Feature","geometry":{"type":"LineString","coordinates":[[107.6089588,-6.9159458,0],[107.60896,-6.9160318,0],[107.608966,-6.916108,0],[107.6089644,-6.916155,0],[107.6089606,-6.9161782,0],[107.608954,-6.9162093,0],[107.6089283,-6.9162468,0],[107.6088792,-6.9162786,0]]},"properties":{"name":"Jalan Braga","styleUrl":"#8563","stroke-opacity":1,"stroke":"#2E3192","stroke-width":4},"id":"8562"},{"type":"Feature","geometry":{"type":"LineString","coordinates":[[107.6090819,-6.9138528,0],[107.6090782,-6.9138738,0],[107.6090681,-6.9138926,0],[107.6090528,-6.9139075,0],[107.6090335,-6.9139171,0],[107.6090123,-6.9139197,0]]},"properties":{"name":"Jalan Perintis Kemerdekaan","styleUrl":"#8567","stroke-opacity":1,"stroke":"#2E3192","stroke-width":4},"id":"8566"},{"type":"Feature","geometry":{"type":"LineString","coordinates":[[107.610922,-6.9042178,0],[107.6107175,-6.9047082,0],[107.6106829,-6.9048204,0]]},"properties":{"name":"Jalan Ir. H. Djuanda","styleUrl":"#8571","stroke-opacity":1,"stroke":"#2E3192","stroke-width":4},"id":"8570"},{"type":"Feature","geometry":{"type":"LineString","coordinates":[[107.606228,-6.9376212,0],[107.6061633,-6.9376173,0]]},"properties":{"name":"Jalan BKR","styleUrl":"#8575","stroke-opacity":1,"stroke":"#2E3192","stroke-width":4},"id":"8574"},{"type":"Feature","geometry":{"type":"LineString","coordinates":[[107.5952184,-6.9469031,0],[107.5952459,-6.9466699,0],[107.5952669,-6.9462117,0],[107.595271,-6.9461694,0],[107.5952757,-6.9461131,0],[107.5952807,-6.9460535,0],[107.5952859,-6.9459928,0],[107.595295,-6.9458786,0]]},"properties":{"name":"Jalan Leuwi Panjang","styleUrl":"#8579","stroke-opacity":1,"stroke":"#2E3192","stroke-width":4},"id":"8578"},{"type":"Feature","geometry":{"type":"LineString","coordinates":[[107.6106425,-6.9097963,0],[107.6106442,-6.909869,0],[107.6106097,-6.9099691,0]]},"properties":{"name":"Jalan Merdeka","styleUrl":"#8583","stroke-opacity":1,"stroke":"#2E3192","stroke-width":4},"id":"8582"},{"type":"Feature","geometry":{"type":"LineString","coordinates":[[107.6079612,-6.9161053,0],[107.6079249,-6.9160698,0],[107.6077084,-6.9158299,0]]},"properties":{"name":"Jalan Suniaraja","styleUrl":"#8587","stroke-opacity":1,"stroke":"#2E3192","stroke-width":4},"id":"8586"},{"type":"Feature","geometry":{"type":"LineString","coordinates":[[107.5954936,-6.9372742,0],[107.5953437,-6.9372112,0],[107.5952296,-6.9371632,0]]},"properties":{"name":"Jalan Peta","styleUrl":"#8591","stroke-opacity":1,"stroke":"#2E3192","stroke-width":4},"id":"8590"},{"type":"Feature","geometry":{"type":"LineString","coordinates":[[107.6043506,-6.917436,0],[107.6042904,-6.9182779,0]]},"properties":{"name":"Jalan Otto Iskandardinata","styleUrl":"#8595","stroke-opacity":1,"stroke":"#2E3192","stroke-width":4},"id":"8594"},{"type":"Feature","geometry":{"type":"LineString","coordinates":[[107.6073799,-6.9155298,0],[107.6073065,-6.9155229,0]]},"properties":{"name":"Jalan Suniaraja","styleUrl":"#8599","stroke-opacity":1,"stroke":"#2E3192","stroke-width":4},"id":"8598"},{"type":"Feature","geometry":{"type":"LineString","coordinates":[[107.6077084,-6.9158299,0],[107.6074943,-6.9155493,0]]},"properties":{"name":"Jalan Suniaraja","styleUrl":"#8603","stroke-opacity":1,"stroke":"#2E3192","stroke-width":4},"id":"8602"},{"type":"Feature","geometry":{"type":"LineString","coordinates":[[107.6074943,-6.9155493,0],[107.6073799,-6.9155298,0]]},"properties":{"name":"Jalan Suniaraja","styleUrl":"#8607","stroke-opacity":1,"stroke":"#2E3192","stroke-width":4},"id":"8606"},{"type":"Feature","geometry":{"type":"LineString","coordinates":[[107.6059365,-6.9375973,0],[107.6055097,-6.9375586,0],[107.604578,-6.9374741,0],[107.604469,-6.9374642,0]]},"properties":{"name":"Jalan Peta","styleUrl":"#8611","stroke-opacity":1,"stroke":"#2E3192","stroke-width":4},"id":"8610"},{"type":"Feature","geometry":{"type":"LineString","coordinates":[[107.6114717,-6.9028571,0],[107.610922,-6.9042178,0]]},"properties":{"name":"Jalan Ir. H. Djuanda","styleUrl":"#8615","stroke-opacity":1,"stroke":"#2E3192","stroke-width":4},"id":"8614"},{"type":"Feature","geometry":{"type":"LineString","coordinates":[[107.6062529,-6.9369183,0],[107.6062607,-6.9369403,0],[107.6062612,-6.9369586,0],[107.606251,-6.9371233,0]]},"properties":{"name":"Jalan Mohammad Toha","styleUrl":"#8619","stroke-opacity":1,"stroke":"#2E3192","stroke-width":4},"id":"8618"},{"type":"Feature","geometry":{"type":"LineString","coordinates":[[107.6039303,-6.9231867,0],[107.6038803,-6.9238302,0]]},"properties":{"name":"Jalan Otto Iskandardinata","styleUrl":"#8623","stroke-opacity":1,"stroke":"#2E3192","stroke-width":4},"id":"8622"},{"type":"Feature","geometry":{"type":"LineString","coordinates":[[107.5937098,-6.9458851,0],[107.5932469,-6.9458124,0]]},"properties":{"name":"Jalur Bus Kota","styleUrl":"#8627","stroke-opacity":1,"stroke":"#2E3192","stroke-width":4},"id":"8626"},{"type":"Feature","geometry":{"type":"LineString","coordinates":[[107.5898972,-6.9453598,0],[107.5898924,-6.9454526,0],[107.5898937,-6.9455017,0],[107.5899025,-6.94555,0],[107.5899197,-6.9455844,0],[107.5899482,-6.9456283,0],[107.5899816,-6.945652,0]]},"properties":{"name":"Route Segment","styleUrl":"#8631","stroke-opacity":1,"stroke":"#2E3192","stroke-width":4},"id":"8630"},{"type":"Feature","geometry":{"type":"LineString","coordinates":[[107.595295,-6.9458786,0],[107.5947542,-6.9458158,0]]},"properties":{"name":"Jalur Masuk Bus","styleUrl":"#8635","stroke-opacity":1,"stroke":"#2E3192","stroke-width":4},"id":"8634"},{"type":"Feature","geometry":{"type":"LineString","coordinates":[[107.5944877,-6.9457804,0],[107.5940855,-6.9457238,0]]},"properties":{"name":"Jalur Bus Kota dan AKAP","styleUrl":"#8639","stroke-opacity":1,"stroke":"#2E3192","stroke-width":4},"id":"8638"},{"type":"Feature","geometry":{"type":"LineString","coordinates":[[107.6089744,-6.91522,0],[107.6089735,-6.9152622,0],[107.6089588,-6.9159458,0]]},"properties":{"name":"Jalan Braga","styleUrl":"#8643","stroke-opacity":1,"stroke":"#2E3192","stroke-width":4},"id":"8642"},{"type":"Feature","geometry":{"type":"LineString","coordinates":[[107.5920057,-6.9464327,0],[107.5922205,-6.9465024,0],[107.5923591,-6.9465464,0],[107.5924183,-6.9465651,0],[107.5929217,-6.946706,0],[107.5930626,-6.9467395,0],[107.5934341,-6.9468277,0]]},"properties":{"name":"Jalan Soekarno-Hatta","styleUrl":"#8647","stroke-opacity":1,"stroke":"#2E3192","stroke-width":4},"id":"8646"},{"type":"Feature","geometry":{"type":"LineString","coordinates":[[107.5899816,-6.945652,0],[107.5902641,-6.9457816,0],[107.5904302,-6.9458446,0],[107.5905372,-6.9458885,0]]},"properties":{"name":"Jalan Soekarno-Hatta","styleUrl":"#8651","stroke-opacity":1,"stroke":"#2E3192","stroke-width":4},"id":"8650"},{"type":"Feature","geometry":{"type":"LineString","coordinates":[[107.6149218,-6.8948399,0],[107.6148696,-6.8948387,0],[107.6146258,-6.894833,0],[107.6144033,-6.8948278,0]]},"properties":{"name":"Jalan Hasanudin","styleUrl":"#8655","stroke-opacity":1,"stroke":"#2E3192","stroke-width":4},"id":"8654"},{"type":"Feature","geometry":{"type":"LineString","coordinates":[[107.6144033,-6.8948278,0],[107.6143207,-6.8948258,0],[107.613998,-6.8948183,0]]},"properties":{"name":"Jalan Hasanudin","styleUrl":"#8659","stroke-opacity":1,"stroke":"#2E3192","stroke-width":4},"id":"8658"},{"type":"Feature","geometry":{"type":"LineString","coordinates":[[107.6106282,-6.9067845,0],[107.6106277,-6.9068319,0],[107.6106152,-6.9069907,0]]},"properties":{"name":"Jalan Ir. H. Djuanda","styleUrl":"#8663","stroke-opacity":1,"stroke":"#2E3192","stroke-width":4},"id":"8662"},{"type":"Feature","geometry":{"type":"LineString","coordinates":[[107.5899199,-6.9452949,0],[107.5898972,-6.9453598,0]]},"properties":{"name":"Jalan Kyai Haji Wahid Hasyim","styleUrl":"#8667","stroke-opacity":1,"stroke":"#2E3192","stroke-width":4},"id":"8666"},{"type":"Feature","geometry":{"type":"LineString","coordinates":[[107.5934341,-6.9468277,0],[107.5935172,-6.946847,0],[107.5935575,-6.9468564,0],[107.5936688,-6.9468823,0],[107.593986,-6.9469544,0],[107.5940785,-6.9469738,0],[107.5941765,-6.9469938,0],[107.5942182,-6.9470057,0],[107.5946413,-6.947092,0],[107.5946801,-6.9470993,0]]},"properties":{"name":"Jalan Soekarno-Hatta","styleUrl":"#8671","stroke-opacity":1,"stroke":"#2E3192","stroke-width":4},"id":"8670"},{"type":"Feature","geometry":{"type":"LineString","coordinates":[[107.5937479,-6.9458174,0],[107.5937354,-6.9458345,0],[107.5937192,-6.9458627,0],[107.5937098,-6.9458851,0]]},"properties":{"name":"Jalur Bus Kota","styleUrl":"#8675","stroke-opacity":1,"stroke":"#2E3192","stroke-width":4},"id":"8674"},{"type":"Feature","geometry":{"type":"LineString","coordinates":[[107.5940315,-6.9457129,0],[107.5939798,-6.9457037,0]]},"properties":{"name":"Jalur Bus Kota dan AKAP","styleUrl":"#8679","stroke-opacity":1,"stroke":"#2E3192","stroke-width":4},"id":"8678"},{"type":"Feature","geometry":{"type":"LineString","coordinates":[[107.5939798,-6.9457037,0],[107.5938573,-6.9457504,0],[107.5938167,-6.9457793,0],[107.5937687,-6.9458089,0],[107.5937479,-6.9458174,0]]},"properties":{"name":"Route Segment","styleUrl":"#8683","stroke-opacity":1,"stroke":"#2E3192","stroke-width":4},"id":"8682"},{"type":"Feature","geometry":{"type":"LineString","coordinates":[[107.5940855,-6.9457238,0],[107.5940315,-6.9457129,0]]},"properties":{"name":"Jalur Bus Kota dan AKAP","styleUrl":"#8687","stroke-opacity":1,"stroke":"#2E3192","stroke-width":4},"id":"8686"},{"type":"Feature","geometry":{"type":"LineString","coordinates":[[107.5947542,-6.9458158,0],[107.5946724,-6.9458045,0],[107.5944877,-6.9457804,0]]},"properties":{"name":"Jalur Bus Kota dan AKAP","styleUrl":"#8691","stroke-opacity":1,"stroke":"#2E3192","stroke-width":4},"id":"8690"},{"type":"Feature","geometry":{"type":"LineString","coordinates":[[107.6177764,-6.8923055,0],[107.6178188,-6.8923923,0]]},"properties":{"name":"Jalan Dipatiukur","styleUrl":"#8695","stroke-opacity":1,"stroke":"#2E3192","stroke-width":4},"id":"8694"},{"type":"Feature","geometry":{"type":"Point","coordinates":[107.5934341,-6.9468277,0]},"properties":{"name":"Leuwipanjang Soekarno Hatta","styleUrl":"#5061","icon-scale":1,"icon":"http://maps.google.com/mapfiles/kml/pushpin/ylw-pushpin.png"},"id":"5060"},{"type":"Feature","geometry":{"type":"Point","coordinates":[107.576671,-6.9323901,0]},"properties":{"name":"Sumber Sari Junction","styleUrl":"#5066","icon-scale":1,"icon":"http://maps.google.com/mapfiles/kml/pushpin/ylw-pushpin.png"},"id":"5065"},{"type":"Feature","geometry":{"type":"Point","coordinates":[107.5831212,-6.9419015,0]},"properties":{"name":"Pasar Induk Caringin","styleUrl":"#5071","icon-scale":1,"icon":"http://maps.google.com/mapfiles/kml/pushpin/ylw-pushpin.png"},"id":"5070"},{"type":"Feature","geometry":{"type":"Point","coordinates":[107.530779,-7.0141857,0]},"properties":{"name":"Hotel Soreang B","styleUrl":"#5076","icon-scale":1,"icon":"http://maps.google.com/mapfiles/kml/pushpin/ylw-pushpin.png"},"id":"5075"},{"type":"Feature","geometry":{"type":"Point","coordinates":[107.5932425,-6.9458452,0]},"properties":{"name":"Terminal Leuwipanjang","styleUrl":"#5081","icon-scale":1,"icon":"http://maps.google.com/mapfiles/kml/pushpin/ylw-pushpin.png"},"id":"5080"},{"type":"Feature","geometry":{"type":"LineString","coordinates":[[107.5606012,-6.935005,0],[107.5627029,-6.9339859,0],[107.5667381,-6.9320309,0],[107.5674939,-6.9317341,0],[107.5681123,-6.9315698,0],[107.5686872,-6.931463,0],[107.5691137,-6.9314193,0],[107.5693822,-6.9314079,0]]},"properties":{"name":"Jalan Tol Soreang–Pasirkoja","styleUrl":"#5086","stroke-opacity":1,"stroke":"#00A64F","stroke-width":4},"id":"5085"},{"type":"Feature","geometry":{"type":"LineString","coordinates":[[107.5863956,-6.9441848,0],[107.5868373,-6.9443439,0],[107.5870102,-6.9443993,0],[107.5876247,-6.9446579,0],[107.5878344,-6.9447464,0],[107.5880579,-6.9448406,0],[107.5883073,-6.9449457,0],[107.5888658,-6.9451811,0]]},"properties":{"name":"Jalan Soekarno-Hatta","styleUrl":"#5090","stroke-opacity":1,"stroke":"#00A64F","stroke-width":4},"id":"5089"},{"type":"Feature","geometry":{"type":"LineString","coordinates":[[107.5905372,-6.9458885,0],[107.5906174,-6.9459184,0],[107.5908186,-6.9459976,0],[107.5909454,-6.9460471,0],[107.5912869,-6.9461769,0],[107.5915135,-6.946263,0],[107.5919633,-6.946418,0],[107.5920057,-6.9464327,0]]},"properties":{"name":"Jalan Soekarno-Hatta","styleUrl":"#5094","stroke-opacity":1,"stroke":"#00A64F","stroke-width":4},"id":"5093"},{"type":"Feature","geometry":{"type":"LineString","coordinates":[[107.5760593,-6.9304537,0],[107.5761295,-6.9307327,0]]},"properties":{"name":"Jalan Soekarno-Hatta","styleUrl":"#5098","stroke-opacity":1,"stroke":"#00A64F","stroke-width":4},"id":"5097"},{"type":"Feature","geometry":{"type":"LineString","coordinates":[[107.5946801,-6.9470993,0],[107.5949015,-6.9470904,0],[107.5949654,-6.9470873,0],[107.5949874,-6.9470844,0],[107.5950189,-6.9470765,0],[107.5950591,-6.9470659,0],[107.5950873,-6.9470551,0],[107.5951121,-6.9470451,0],[107.5951365,-6.9470303,0],[107.5951489,-6.9470195,0],[107.5951597,-6.9470058,0],[107.5951778,-6.9469812,0],[107.5951852,-6.9469692,0],[107.595202,-6.9469407,0],[107.5952184,-6.9469031,0]]},"properties":{"name":"Route Segment","styleUrl":"#5102","stroke-opacity":1,"stroke":"#00A64F","stroke-width":4},"id":"5101"},{"type":"Feature","geometry":{"type":"LineString","coordinates":[[107.5936967,-6.9459132,0],[107.5936301,-6.9459043,0],[107.5932425,-6.9458452,0]]},"properties":{"name":"Jalur Bus Kota","styleUrl":"#5106","stroke-opacity":1,"stroke":"#00A64F","stroke-width":4},"id":"5105"},{"type":"Feature","geometry":{"type":"LineString","coordinates":[[107.5761295,-6.9307327,0],[107.5762615,-6.9311707,0],[107.5763049,-6.9313117,0],[107.5765033,-6.9319558,0],[107.5765867,-6.9321758,0],[107.5766269,-6.9322818,0],[107.576671,-6.9323901,0],[107.5767329,-6.9325425,0],[107.576819,-6.9327555,0],[107.576953,-6.9330874,0],[107.5770589,-6.933306,0],[107.5771271,-6.9334469,0],[107.5773591,-6.9339262,0],[107.5774678,-6.9341351,0],[107.577519,-6.9342396,0],[107.5778296,-6.9347499,0],[107.5783524,-6.9355244,0],[107.578457,-6.9356736,0],[107.5788041,-6.9361935,0],[107.5788416,-6.9362517,0],[107.5795763,-6.937339,0],[107.5796223,-6.9374056,0],[107.5796859,-6.937498,0],[107.5797906,-6.9376502,0],[107.579936,-6.937863,0],[107.5802287,-6.9382866,0],[107.5803153,-6.9384059,0],[107.5803728,-6.9384851,0],[107.5804612,-6.9386169,0],[107.5805598,-6.9387753,0],[107.5806433,-6.9388996,0],[107.5807733,-6.9390932,0],[107.5807999,-6.9391335,0],[107.5808244,-6.9391671,0],[107.580938,-6.9393311,0],[107.5810191,-6.9394536,0],[107.5812002,-6.9397265,0],[107.5815743,-6.9402311,0],[107.5817044,-6.9404068,0],[107.5818291,-6.9405652,0],[107.5820397,-6.9408049,0],[107.5823106,-6.941111,0]]},"properties":{"name":"Jalan Soekarno-Hatta","styleUrl":"#5110","stroke-opacity":1,"stroke":"#00A64F","stroke-width":4},"id":"5109"},{"type":"Feature","geometry":{"type":"LineString","coordinates":[[107.542689,-6.9608414,0],[107.5425415,-6.9604048,0],[107.5424811,-6.9602038,0],[107.5424168,-6.9599668,0],[107.5423417,-6.9595662,0],[107.5422867,-6.9591628,0],[107.5422652,-6.9588952,0],[107.5422464,-6.9585717,0],[107.5422612,-6.9582496,0],[107.542276,-6.9580353,0],[107.5423255,-6.957536,0],[107.5423832,-6.9572418,0],[107.5424516,-6.956957,0],[107.542571,-6.9565136,0],[107.5428315,-6.9557674,0],[107.5431553,-6.9548423,0],[107.5456247,-6.9476902,0],[107.546048,-6.9465006,0],[107.5467029,-6.9446096,0],[107.5472796,-6.942863,0],[107.5474338,-6.9423678,0],[107.5475129,-6.9421148,0],[107.5475681,-6.9419709,0]]},"properties":{"name":"Jalan Tol Soreang–Pasirkoja","styleUrl":"#5114","stroke-opacity":1,"stroke":"#00A64F","stroke-width":4},"id":"5113"},{"type":"Feature","geometry":{"type":"LineString","coordinates":[[107.5495588,-6.9397831,0],[107.5499953,-6.9395269,0]]},"properties":{"name":"Jalan Tol Soreang–Pasirkoja","styleUrl":"#5118","stroke-opacity":1,"stroke":"#00A64F","stroke-width":4},"id":"5117"},{"type":"Feature","geometry":{"type":"LineString","coordinates":[[107.5570704,-6.9366853,0],[107.5602849,-6.9351615,0]]},"properties":{"name":"Jalan Tol Soreang–Pasirkoja","styleUrl":"#5122","stroke-opacity":1,"stroke":"#00A64F","stroke-width":4},"id":"5121"},{"type":"Feature","geometry":{"type":"LineString","coordinates":[[107.5354867,-6.9947733,0],[107.5357139,-6.9942631,0],[107.5358319,-6.9940023,0],[107.5359794,-6.9937173,0],[107.5365105,-6.9928229,0],[107.5370218,-6.9920017,0],[107.5375893,-6.9911243,0],[107.5384004,-6.989778,0],[107.5386697,-6.989354,0],[107.5393394,-6.988317,0],[107.5397077,-6.9877486,0],[107.5400598,-6.9871902,0],[107.5416327,-6.9847133,0],[107.5421069,-6.9838936,0],[107.5424006,-6.9833598,0],[107.542648,-6.982873,0],[107.5432884,-6.9815374,0],[107.5436143,-6.9807574,0],[107.5438115,-6.9802741,0],[107.5439643,-6.9798734,0],[107.5442447,-6.9791014,0],[107.5445036,-6.9783121,0],[107.5446001,-6.9780018,0],[107.5447315,-6.9775692,0],[107.5449205,-6.9768824,0],[107.545111,-6.9761143,0],[107.5455254,-6.9743598,0],[107.5455998,-6.9740765,0],[107.5456863,-6.9737474,0],[107.5457561,-6.9734931,0],[107.5458472,-6.9731511,0],[107.5459519,-6.9726346,0],[107.546023,-6.9722446,0]]},"properties":{"name":"Jalan Tol Soreang–Pasirkoja","styleUrl":"#5126","stroke-opacity":1,"stroke":"#00A64F","stroke-width":4},"id":"5125"},{"type":"Feature","geometry":{"type":"LineString","coordinates":[[107.5323383,-7.0095793,0],[107.5327084,-7.0085493,0],[107.5329991,-7.0075471,0],[107.5332612,-7.0064294,0],[107.5333565,-7.0057841,0],[107.53396,-7.0018411,0]]},"properties":{"name":"Jalan Tol Soreang–Pasirkoja","styleUrl":"#5130","stroke-opacity":1,"stroke":"#00A64F","stroke-width":4},"id":"5129"},{"type":"Feature","geometry":{"type":"LineString","coordinates":[[107.5312589,-7.0127591,0],[107.5313315,-7.0125519,0]]},"properties":{"name":"Jalan Tol Soreang–Pasirkoja","styleUrl":"#5134","stroke-opacity":1,"stroke":"#00A64F","stroke-width":4},"id":"5133"},{"type":"Feature","geometry":{"type":"LineString","coordinates":[[107.53396,-7.0018411,0],[107.5340563,-7.0011717,0]]},"properties":{"name":"Jalan Tol Soreang–Pasirkoja","styleUrl":"#5138","stroke-opacity":1,"stroke":"#00A64F","stroke-width":4},"id":"5137"},{"type":"Feature","geometry":{"type":"LineString","coordinates":[[107.5534755,-6.9382022,0],[107.5537985,-6.9381226,0],[107.5541581,-6.9380187,0],[107.5548891,-6.9377492,0]]},"properties":{"name":"Jalan Tol Soreang–Pasirkoja","styleUrl":"#5142","stroke-opacity":1,"stroke":"#00A64F","stroke-width":4},"id":"5141"},{"type":"Feature","geometry":{"type":"LineString","coordinates":[[107.5499953,-6.9395269,0],[107.5503011,-6.9393498,0],[107.5506685,-6.9391234,0],[107.5510373,-6.9389198,0],[107.5515362,-6.9387188,0],[107.5518313,-6.9386242,0],[107.552074,-6.9385577,0],[107.5526212,-6.9384166,0],[107.5534755,-6.9382022,0]]},"properties":{"name":"Jalan Tol Soreang–Pasirkoja","styleUrl":"#5146","stroke-opacity":1,"stroke":"#00A64F","stroke-width":4},"id":"5145"},{"type":"Feature","geometry":{"type":"LineString","coordinates":[[107.546023,-6.9722446,0],[107.5461174,-6.9713899,0],[107.5461263,-6.9712196,0],[107.546162,-6.9707987,0]]},"properties":{"name":"Jalan Tol Soreang–Pasirkoja","styleUrl":"#5150","stroke-opacity":1,"stroke":"#00A64F","stroke-width":4},"id":"5149"},{"type":"Feature","geometry":{"type":"LineString","coordinates":[[107.5602849,-6.9351615,0],[107.5606012,-6.935005,0]]},"properties":{"name":"Jalan Tol Soreang–Pasirkoja","styleUrl":"#5154","stroke-opacity":1,"stroke":"#00A64F","stroke-width":4},"id":"5153"},{"type":"Feature","geometry":{"type":"LineString","coordinates":[[107.5475681,-6.9419709,0],[107.5477235,-6.9415397,0],[107.5479059,-6.941178,0],[107.5480387,-6.9409566,0],[107.5482296,-6.9407243,0],[107.5484061,-6.9405519,0],[107.548608,-6.9404063,0],[107.5490698,-6.9401114,0],[107.5493641,-6.9399178,0],[107.5495588,-6.9397831,0]]},"properties":{"name":"Jalan Tol Soreang–Pasirkoja","styleUrl":"#5158","stroke-opacity":1,"stroke":"#00A64F","stroke-width":4},"id":"5157"},{"type":"Feature","geometry":{"type":"LineString","coordinates":[[107.5353934,-6.9950152,0],[107.5354867,-6.9947733,0]]},"properties":{"name":"Jalan Tol Soreang–Pasirkoja","styleUrl":"#5162","stroke-opacity":1,"stroke":"#00A64F","stroke-width":4},"id":"5161"},{"type":"Feature","geometry":{"type":"LineString","coordinates":[[107.5347798,-6.9968331,0],[107.5350514,-6.9958978,0],[107.5353934,-6.9950152,0]]},"properties":{"name":"Jalan Tol Soreang–Pasirkoja","styleUrl":"#5166","stroke-opacity":1,"stroke":"#00A64F","stroke-width":4},"id":"5165"},{"type":"Feature","geometry":{"type":"LineString","coordinates":[[107.5693822,-6.9314079,0],[107.5705886,-6.9314328,0]]},"properties":{"name":"Jalan Tol Soreang–Pasirkoja","styleUrl":"#5170","stroke-opacity":1,"stroke":"#00A64F","stroke-width":4},"id":"5169"},{"type":"Feature","geometry":{"type":"LineString","coordinates":[[107.5707265,-6.9314331,0],[107.5717838,-6.9313641,0]]},"properties":{"name":"Jalan Tol Soreang–Pasirkoja","styleUrl":"#5174","stroke-opacity":1,"stroke":"#00A64F","stroke-width":4},"id":"5173"},{"type":"Feature","geometry":{"type":"LineString","coordinates":[[107.5705886,-6.9314328,0],[107.5706235,-6.9314329,0],[107.5707265,-6.9314331,0]]},"properties":{"name":"Jalan Tol Soreang–Pasirkoja","styleUrl":"#5178","stroke-opacity":1,"stroke":"#00A64F","stroke-width":4},"id":"5177"},{"type":"Feature","geometry":{"type":"LineString","coordinates":[[107.5347076,-6.9971326,0],[107.5347798,-6.9968331,0]]},"properties":{"name":"Jalan Tol Soreang–Pasirkoja","styleUrl":"#5182","stroke-opacity":1,"stroke":"#00A64F","stroke-width":4},"id":"5181"},{"type":"Feature","geometry":{"type":"LineString","coordinates":[[107.5340563,-7.0011717,0],[107.5341797,-7.0003239,0],[107.5342703,-6.9996224,0],[107.5347076,-6.9971326,0]]},"properties":{"name":"Jalan Tol Soreang–Pasirkoja","styleUrl":"#5186","stroke-opacity":1,"stroke":"#00A64F","stroke-width":4},"id":"5185"},{"type":"Feature","geometry":{"type":"LineString","coordinates":[[107.5831212,-6.9419015,0],[107.5831836,-6.9419591,0],[107.5834599,-6.9422141,0],[107.5835578,-6.942293,0],[107.583608,-6.942339,0],[107.5838985,-6.9425994,0],[107.5842331,-6.9428621,0],[107.5842817,-6.9429003,0],[107.5844282,-6.9430135,0]]},"properties":{"name":"Jalan Soekarno-Hatta","styleUrl":"#5190","stroke-opacity":1,"stroke":"#00A64F","stroke-width":4},"id":"5189"},{"type":"Feature","geometry":{"type":"LineString","coordinates":[[107.542925,-6.9613859,0],[107.542689,-6.9608414,0]]},"properties":{"name":"Jalan Tol Soreang–Pasirkoja","styleUrl":"#5194","stroke-opacity":1,"stroke":"#00A64F","stroke-width":4},"id":"5193"},{"type":"Feature","geometry":{"type":"LineString","coordinates":[[107.546162,-6.9707987,0],[107.5461659,-6.9707311,0],[107.5461718,-6.9697199,0],[107.546137,-6.969292,0],[107.5461008,-6.9689446,0],[107.5460511,-6.9685798,0],[107.5459887,-6.968244,0],[107.545817,-6.9675663,0],[107.5456962,-6.9670944,0],[107.5455147,-6.9665089,0],[107.5454367,-6.9662881,0],[107.5453254,-6.9659963,0],[107.5451198,-6.9655136,0],[107.5450102,-6.9652798,0],[107.5448047,-6.9648761,0],[107.5445369,-6.9643624,0],[107.5441616,-6.9636756,0],[107.5434776,-6.9624163,0],[107.5432402,-6.9619823,0],[107.5430597,-6.9616468,0],[107.542925,-6.9613859,0]]},"properties":{"name":"Jalan Tol Soreang–Pasirkoja","styleUrl":"#5198","stroke-opacity":1,"stroke":"#00A64F","stroke-width":4},"id":"5197"},{"type":"Feature","geometry":{"type":"LineString","coordinates":[[107.5313315,-7.0125519,0],[107.5318665,-7.0110518,0],[107.5323383,-7.0095793,0]]},"properties":{"name":"Jalan Tol Soreang–Pasirkoja","styleUrl":"#5202","stroke-opacity":1,"stroke":"#00A64F","stroke-width":4},"id":"5201"},{"type":"Feature","geometry":{"type":"LineString","coordinates":[[107.5897693,-6.9455492,0],[107.5898471,-6.9455853,0],[107.5899816,-6.945652,0]]},"properties":{"name":"Jalan Soekarno-Hatta","styleUrl":"#5206","stroke-opacity":1,"stroke":"#00A64F","stroke-width":4},"id":"5205"},{"type":"Feature","geometry":{"type":"LineString","coordinates":[[107.5952184,-6.9469031,0],[107.5952459,-6.9466699,0],[107.5952669,-6.9462117,0],[107.595271,-6.9461694,0],[107.5952757,-6.9461131,0],[107.5952807,-6.9460535,0],[107.5952859,-6.9459928,0],[107.595295,-6.9458786,0]]},"properties":{"name":"Jalan Leuwi Panjang","styleUrl":"#5210","stroke-opacity":1,"stroke":"#00A64F","stroke-width":4},"id":"5209"},{"type":"Feature","geometry":{"type":"LineString","coordinates":[[107.5548891,-6.9377492,0],[107.5570704,-6.9366853,0]]},"properties":{"name":"Jalan Tol Soreang–Pasirkoja","styleUrl":"#5214","stroke-opacity":1,"stroke":"#00A64F","stroke-width":4},"id":"5213"},{"type":"Feature","geometry":{"type":"LineString","coordinates":[[107.575943,-6.930415,0],[107.5760414,-6.9303848,0]]},"properties":{"name":"Route Segment","styleUrl":"#5218","stroke-opacity":1,"stroke":"#00A64F","stroke-width":4},"id":"5217"},{"type":"Feature","geometry":{"type":"LineString","coordinates":[[107.5760414,-6.9303848,0],[107.5760593,-6.9304537,0]]},"properties":{"name":"Jalan Soekarno-Hatta","styleUrl":"#5222","stroke-opacity":1,"stroke":"#00A64F","stroke-width":4},"id":"5221"},{"type":"Feature","geometry":{"type":"LineString","coordinates":[[107.5894259,-6.945408,0],[107.5896531,-6.9454988,0],[107.5897088,-6.945521,0]]},"properties":{"name":"Jalan Soekarno-Hatta","styleUrl":"#5226","stroke-opacity":1,"stroke":"#00A64F","stroke-width":4},"id":"5225"},{"type":"Feature","geometry":{"type":"LineString","coordinates":[[107.5312215,-7.0128722,0],[107.5312589,-7.0127591,0]]},"properties":{"name":"Jalan Tol Soreang–Pasir Koja","styleUrl":"#5230","stroke-opacity":1,"stroke":"#00A64F","stroke-width":4},"id":"5229"},{"type":"Feature","geometry":{"type":"LineString","coordinates":[[107.5717838,-6.9313641,0],[107.572432,-6.9313474,0],[107.5730325,-6.9313066,0],[107.5734019,-6.9312666,0],[107.5737087,-6.9312089,0],[107.5740081,-6.9311202,0],[107.5744168,-6.9309985,0],[107.5752602,-6.9306703,0],[107.5755067,-6.9305697,0]]},"properties":{"name":"Jalan Tol Soreang–Pasirkoja","styleUrl":"#5234","stroke-opacity":1,"stroke":"#00A64F","stroke-width":4},"id":"5233"},{"type":"Feature","geometry":{"type":"LineString","coordinates":[[107.5755067,-6.9305697,0],[107.5758318,-6.9304529,0],[107.575943,-6.930415,0]]},"properties":{"name":"Jalan Tol Soreang–Pasirkoja","styleUrl":"#5238","stroke-opacity":1,"stroke":"#00A64F","stroke-width":4},"id":"5237"},{"type":"Feature","geometry":{"type":"LineString","coordinates":[[107.5849105,-6.9433545,0],[107.5850407,-6.9434372,0],[107.5853375,-6.9436258,0],[107.58577,-6.9438614,0],[107.5860174,-6.9439945,0],[107.586299,-6.9441384,0],[107.5863956,-6.9441848,0]]},"properties":{"name":"Jalan Soekarno-Hatta","styleUrl":"#5242","stroke-opacity":1,"stroke":"#00A64F","stroke-width":4},"id":"5241"},{"type":"Feature","geometry":{"type":"LineString","coordinates":[[107.5888658,-6.9451811,0],[107.5890571,-6.9452671,0],[107.5891029,-6.9452877,0],[107.5891731,-6.9453141,0],[107.5893173,-6.9453679,0],[107.5894259,-6.945408,0]]},"properties":{"name":"Jalan Soekarno-Hatta","styleUrl":"#5246","stroke-opacity":1,"stroke":"#00A64F","stroke-width":4},"id":"5245"},{"type":"Feature","geometry":{"type":"LineString","coordinates":[[107.595295,-6.9458786,0],[107.5947542,-6.9458158,0]]},"properties":{"name":"Jalur Masuk Bus","styleUrl":"#5250","stroke-opacity":1,"stroke":"#00A64F","stroke-width":4},"id":"5249"},{"type":"Feature","geometry":{"type":"LineString","coordinates":[[107.5944877,-6.9457804,0],[107.5940855,-6.9457238,0]]},"properties":{"name":"Jalur Bus Kota dan AKAP","styleUrl":"#5254","stroke-opacity":1,"stroke":"#00A64F","stroke-width":4},"id":"5253"},{"type":"Feature","geometry":{"type":"LineString","coordinates":[[107.5920057,-6.9464327,0],[107.5922205,-6.9465024,0],[107.5923591,-6.9465464,0],[107.5924183,-6.9465651,0],[107.5929217,-6.946706,0],[107.5930626,-6.9467395,0],[107.5934341,-6.9468277,0]]},"properties":{"name":"Jalan Soekarno-Hatta","styleUrl":"#5258","stroke-opacity":1,"stroke":"#00A64F","stroke-width":4},"id":"5257"},{"type":"Feature","geometry":{"type":"LineString","coordinates":[[107.5899816,-6.945652,0],[107.5902641,-6.9457816,0],[107.5904302,-6.9458446,0],[107.5905372,-6.9458885,0]]},"properties":{"name":"Jalan Soekarno-Hatta","styleUrl":"#5262","stroke-opacity":1,"stroke":"#00A64F","stroke-width":4},"id":"5261"},{"type":"Feature","geometry":{"type":"LineString","coordinates":[[107.5897088,-6.945521,0],[107.5897693,-6.9455492,0]]},"properties":{"name":"Jalan Soekarno-Hatta","styleUrl":"#5266","stroke-opacity":1,"stroke":"#00A64F","stroke-width":4},"id":"5265"},{"type":"Feature","geometry":{"type":"LineString","coordinates":[[107.5844282,-6.9430135,0],[107.584573,-6.9431186,0],[107.584642,-6.9431671,0],[107.5847245,-6.9432291,0],[107.5848895,-6.9433396,0],[107.5849105,-6.9433545,0]]},"properties":{"name":"Jalan Soekarno-Hatta","styleUrl":"#5270","stroke-opacity":1,"stroke":"#00A64F","stroke-width":4},"id":"5269"},{"type":"Feature","geometry":{"type":"LineString","coordinates":[[107.5934341,-6.9468277,0],[107.5935172,-6.946847,0],[107.5935575,-6.9468564,0],[107.5936688,-6.9468823,0],[107.593986,-6.9469544,0],[107.5940785,-6.9469738,0],[107.5941765,-6.9469938,0],[107.5942182,-6.9470057,0],[107.5946413,-6.947092,0],[107.5946801,-6.9470993,0]]},"properties":{"name":"Jalan Soekarno-Hatta","styleUrl":"#5274","stroke-opacity":1,"stroke":"#00A64F","stroke-width":4},"id":"5273"},{"type":"Feature","geometry":{"type":"LineString","coordinates":[[107.5937479,-6.9458174,0],[107.5937354,-6.9458345,0],[107.5937192,-6.9458627,0],[107.5937098,-6.9458851,0]]},"properties":{"name":"Jalur Bus Kota","styleUrl":"#5278","stroke-opacity":1,"stroke":"#00A64F","stroke-width":4},"id":"5277"},{"type":"Feature","geometry":{"type":"LineString","coordinates":[[107.5937098,-6.9458851,0],[107.5936967,-6.9459132,0]]},"properties":{"name":"Jalur Bus Kota","styleUrl":"#5282","stroke-opacity":1,"stroke":"#00A64F","stroke-width":4},"id":"5281"},{"type":"Feature","geometry":{"type":"LineString","coordinates":[[107.5940315,-6.9457129,0],[107.5939798,-6.9457037,0]]},"properties":{"name":"Jalur Bus Kota dan AKAP","styleUrl":"#5286","stroke-opacity":1,"stroke":"#00A64F","stroke-width":4},"id":"5285"},{"type":"Feature","geometry":{"type":"LineString","coordinates":[[107.5939798,-6.9457037,0],[107.5938573,-6.9457504,0],[107.5938167,-6.9457793,0],[107.5937687,-6.9458089,0],[107.5937479,-6.9458174,0]]},"properties":{"name":"Route Segment","styleUrl":"#5290","stroke-opacity":1,"stroke":"#00A64F","stroke-width":4},"id":"5289"},{"type":"Feature","geometry":{"type":"LineString","coordinates":[[107.5940855,-6.9457238,0],[107.5940315,-6.9457129,0]]},"properties":{"name":"Jalur Bus Kota dan AKAP","styleUrl":"#5294","stroke-opacity":1,"stroke":"#00A64F","stroke-width":4},"id":"5293"},{"type":"Feature","geometry":{"type":"LineString","coordinates":[[107.5947542,-6.9458158,0],[107.5946724,-6.9458045,0],[107.5944877,-6.9457804,0]]},"properties":{"name":"Jalur Bus Kota dan AKAP","styleUrl":"#5298","stroke-opacity":1,"stroke":"#00A64F","stroke-width":4},"id":"5297"},{"type":"Feature","geometry":{"type":"LineString","coordinates":[[107.530779,-7.0141857,0],[107.5312215,-7.0128722,0]]},"properties":{"name":"Jalan Tol Soreang–Pasir Koja","styleUrl":"#5302","stroke-opacity":1,"stroke":"#00A64F","stroke-width":4},"id":"5301"},{"type":"Feature","geometry":{"type":"LineString","coordinates":[[107.5823106,-6.941111,0],[107.582497,-6.9413067,0],[107.5826593,-6.9414771,0],[107.5828645,-6.9416649,0],[107.5831212,-6.9419015,0]]},"properties":{"name":"Jalan Soekarno-Hatta","styleUrl":"#5306","stroke-opacity":1,"stroke":"#00A64F","stroke-width":4},"id":"5305"},{"type":"Feature","geometry":{"type":"Point","coordinates":[107.7651014,-6.9357446,0]},"properties":{"name":"IPDN B","styleUrl":"#9336","icon-scale":1,"icon":"http://maps.google.com/mapfiles/kml/pushpin/ylw-pushpin.png"},"id":"9335"},{"type":"Feature","geometry":{"type":"Point","coordinates":[107.6161572,-6.8979434,0]},"properties":{"name":"Panatayudha B","styleUrl":"#9341","icon-scale":1,"icon":"http://maps.google.com/mapfiles/kml/pushpin/ylw-pushpin.png"},"id":"9340"},{"type":"Feature","geometry":{"type":"Point","coordinates":[107.6201283,-6.9012501,0]},"properties":{"name":"Lapangan Gasibu B","styleUrl":"#9346","icon-scale":1,"icon":"http://maps.google.com/mapfiles/kml/pushpin/ylw-pushpin.png"},"id":"9345"},{"type":"Feature","geometry":{"type":"Point","coordinates":[107.6241682,-6.9011517,0]},"properties":{"name":"PUSDAI B","styleUrl":"#9351","icon-scale":1,"icon":"http://maps.google.com/mapfiles/kml/pushpin/ylw-pushpin.png"},"id":"9350"},{"type":"Feature","geometry":{"type":"Point","coordinates":[107.6297079,-6.907261,0]},"properties":{"name":"SDN 062 Ciujung Bandung (Lapangan Supratman B)","styleUrl":"#9356","icon-scale":1,"icon":"http://maps.google.com/mapfiles/kml/pushpin/ylw-pushpin.png"},"id":"9355"},{"type":"Feature","geometry":{"type":"Point","coordinates":[107.6312506,-6.9184177,0]},"properties":{"name":"Bandung Creative Hub B","styleUrl":"#9361","icon-scale":1,"icon":"http://maps.google.com/mapfiles/kml/pushpin/ylw-pushpin.png"},"id":"9360"},{"type":"Feature","geometry":{"type":"Point","coordinates":[107.6251981,-6.9343038,0]},"properties":{"name":"Hotel Horison B","styleUrl":"#9366","icon-scale":1,"icon":"http://maps.google.com/mapfiles/kml/pushpin/ylw-pushpin.png"},"id":"9365"},{"type":"Feature","geometry":{"type":"Point","coordinates":[107.6067624,-6.9375463,0]},"properties":{"name":"PT INTI B (BKR 5)","styleUrl":"#9371","icon-scale":1,"icon":"http://maps.google.com/mapfiles/kml/pushpin/ylw-pushpin.png"},"id":"9370"},{"type":"Feature","geometry":{"type":"Point","coordinates":[107.6087518,-6.9483342,0]},"properties":{"name":"Simpang By Pass Soekarno Hatta B","styleUrl":"#9376","icon-scale":1,"icon":"http://maps.google.com/mapfiles/kml/pushpin/ylw-pushpin.png"},"id":"9375"},{"type":"Feature","geometry":{"type":"Point","coordinates":[107.6115567,-6.9547392,0]},"properties":{"name":"Jalan Haji Tatang Sumantri","styleUrl":"#9381","icon-scale":1,"icon":"http://maps.google.com/mapfiles/kml/pushpin/ylw-pushpin.png"},"id":"9380"},{"type":"Feature","geometry":{"type":"Point","coordinates":[107.7557736,-6.9426257,0]},"properties":{"name":"Cileunyi B","styleUrl":"#9386","icon-scale":1,"icon":"http://maps.google.com/mapfiles/kml/pushpin/ylw-pushpin.png"},"id":"9385"},{"type":"Feature","geometry":{"type":"Point","coordinates":[107.7712431,-6.933968,0]},"properties":{"name":"Jatinangor Town Square","styleUrl":"#9391","icon-scale":1,"icon":"http://maps.google.com/mapfiles/kml/pushpin/ylw-pushpin.png"},"id":"9390"},{"type":"Feature","geometry":{"type":"Point","coordinates":[107.6339654,-6.9129263,0]},"properties":{"name":"SPBU Ahmad Yani","styleUrl":"#9396","icon-scale":1,"icon":"http://maps.google.com/mapfiles/kml/pushpin/ylw-pushpin.png"},"id":"9395"},{"type":"Feature","geometry":{"type":"Point","coordinates":[107.7732376,-6.932299,0]},"properties":{"name":"UNPAD Jatinangor","styleUrl":"#9401","icon-scale":1,"icon":"http://maps.google.com/mapfiles/kml/pushpin/ylw-pushpin.png"},"id":"9400"},{"type":"Feature","geometry":{"type":"Point","coordinates":[107.6180361,-6.8934568,0]},"properties":{"name":"UNPAD Dipatiukur","styleUrl":"#9406","icon-scale":1,"icon":"http://maps.google.com/mapfiles/kml/pushpin/ylw-pushpin.png"},"id":"9405"},{"type":"Feature","geometry":{"type":"LineString","coordinates":[[107.6179955,-6.8925877,0],[107.6180071,-6.8928368,0],[107.6180341,-6.8934132,0],[107.6180361,-6.8934568,0]]},"properties":{"name":"Jalan Dipatiukur","styleUrl":"#9411","stroke-opacity":1,"stroke":"#EC008C","stroke-width":4},"id":"9410"},{"type":"Feature","geometry":{"type":"LineString","coordinates":[[107.6130675,-6.8988411,0],[107.6131081,-6.8988419,0],[107.6135004,-6.898852,0],[107.6140011,-6.8988575,0],[107.6147331,-6.8988511,0],[107.615213,-6.8988527,0],[107.6156959,-6.8989008,0],[107.6158827,-6.8989216,0],[107.6160286,-6.8989397,0]]},"properties":{"name":"Jalan Surapati","styleUrl":"#9415","stroke-opacity":1,"stroke":"#EC008C","stroke-width":4},"id":"9414"},{"type":"Feature","geometry":{"type":"LineString","coordinates":[[107.6240196,-6.9635519,0],[107.6232212,-6.9632673,0],[107.622434,-6.962935,0],[107.6206351,-6.9621517,0],[107.6193691,-6.9616315,0],[107.618904,-6.9614672,0],[107.6184121,-6.9613257,0],[107.617441,-6.9611037,0],[107.6169164,-6.9610145,0],[107.616377,-6.960967,0],[107.6158342,-6.9609253,0],[107.6153076,-6.960928,0],[107.6149582,-6.9609376,0],[107.6146037,-6.9609549,0],[107.613897,-6.960997,0]]},"properties":{"name":"Jalan Tol Padalarang–Cileunyi","styleUrl":"#9419","stroke-opacity":1,"stroke":"#EC008C","stroke-width":4},"id":"9418"},{"type":"Feature","geometry":{"type":"LineString","coordinates":[[107.6383527,-6.9658664,0],[107.6376421,-6.9657635,0]]},"properties":{"name":"Jalan Tol Padalarang–Cileunyi","styleUrl":"#9423","stroke-opacity":1,"stroke":"#EC008C","stroke-width":4},"id":"9422"},{"type":"Feature","geometry":{"type":"LineString","coordinates":[[107.6605412,-6.9665435,0],[107.6602749,-6.9664723,0]]},"properties":{"name":"Jalan Tol Padalarang–Cileunyi","styleUrl":"#9427","stroke-opacity":1,"stroke":"#EC008C","stroke-width":4},"id":"9426"},{"type":"Feature","geometry":{"type":"LineString","coordinates":[[107.6602749,-6.9664723,0],[107.6592945,-6.9662484,0],[107.6582265,-6.9660239,0],[107.657108,-6.9658428,0],[107.6548308,-6.9654887,0],[107.6503411,-6.9647975,0],[107.649516,-6.9647173,0],[107.6492464,-6.964699,0],[107.6482738,-6.9646979,0],[107.6477177,-6.9647296,0],[107.6471827,-6.9647861,0],[107.6465024,-6.9648976,0],[107.6463564,-6.9649217,0],[107.6456618,-6.9650863,0],[107.6448986,-6.9652904,0],[107.644108,-6.9654915,0],[107.6434162,-6.9656701,0],[107.6428164,-6.9657886,0]]},"properties":{"name":"Jalan Tol Padalarang–Cileunyi","styleUrl":"#9431","stroke-opacity":1,"stroke":"#EC008C","stroke-width":4},"id":"9430"},{"type":"Feature","geometry":{"type":"LineString","coordinates":[[107.7567382,-6.9389134,0],[107.7567739,-6.9390766,0],[107.7568577,-6.9394912,0],[107.7569138,-6.9398023,0],[107.756922,-6.9400445,0],[107.7568884,-6.9402795,0],[107.7567934,-6.9405329,0],[107.7566826,-6.9407282,0],[107.7565267,-6.9409422,0],[107.7563528,-6.9411132,0],[107.756136,-6.9412518,0],[107.7560908,-6.941275,0],[107.7560052,-6.9413191,0],[107.755796,-6.9414221,0],[107.7557485,-6.9414449,0],[107.7556492,-6.9414928,0]]},"properties":{"name":"Jalan Sindangsari","styleUrl":"#9435","stroke-opacity":1,"stroke":"#EC008C","stroke-width":4},"id":"9434"},{"type":"Feature","geometry":{"type":"LineString","coordinates":[[107.7275203,-6.955671,0],[107.7239339,-6.957573,0],[107.7192116,-6.9600439,0],[107.7189825,-6.9601638,0],[107.7182064,-6.9605699,0],[107.7169157,-6.9612924,0],[107.7166423,-6.9614366,0],[107.7125469,-6.9635845,0],[107.7123147,-6.9637044,0],[107.7083018,-6.9657741,0],[107.7080886,-6.9658841,0],[107.7080205,-6.9659212,0],[107.7064018,-6.9667796,0],[107.7060582,-6.9669406,0],[107.7054399,-6.9672396,0],[107.7051055,-6.9673943,0],[107.7048594,-6.9675082,0]]},"properties":{"name":"Jalan Tol Padalarang–Cileunyi","styleUrl":"#9439","stroke-opacity":1,"stroke":"#EC008C","stroke-width":4},"id":"9438"},{"type":"Feature","geometry":{"type":"LineString","coordinates":[[107.7301632,-6.9542907,0],[107.7275203,-6.955671,0]]},"properties":{"name":"Jalan Tol Padalarang–Cileunyi","styleUrl":"#9443","stroke-opacity":1,"stroke":"#EC008C","stroke-width":4},"id":"9442"},{"type":"Feature","geometry":{"type":"LineString","coordinates":[[107.6167242,-6.8991759,0],[107.6166693,-6.899167,0],[107.6163732,-6.8991191,0],[107.6161732,-6.8991101,0]]},"properties":{"name":"Jalan Surapati","styleUrl":"#9447","stroke-opacity":1,"stroke":"#EC008C","stroke-width":4},"id":"9446"},{"type":"Feature","geometry":{"type":"LineString","coordinates":[[107.6161732,-6.8991101,0],[107.6158534,-6.8991356,0]]},"properties":{"name":"Jalan Prabudimuntur","styleUrl":"#9451","stroke-opacity":1,"stroke":"#EC008C","stroke-width":4},"id":"9450"},{"type":"Feature","geometry":{"type":"LineString","coordinates":[[107.6261654,-6.9011784,0],[107.6260467,-6.9011405,0],[107.6258837,-6.9011178,0],[107.6255946,-6.9011159,0],[107.6255282,-6.9011147,0],[107.6253459,-6.9011252,0]]},"properties":{"name":"Jalan Diponegoro","styleUrl":"#9455","stroke-opacity":1,"stroke":"#EC008C","stroke-width":4},"id":"9454"},{"type":"Feature","geometry":{"type":"LineString","coordinates":[[107.7008012,-6.9689116,0],[107.7005692,-6.9689765,0],[107.700311,-6.9690394,0],[107.6994963,-6.9692194,0],[107.6986452,-6.9693772,0],[107.6978192,-6.9695123,0],[107.6969744,-6.969618,0],[107.696224,-6.9696943,0],[107.695469,-6.9697474,0],[107.6942774,-6.9697885,0],[107.6939365,-6.9697913,0],[107.6934312,-6.9697858,0],[107.6929457,-6.9697732,0],[107.6919077,-6.9697069,0],[107.6896263,-6.9694807,0],[107.6863341,-6.9691585,0],[107.6827551,-6.9687928,0],[107.6791187,-6.9684289,0],[107.6780871,-6.9683242,0]]},"properties":{"name":"Jalan Tol Padalarang–Cileunyi","styleUrl":"#9459","stroke-opacity":1,"stroke":"#EC008C","stroke-width":4},"id":"9458"},{"type":"Feature","geometry":{"type":"LineString","coordinates":[[107.613897,-6.960997,0],[107.6134261,-6.9610319,0]]},"properties":{"name":"Jalan Tol Padalarang–Cileunyi","styleUrl":"#9463","stroke-opacity":1,"stroke":"#EC008C","stroke-width":4},"id":"9462"},{"type":"Feature","geometry":{"type":"LineString","coordinates":[[107.6780871,-6.9683242,0],[107.6778075,-6.9682989,0]]},"properties":{"name":"Jalan Tol Padalarang–Cileunyi","styleUrl":"#9467","stroke-opacity":1,"stroke":"#EC008C","stroke-width":4},"id":"9466"},{"type":"Feature","geometry":{"type":"LineString","coordinates":[[107.7048594,-6.9675082,0],[107.7044989,-6.9676661,0]]},"properties":{"name":"Jalan Tol Padalarang–Cileunyi","styleUrl":"#9471","stroke-opacity":1,"stroke":"#EC008C","stroke-width":4},"id":"9470"},{"type":"Feature","geometry":{"type":"LineString","coordinates":[[107.6778075,-6.9682989,0],[107.6726434,-6.9677797,0],[107.6713623,-6.9676529,0]]},"properties":{"name":"Jalan Tol Padalarang–Cileunyi","styleUrl":"#9475","stroke-opacity":1,"stroke":"#EC008C","stroke-width":4},"id":"9474"},{"type":"Feature","geometry":{"type":"LineString","coordinates":[[107.6713623,-6.9676529,0],[107.671104,-6.967636,0]]},"properties":{"name":"Jalan Tol Padalarang–Cileunyi","styleUrl":"#9479","stroke-opacity":1,"stroke":"#EC008C","stroke-width":4},"id":"9478"},{"type":"Feature","geometry":{"type":"LineString","coordinates":[[107.6134261,-6.9610319,0],[107.609088,-6.9613408,0]]},"properties":{"name":"Jalan Tol Padalarang–Cileunyi","styleUrl":"#9483","stroke-opacity":1,"stroke":"#EC008C","stroke-width":4},"id":"9482"},{"type":"Feature","geometry":{"type":"LineString","coordinates":[[107.671104,-6.967636,0],[107.6700893,-6.9675947,0],[107.6691132,-6.9676097,0],[107.6670335,-6.9676825,0],[107.6665138,-6.9676607,0],[107.6656039,-6.967624,0],[107.664696,-6.9675308,0],[107.663792,-6.9673834,0],[107.6617852,-6.9668859,0],[107.6605412,-6.9665435,0]]},"properties":{"name":"Jalan Tol Padalarang–Cileunyi","styleUrl":"#9487","stroke-opacity":1,"stroke":"#EC008C","stroke-width":4},"id":"9486"},{"type":"Feature","geometry":{"type":"LineString","coordinates":[[107.616019,-6.8975661,0],[107.6160824,-6.8976971,0],[107.6161206,-6.8977917,0],[107.6161489,-6.8978851,0],[107.6161542,-6.8979225,0],[107.6161572,-6.8979434,0],[107.6161675,-6.8980166,0],[107.6161662,-6.8981131,0],[107.6161577,-6.8981816,0],[107.6161352,-6.898308,0]]},"properties":{"name":"Jalan Penata Yudha","styleUrl":"#9491","stroke-opacity":1,"stroke":"#EC008C","stroke-width":4},"id":"9490"},{"type":"Feature","geometry":{"type":"LineString","coordinates":[[107.776244,-6.9318784,0],[107.7762325,-6.9320131,0],[107.7762501,-6.9321296,0],[107.7762693,-6.9323028,0],[107.7762922,-6.9324767,0],[107.7762866,-6.9325196,0],[107.7762705,-6.9325543,0],[107.7762552,-6.9325747,0],[107.7762399,-6.9325899,0]]},"properties":{"name":"Route Segment","styleUrl":"#9495","stroke-opacity":1,"stroke":"#EC008C","stroke-width":4},"id":"9494"},{"type":"Feature","geometry":{"type":"LineString","coordinates":[[107.6227233,-6.9368982,0],[107.622754,-6.9368771,0],[107.6229268,-6.9367508,0],[107.6231054,-6.9365872,0],[107.6235951,-6.9361186,0]]},"properties":{"name":"Jalan Pelajar Pejuang 45","styleUrl":"#9499","stroke-opacity":1,"stroke":"#EC008C","stroke-width":4},"id":"9498"},{"type":"Feature","geometry":{"type":"LineString","coordinates":[[107.6299627,-6.9157488,0],[107.6300393,-6.9157014,0]]},"properties":{"name":"Jalan Jenderal Ahmad Yani","styleUrl":"#9503","stroke-opacity":1,"stroke":"#EC008C","stroke-width":4},"id":"9502"},{"type":"Feature","geometry":{"type":"LineString","coordinates":[[107.6331914,-6.9117162,0],[107.6331611,-6.9116686,0],[107.63286,-6.9112379,0],[107.6321776,-6.9101794,0],[107.6319159,-6.9097735,0],[107.6317052,-6.9094522,0],[107.6315424,-6.9092038,0],[107.6314551,-6.9090707,0],[107.6312067,-6.9086918,0],[107.6310811,-6.9085001,0],[107.6309892,-6.90836,0],[107.6308809,-6.9081948,0],[107.6306426,-6.9078314,0],[107.6305913,-6.9077531,0]]},"properties":{"name":"Jalan Supratman","styleUrl":"#9507","stroke-opacity":1,"stroke":"#EC008C","stroke-width":4},"id":"9506"},{"type":"Feature","geometry":{"type":"LineString","coordinates":[[107.609088,-6.9613408,0],[107.6087547,-6.9613656,0]]},"properties":{"name":"Jalan Tol Padalarang–Cileunyi","styleUrl":"#9511","stroke-opacity":1,"stroke":"#EC008C","stroke-width":4},"id":"9510"},{"type":"Feature","geometry":{"type":"LineString","coordinates":[[107.6087547,-6.9613656,0],[107.6083346,-6.961397,0],[107.6061709,-6.9615586,0],[107.6052772,-6.9616227,0]]},"properties":{"name":"Jalan Tol Padalarang–Cileunyi","styleUrl":"#9515","stroke-opacity":1,"stroke":"#EC008C","stroke-width":4},"id":"9514"},{"type":"Feature","geometry":{"type":"LineString","coordinates":[[107.6109871,-6.9561266,0],[107.6115714,-6.9559139,0]]},"properties":{"name":"Route Segment","styleUrl":"#9519","stroke-opacity":1,"stroke":"#EC008C","stroke-width":4},"id":"9518"},{"type":"Feature","geometry":{"type":"LineString","coordinates":[[107.6108621,-6.9561653,0],[107.6109871,-6.9561266,0]]},"properties":{"name":"Route Segment","styleUrl":"#9523","stroke-opacity":1,"stroke":"#EC008C","stroke-width":4},"id":"9522"},{"type":"Feature","geometry":{"type":"LineString","coordinates":[[107.6192733,-6.8999367,0],[107.6192643,-6.8995771,0],[107.61926,-6.89948,0],[107.6192595,-6.8994625,0],[107.6192514,-6.8994349,0]]},"properties":{"name":"Jalan Sentot Alibasyah","styleUrl":"#9527","stroke-opacity":1,"stroke":"#EC008C","stroke-width":4},"id":"9526"},{"type":"Feature","geometry":{"type":"LineString","coordinates":[[107.6313458,-6.9186198,0],[107.6312618,-6.9184409,0],[107.6312506,-6.9184177,0],[107.6307188,-6.9173125,0]]},"properties":{"name":"Jalan Laswi","styleUrl":"#9531","stroke-opacity":1,"stroke":"#EC008C","stroke-width":4},"id":"9530"},{"type":"Feature","geometry":{"type":"LineString","coordinates":[[107.6158534,-6.8991356,0],[107.6148451,-6.8991266,0],[107.6136829,-6.8990999,0],[107.6131076,-6.8990838,0],[107.6130507,-6.8990822,0]]},"properties":{"name":"Jalan Prabu Dimuntur","styleUrl":"#9535","stroke-opacity":1,"stroke":"#EC008C","stroke-width":4},"id":"9534"},{"type":"Feature","geometry":{"type":"LineString","coordinates":[[107.6168823,-6.8955917,0],[107.6166188,-6.8959561,0],[107.6162817,-6.8963301,0],[107.6159883,-6.8966062,0],[107.6155865,-6.8969383,0]]},"properties":{"name":"Jalan Dipatiukur","styleUrl":"#9539","stroke-opacity":1,"stroke":"#EC008C","stroke-width":4},"id":"9538"},{"type":"Feature","geometry":{"type":"LineString","coordinates":[[107.6061633,-6.9376173,0],[107.6061721,-6.9375296,0]]},"properties":{"name":"Jalan Mohammad Toha","styleUrl":"#9543","stroke-opacity":1,"stroke":"#EC008C","stroke-width":4},"id":"9542"},{"type":"Feature","geometry":{"type":"LineString","coordinates":[[107.6301128,-6.9069879,0],[107.6300535,-6.9068943,0],[107.629843,-6.9065566,0]]},"properties":{"name":"Jalan Supratman","styleUrl":"#9547","stroke-opacity":1,"stroke":"#EC008C","stroke-width":4},"id":"9546"},{"type":"Feature","geometry":{"type":"LineString","coordinates":[[107.6174318,-6.8947388,0],[107.6172839,-6.8949841,0],[107.617258,-6.8950233,0],[107.6172155,-6.8950876,0],[107.6168823,-6.8955917,0]]},"properties":{"name":"Jalan Dipatiukur","styleUrl":"#9551","stroke-opacity":1,"stroke":"#EC008C","stroke-width":4},"id":"9550"},{"type":"Feature","geometry":{"type":"LineString","coordinates":[[107.6178188,-6.8923923,0],[107.6179955,-6.8925877,0]]},"properties":{"name":"Jalan Dipatiukur","styleUrl":"#9555","stroke-opacity":1,"stroke":"#EC008C","stroke-width":4},"id":"9554"},{"type":"Feature","geometry":{"type":"LineString","coordinates":[[107.624963,-6.9011352,0],[107.6248142,-6.9011383,0],[107.6245024,-6.9011448,0],[107.6243173,-6.9011486,0],[107.6241682,-6.9011517,0],[107.6240859,-6.9011536,0],[107.6240223,-6.9011551,0],[107.6238271,-6.9011596,0],[107.6237622,-6.9011611,0],[107.6236741,-6.9011631,0],[107.6234939,-6.9011666,0],[107.6232646,-6.901171,0],[107.6231861,-6.9011725,0],[107.6229595,-6.9011769,0],[107.6229193,-6.9011777,0],[107.6227,-6.901182,0],[107.6226543,-6.9011828,0],[107.6224364,-6.9011901,0],[107.6223306,-6.9011924,0],[107.6222064,-6.9011951,0],[107.6216513,-6.9012073,0],[107.6215707,-6.9012091,0],[107.621546,-6.9012096,0],[107.6210608,-6.9012202,0],[107.6208411,-6.9012258,0],[107.6201283,-6.9012501,0],[107.619705,-6.9012645,0],[107.6195121,-6.9012668,0],[107.619423,-6.9012693,0]]},"properties":{"name":"Jalan Diponegoro","styleUrl":"#9559","stroke-opacity":1,"stroke":"#EC008C","stroke-width":4},"id":"9558"},{"type":"Feature","geometry":{"type":"LineString","coordinates":[[107.6127959,-6.9377381,0],[107.6128099,-6.9377383,0],[107.6141135,-6.9377842,0],[107.6162137,-6.9379,0],[107.6176675,-6.9379879,0],[107.6179579,-6.9380065,0],[107.6180652,-6.9380134,0],[107.6187551,-6.9380576,0],[107.6192607,-6.9380784,0],[107.6196527,-6.9380817,0],[107.6199071,-6.9380597,0],[107.620207,-6.9380111,0]]},"properties":{"name":"Jalan BKR","styleUrl":"#9563","stroke-opacity":1,"stroke":"#EC008C","stroke-width":4},"id":"9562"},{"type":"Feature","geometry":{"type":"LineString","coordinates":[[107.6096639,-6.9376389,0],[107.610179,-6.937657,0],[107.6104253,-6.9376656,0],[107.6110405,-6.9376854,0],[107.6113683,-6.9376957,0]]},"properties":{"name":"Jalan BKR","styleUrl":"#9567","stroke-opacity":1,"stroke":"#EC008C","stroke-width":4},"id":"9566"},{"type":"Feature","geometry":{"type":"LineString","coordinates":[[107.6086676,-6.9461425,0],[107.6086093,-6.945971,0],[107.6085871,-6.9459059,0],[107.608562,-6.9458321,0],[107.6085284,-6.9457333,0],[107.6084824,-6.9455982,0],[107.6084779,-6.9455849,0],[107.6084496,-6.9455018,0],[107.608427,-6.9454354,0],[107.608407,-6.9453744,0],[107.6083491,-6.945205,0],[107.6082597,-6.9449435,0],[107.6082426,-6.9448934,0],[107.6082103,-6.9447985,0],[107.6080915,-6.9444492,0],[107.6079672,-6.944084,0],[107.6078706,-6.9438055,0],[107.607766,-6.9435054,0],[107.6077347,-6.9434128,0],[107.607677,-6.9432421,0],[107.6076477,-6.9431556,0]]},"properties":{"name":"Jalan Mohammad Toha","styleUrl":"#9571","stroke-opacity":1,"stroke":"#EC008C","stroke-width":4},"id":"9570"},{"type":"Feature","geometry":{"type":"LineString","coordinates":[[107.6264291,-6.9295004,0],[107.6264391,-6.9294553,0],[107.6264613,-6.9293556,0],[107.6265855,-6.9288571,0],[107.6267919,-6.9280215,0],[107.6269614,-6.9273361,0]]},"properties":{"name":"Jalan Pelajar Pejuang 45","styleUrl":"#9575","stroke-opacity":1,"stroke":"#EC008C","stroke-width":4},"id":"9574"},{"type":"Feature","geometry":{"type":"LineString","coordinates":[[107.6256947,-6.9324168,0],[107.6257279,-6.9322848,0],[107.6257914,-6.9320326,0],[107.6258532,-6.9317868,0],[107.6260656,-6.9309431,0],[107.6260901,-6.9308456,0],[107.6261208,-6.9307238,0],[107.6263851,-6.9296738,0]]},"properties":{"name":"Jalan Pelajar Pejuang 45","styleUrl":"#9579","stroke-opacity":1,"stroke":"#EC008C","stroke-width":4},"id":"9578"},{"type":"Feature","geometry":{"type":"LineString","coordinates":[[107.6193022,-6.9012716,0],[107.6193024,-6.9011929,0]]},"properties":{"name":"Jalan Sentot Alibasyah","styleUrl":"#9583","stroke-opacity":1,"stroke":"#EC008C","stroke-width":4},"id":"9582"},{"type":"Feature","geometry":{"type":"LineString","coordinates":[[107.6089854,-6.9482416,0],[107.6091215,-6.9482171,0],[107.6091635,-6.9482034,0],[107.6091847,-6.9481943,0],[107.6092024,-6.9481834,0],[107.6092158,-6.9481721,0],[107.6092305,-6.9481568,0],[107.6092432,-6.9481413,0],[107.6092554,-6.9481208,0],[107.6092687,-6.9480936,0],[107.6092789,-6.9480682,0],[107.6092906,-6.948039,0],[107.6093038,-6.9479813,0]]},"properties":{"name":"Route Segment","styleUrl":"#9587","stroke-opacity":1,"stroke":"#EC008C","stroke-width":4},"id":"9586"},{"type":"Feature","geometry":{"type":"LineString","coordinates":[[107.6095322,-6.9486416,0],[107.6094657,-6.9485947,0],[107.6094231,-6.9485507,0],[107.6093919,-6.9485164,0],[107.6093631,-6.9484883,0],[107.6093357,-6.948465,0],[107.6092838,-6.9484357,0],[107.6092254,-6.948413,0],[107.6091509,-6.9483908,0],[107.6089974,-6.9483475,0]]},"properties":{"name":"Route Segment","styleUrl":"#9591","stroke-opacity":1,"stroke":"#EC008C","stroke-width":4},"id":"9590"},{"type":"Feature","geometry":{"type":"LineString","coordinates":[[107.620207,-6.9380111,0],[107.6204439,-6.9379553,0]]},"properties":{"name":"Jalan BKR","styleUrl":"#9595","stroke-opacity":1,"stroke":"#EC008C","stroke-width":4},"id":"9594"},{"type":"Feature","geometry":{"type":"LineString","coordinates":[[107.621238,-6.9376849,0],[107.6213731,-6.9376336,0],[107.6222214,-6.9372434,0],[107.6224276,-6.9371006,0]]},"properties":{"name":"Jalan BKR","styleUrl":"#9599","stroke-opacity":1,"stroke":"#EC008C","stroke-width":4},"id":"9598"},{"type":"Feature","geometry":{"type":"LineString","coordinates":[[107.6305913,-6.9077531,0],[107.6302838,-6.9079553,0],[107.6301163,-6.9080655,0],[107.6299488,-6.9081756,0],[107.6297436,-6.9082432,0],[107.629633,-6.9082512,0],[107.6295506,-6.9082404,0],[107.6294925,-6.9082151,0],[107.629441,-6.9081795,0],[107.6293885,-6.9081299,0]]},"properties":{"name":"Jalan Lapang Supratman","styleUrl":"#9603","stroke-opacity":1,"stroke":"#EC008C","stroke-width":4},"id":"9602"},{"type":"Feature","geometry":{"type":"LineString","coordinates":[[107.7640121,-6.9510671,0],[107.7640881,-6.9511546,0],[107.7641161,-6.951214,0],[107.7641203,-6.9512651,0],[107.7640908,-6.9513237,0],[107.7640571,-6.9513525,0],[107.7640289,-6.9513724,0],[107.7639634,-6.9513757,0],[107.7638858,-6.9513467,0]]},"properties":{"name":"Route Segment","styleUrl":"#9607","stroke-opacity":1,"stroke":"#EC008C","stroke-width":4},"id":"9606"},{"type":"Feature","geometry":{"type":"LineString","coordinates":[[107.6311335,-6.9151604,0],[107.6313219,-6.9150573,0],[107.631392,-6.915019,0],[107.6314854,-6.9149679,0],[107.6316428,-6.9148818,0],[107.6320747,-6.9146547,0],[107.6322869,-6.9145432,0],[107.6325601,-6.9143996,0],[107.6327618,-6.9142935,0],[107.6327884,-6.9142791,0],[107.6328365,-6.9142566,0],[107.6329881,-6.9141745,0],[107.6332108,-6.9140574,0],[107.6333413,-6.9139888,0]]},"properties":{"name":"Jalan Jenderal Ahmad Yani","styleUrl":"#9611","stroke-opacity":1,"stroke":"#EC008C","stroke-width":4},"id":"9610"},{"type":"Feature","geometry":{"type":"LineString","coordinates":[[107.629843,-6.9065566,0],[107.628346,-6.9042755,0],[107.6283044,-6.9042145,0],[107.628228,-6.9041026,0],[107.6282013,-6.9040635,0],[107.627945,-6.903657,0],[107.6278545,-6.9035173,0],[107.6272147,-6.9025295,0],[107.6268326,-6.9019273,0],[107.6265672,-6.9015367,0],[107.6264463,-6.9013828,0],[107.6262854,-6.901239,0],[107.6261654,-6.9011784,0]]},"properties":{"name":"Jalan Supratman","styleUrl":"#9615","stroke-opacity":1,"stroke":"#EC008C","stroke-width":4},"id":"9614"},{"type":"Feature","geometry":{"type":"LineString","coordinates":[[107.7675768,-6.9350493,0],[107.7673973,-6.9351121,0],[107.7672831,-6.9351502,0],[107.7669177,-6.9352475,0],[107.7664849,-6.9353658,0],[107.7661291,-6.9354578,0],[107.765904,-6.9355219,0],[107.7657643,-6.9355617,0],[107.7655987,-6.935608,0],[107.7655034,-6.9356283,0],[107.7653893,-6.9356639,0],[107.7651879,-6.9357204,0],[107.7651014,-6.9357446,0],[107.7650401,-6.9357614,0],[107.7649659,-6.9357849,0],[107.7645137,-6.935903,0],[107.764459,-6.9359161,0],[107.7643159,-6.9359584,0],[107.7640295,-6.9360455,0],[107.7639484,-6.9360702,0],[107.7636862,-6.9361566,0],[107.7634952,-6.9362167,0],[107.763187,-6.936307,0],[107.7629285,-6.9363783,0],[107.7627475,-6.9364226,0],[107.7626242,-6.9364548,0],[107.7624947,-6.9364949,0],[107.761476,-6.9368213,0],[107.7606761,-6.9370526,0],[107.7606007,-6.9370763,0],[107.7602275,-6.9371824,0],[107.7596515,-6.9373642,0],[107.7590167,-6.9375357,0],[107.7586446,-6.9376024,0],[107.7585557,-6.9376183,0],[107.758259,-6.9376738,0],[107.7581947,-6.937686,0],[107.7579006,-6.9377401,0],[107.7575071,-6.9377895,0]]},"properties":{"name":"Jalan Raya Jatinangor","styleUrl":"#9619","stroke-opacity":1,"stroke":"#EC008C","stroke-width":4},"id":"9618"},{"type":"Feature","geometry":{"type":"LineString","coordinates":[[107.6300893,-6.9160089,0],[107.6300294,-6.9158899,0],[107.6299922,-6.9158161,0]]},"properties":{"name":"Jalan Laswi","styleUrl":"#9623","stroke-opacity":1,"stroke":"#EC008C","stroke-width":4},"id":"9622"},{"type":"Feature","geometry":{"type":"LineString","coordinates":[[107.7555143,-6.9419798,0],[107.7555465,-6.9420347,0],[107.7555912,-6.9420993,0],[107.7556445,-6.9421675,0],[107.7560434,-6.9426557,0],[107.7563393,-6.9430093,0],[107.7565272,-6.9432199,0],[107.7574594,-6.9442003,0],[107.7576136,-6.9443602,0],[107.7577971,-6.9445648,0],[107.7578933,-6.944712,0],[107.7579497,-6.9448013,0],[107.7580006,-6.9449464,0],[107.7580938,-6.9455593,0],[107.7581549,-6.9459515,0],[107.758233,-6.9461825,0]]},"properties":{"name":"Jalan Raya Cipacing","styleUrl":"#9627","stroke-opacity":1,"stroke":"#EC008C","stroke-width":4},"id":"9626"},{"type":"Feature","geometry":{"type":"LineString","coordinates":[[107.6176835,-6.8943336,0],[107.6177104,-6.8942378,0],[107.6177564,-6.8941579,0],[107.6178531,-6.8940151,0],[107.6178962,-6.8939401,0],[107.6179191,-6.893871,0],[107.6179139,-6.8934868,0],[107.6179108,-6.8934136,0],[107.6179071,-6.8932726,0],[107.6178942,-6.8927885,0],[107.6178794,-6.8926864,0],[107.6178188,-6.8923923,0]]},"properties":{"name":"Jalan Dipatiukur","styleUrl":"#9631","stroke-opacity":1,"stroke":"#EC008C","stroke-width":4},"id":"9630"},{"type":"Feature","geometry":{"type":"LineString","coordinates":[[107.7733603,-6.9333503,0],[107.773198,-6.9333982,0],[107.7730158,-6.9334383,0],[107.7727388,-6.9334992,0],[107.7725047,-6.9335701,0],[107.7722781,-6.9336427,0],[107.7719941,-6.9337276,0],[107.7717215,-6.9338177,0],[107.7716528,-6.9338358,0],[107.7714354,-6.9339085,0],[107.7713755,-6.9339286,0],[107.7712431,-6.933968,0],[107.7711133,-6.9340114,0],[107.7709605,-6.9340638,0],[107.7709162,-6.9340772,0],[107.7705413,-6.9341968,0],[107.7702364,-6.9342916,0],[107.7701854,-6.9343067,0],[107.7700339,-6.9343516,0],[107.7699868,-6.9343642,0],[107.7698756,-6.9343962,0],[107.7697367,-6.9344344,0],[107.7694684,-6.9345104,0],[107.7692651,-6.9345654,0],[107.7692304,-6.9345758,0],[107.7689424,-6.9346581,0],[107.7687964,-6.9347019,0],[107.768696,-6.9347256,0],[107.7684592,-6.9347916,0],[107.7683791,-6.9348137,0],[107.7682046,-6.9348619,0],[107.7680368,-6.934913,0],[107.7678269,-6.9349786,0],[107.7676197,-6.9350369,0],[107.7675768,-6.9350493,0]]},"properties":{"name":"Jalan Raya Jatinangor","styleUrl":"#9635","stroke-opacity":1,"stroke":"#EC008C","stroke-width":4},"id":"9634"},{"type":"Feature","geometry":{"type":"LineString","coordinates":[[107.7762399,-6.9325899,0],[107.7758361,-6.9326913,0],[107.7752875,-6.9328343,0],[107.7750065,-6.9329163,0],[107.7748177,-6.9329675,0],[107.7746097,-6.9330162,0],[107.7744488,-6.9330582,0],[107.7743896,-6.9330745,0],[107.7742535,-6.9331121,0],[107.7738953,-6.9332064,0],[107.7736143,-6.9332754,0],[107.7735077,-6.9333045,0],[107.7733603,-6.9333503,0]]},"properties":{"name":"Jalan Raya Jatinangor","styleUrl":"#9639","stroke-opacity":1,"stroke":"#EC008C","stroke-width":4},"id":"9638"},{"type":"Feature","geometry":{"type":"LineString","coordinates":[[107.6176835,-6.8943336,0],[107.6175117,-6.8946008,0],[107.6174318,-6.8947388,0]]},"properties":{"name":"Jalan Dipatiukur","styleUrl":"#9643","stroke-opacity":1,"stroke":"#EC008C","stroke-width":4},"id":"9642"},{"type":"Feature","geometry":{"type":"LineString","coordinates":[[107.7758563,-6.9316463,0],[107.7760667,-6.9316374,0],[107.7761386,-6.9316302,0],[107.7761589,-6.9316372,0],[107.7761934,-6.9316543,0],[107.776211,-6.9316776,0],[107.7762203,-6.9317177,0],[107.7762347,-6.9317883,0],[107.776244,-6.9318784,0]]},"properties":{"name":"Jalan Raya Jatinangor","styleUrl":"#9647","stroke-opacity":1,"stroke":"#EC008C","stroke-width":4},"id":"9646"},{"type":"Feature","geometry":{"type":"LineString","coordinates":[[107.6117909,-6.9555998,0],[107.6117857,-6.9555778,0],[107.611748,-6.9554589,0],[107.6117404,-6.9554321,0],[107.6116741,-6.9552221,0]]},"properties":{"name":"Jalan Mohammad Toha","styleUrl":"#9651","stroke-opacity":1,"stroke":"#EC008C","stroke-width":4},"id":"9650"},{"type":"Feature","geometry":{"type":"LineString","coordinates":[[107.6061483,-6.9378682,0],[107.6061566,-6.9377293,0],[107.6061595,-6.9376808,0],[107.6061633,-6.9376173,0]]},"properties":{"name":"Jalan Mohammad Toha","styleUrl":"#9655","stroke-opacity":1,"stroke":"#EC008C","stroke-width":4},"id":"9654"},{"type":"Feature","geometry":{"type":"LineString","coordinates":[[107.6116113,-6.9549027,0],[107.6115903,-6.9548395,0],[107.6115567,-6.9547392,0],[107.6115404,-6.9546891,0],[107.6115168,-6.954618,0],[107.6115056,-6.9545841,0],[107.6114306,-6.9543571,0],[107.6114039,-6.9542777,0],[107.6113779,-6.9541994,0],[107.6113491,-6.9541126,0],[107.6113021,-6.953971,0],[107.6112433,-6.9537939,0],[107.6112087,-6.9536897,0],[107.6111523,-6.9535196,0],[107.6111025,-6.9533696,0],[107.6110127,-6.9530992,0],[107.6109821,-6.9530069,0],[107.6109598,-6.9529395,0],[107.610882,-6.9527052,0],[107.6108172,-6.9525101,0],[107.6107154,-6.9522033,0],[107.610704,-6.9521688,0],[107.6106927,-6.9521348,0],[107.6106289,-6.9519383,0],[107.6105529,-6.9517136,0],[107.6105221,-6.9516206,0],[107.6103079,-6.9509754,0],[107.6101654,-6.950546,0],[107.6101111,-6.9503823,0],[107.609996,-6.9500355,0]]},"properties":{"name":"Jalan Mohammad Toha","styleUrl":"#9659","stroke-opacity":1,"stroke":"#EC008C","stroke-width":4},"id":"9658"},{"type":"Feature","geometry":{"type":"LineString","coordinates":[[107.606583,-6.9375409,0],[107.6066558,-6.9375429,0],[107.6067624,-6.9375463,0],[107.6075417,-6.9375714,0],[107.6083051,-6.9375959,0],[107.608358,-6.9375976,0],[107.6084176,-6.9375995,0]]},"properties":{"name":"Jalan BKR","styleUrl":"#9663","stroke-opacity":1,"stroke":"#EC008C","stroke-width":4},"id":"9662"},{"type":"Feature","geometry":{"type":"LineString","coordinates":[[107.6191325,-6.8993561,0],[107.6190893,-6.8993576,0],[107.6180305,-6.8993791,0],[107.6176554,-6.8993298,0],[107.6168185,-6.899178,0],[107.6167242,-6.8991759,0]]},"properties":{"name":"Jalan Surapati","styleUrl":"#9667","stroke-opacity":1,"stroke":"#EC008C","stroke-width":4},"id":"9666"},{"type":"Feature","geometry":{"type":"LineString","coordinates":[[107.6254318,-6.9335047,0],[107.6256261,-6.9326844,0],[107.6256334,-6.9326601,0],[107.6256715,-6.9325087,0]]},"properties":{"name":"Jalan Pelajar Pejuang 45","styleUrl":"#9671","stroke-opacity":1,"stroke":"#EC008C","stroke-width":4},"id":"9670"},{"type":"Feature","geometry":{"type":"LineString","coordinates":[[107.6224276,-6.9371006,0],[107.6226063,-6.9369795,0],[107.6226363,-6.9369591,0],[107.6226877,-6.9369246,0]]},"properties":{"name":"Jalan BKR","styleUrl":"#9675","stroke-opacity":1,"stroke":"#EC008C","stroke-width":4},"id":"9674"},{"type":"Feature","geometry":{"type":"LineString","coordinates":[[107.6061749,-6.938344,0],[107.6061574,-6.9383237,0],[107.6061507,-6.9383009,0],[107.6061483,-6.9378682,0]]},"properties":{"name":"Jalan Mohammad Toha","styleUrl":"#9679","stroke-opacity":1,"stroke":"#EC008C","stroke-width":4},"id":"9678"},{"type":"Feature","geometry":{"type":"LineString","coordinates":[[107.6303085,-6.9155587,0],[107.6310524,-6.9151724,0],[107.6311335,-6.9151604,0]]},"properties":{"name":"Jalan Jenderal Ahmad Yani","styleUrl":"#9683","stroke-opacity":1,"stroke":"#EC008C","stroke-width":4},"id":"9682"},{"type":"Feature","geometry":{"type":"LineString","coordinates":[[107.6305226,-6.9217699,0],[107.6306231,-6.9213863,0],[107.6307528,-6.9208907,0],[107.630896,-6.920344,0],[107.6309533,-6.9201253,0],[107.6309827,-6.9200131,0],[107.630993,-6.9199735,0]]},"properties":{"name":"Jalan Laswi","styleUrl":"#9687","stroke-opacity":1,"stroke":"#EC008C","stroke-width":4},"id":"9686"},{"type":"Feature","geometry":{"type":"LineString","coordinates":[[107.6304684,-6.9219055,0],[107.6305226,-6.9217699,0]]},"properties":{"name":"Jalan Laswi","styleUrl":"#9691","stroke-opacity":1,"stroke":"#EC008C","stroke-width":4},"id":"9690"},{"type":"Feature","geometry":{"type":"LineString","coordinates":[[107.7582047,-6.9463533,0],[107.7581185,-6.9462528,0]]},"properties":{"name":"Jalan Raya Cipacing","styleUrl":"#9695","stroke-opacity":1,"stroke":"#EC008C","stroke-width":4},"id":"9694"},{"type":"Feature","geometry":{"type":"LineString","coordinates":[[107.758233,-6.9461825,0],[107.7582715,-6.9462591,0],[107.7583334,-6.9463236,0]]},"properties":{"name":"Jalan Raya Cipacing","styleUrl":"#9699","stroke-opacity":1,"stroke":"#EC008C","stroke-width":4},"id":"9698"},{"type":"Feature","geometry":{"type":"LineString","coordinates":[[107.7583334,-6.9463236,0],[107.7585779,-6.9465346,0],[107.7591741,-6.9470535,0],[107.7595709,-6.9473958,0],[107.7600202,-6.947793,0],[107.7607282,-6.9483898,0],[107.7609507,-6.9485896,0],[107.7611973,-6.9488002,0],[107.7614413,-6.9490204,0],[107.7617633,-6.9492982,0],[107.762128,-6.949611,0],[107.7621805,-6.9496545,0],[107.762789,-6.9502135,0],[107.762855,-6.9502679,0],[107.7630768,-6.9504644,0],[107.7633913,-6.9507133,0],[107.7635315,-6.95081,0],[107.7636418,-6.950877,0],[107.7640121,-6.9510671,0]]},"properties":{"name":"Jalan Raya Cipacing","styleUrl":"#9703","stroke-opacity":1,"stroke":"#EC008C","stroke-width":4},"id":"9702"},{"type":"Feature","geometry":{"type":"LineString","coordinates":[[107.7637278,-6.9512076,0],[107.7636967,-6.9511802,0],[107.7633764,-6.9508895,0],[107.7632519,-6.9507762,0],[107.7628973,-6.9504774,0],[107.7627113,-6.9503256,0],[107.7623174,-6.9499795,0],[107.7620876,-6.9497659,0],[107.7620039,-6.9496968,0],[107.7617899,-6.9495203,0],[107.7615197,-6.949285,0],[107.761415,-6.949195,0],[107.7603657,-6.9482848,0],[107.7601193,-6.9480656,0],[107.7598531,-6.9478402,0],[107.7596439,-6.94767,0],[107.7592759,-6.9473471,0],[107.7589074,-6.9469995,0],[107.7585289,-6.9466629,0],[107.7582233,-6.9463751,0],[107.7582047,-6.9463533,0]]},"properties":{"name":"Jalan Raya Cipacing","styleUrl":"#9707","stroke-opacity":1,"stroke":"#EC008C","stroke-width":4},"id":"9706"},{"type":"Feature","geometry":{"type":"LineString","coordinates":[[107.6054387,-6.9480071,0],[107.6057218,-6.9480258,0],[107.6059845,-6.9480432,0],[107.6061148,-6.9480518,0],[107.6064402,-6.9480733,0],[107.6065499,-6.9480806,0],[107.6067107,-6.9480912,0],[107.6070517,-6.9481138,0],[107.6072587,-6.9481274,0],[107.6073396,-6.9481328,0],[107.6077353,-6.9481589,0],[107.6080187,-6.9481777,0],[107.6086542,-6.9482197,0],[107.6089854,-6.9482416,0]]},"properties":{"name":"Jalan Soekarno-Hatta","styleUrl":"#9711","stroke-opacity":1,"stroke":"#EC008C","stroke-width":4},"id":"9710"},{"type":"Feature","geometry":{"type":"LineString","coordinates":[[107.6089974,-6.9483475,0],[107.6088993,-6.9483444,0],[107.6087518,-6.9483342,0],[107.6084452,-6.9483129,0],[107.6082859,-6.9483019,0],[107.6079479,-6.9482785,0],[107.6076198,-6.9482557,0],[107.6075247,-6.9482491,0],[107.6072566,-6.9482306,0],[107.6072047,-6.948227,0],[107.6071349,-6.9482221,0],[107.6070593,-6.9482169,0],[107.6065158,-6.9481792,0],[107.6063661,-6.9481689,0],[107.6056908,-6.9481221,0],[107.6054314,-6.9481041,0]]},"properties":{"name":"Jalan Soekarno-Hatta","styleUrl":"#9715","stroke-opacity":1,"stroke":"#EC008C","stroke-width":4},"id":"9714"},{"type":"Feature","geometry":{"type":"LineString","coordinates":[[107.6242877,-6.9636447,0],[107.6240196,-6.9635519,0]]},"properties":{"name":"Jalan Tol Padalarang–Cileunyi","styleUrl":"#9719","stroke-opacity":1,"stroke":"#EC008C","stroke-width":4},"id":"9718"},{"type":"Feature","geometry":{"type":"LineString","coordinates":[[107.6280445,-6.9645778,0],[107.62756,-6.9644995,0],[107.627086,-6.9644104,0],[107.6262714,-6.9642167,0],[107.625309,-6.9639661,0],[107.6242877,-6.9636447,0]]},"properties":{"name":"Jalan Tol Padalarang–Cileunyi","styleUrl":"#9723","stroke-opacity":1,"stroke":"#EC008C","stroke-width":4},"id":"9722"},{"type":"Feature","geometry":{"type":"LineString","coordinates":[[107.6293885,-6.9081299,0],[107.6293159,-6.9080334,0],[107.6292485,-6.9079205,0]]},"properties":{"name":"Jalan Lapang Supratman","styleUrl":"#9727","stroke-opacity":1,"stroke":"#EC008C","stroke-width":4},"id":"9726"},{"type":"Feature","geometry":{"type":"LineString","coordinates":[[107.7500992,-6.9452682,0],[107.7500094,-6.9452192,0],[107.7498961,-6.9451275,0],[107.7497556,-6.9449936,0],[107.7496368,-6.9449014,0],[107.7494931,-6.9448347,0],[107.749357,-6.9448082,0],[107.7492184,-6.9448102,0],[107.7490775,-6.9448404,0],[107.7486306,-6.9449883,0],[107.748288,-6.9451184,0],[107.747941,-6.9452446,0],[107.747485,-6.9454377,0],[107.7471611,-6.9454913,0]]},"properties":{"name":"Simpang Susun Cileunyi","styleUrl":"#9731","stroke-opacity":1,"stroke":"#EC008C","stroke-width":4},"id":"9730"},{"type":"Feature","geometry":{"type":"LineString","coordinates":[[107.6115714,-6.9559139,0],[107.6117244,-6.9558114,0],[107.6117733,-6.9557675,0],[107.6117861,-6.9557162,0],[107.6117861,-6.955665,0],[107.6117909,-6.9555998,0]]},"properties":{"name":"Route Segment","styleUrl":"#9735","stroke-opacity":1,"stroke":"#EC008C","stroke-width":4},"id":"9734"},{"type":"Feature","geometry":{"type":"LineString","coordinates":[[107.6116741,-6.9552221,0],[107.6116137,-6.9550271,0],[107.6116113,-6.9549027,0]]},"properties":{"name":"Jalan Mohammad Toha","styleUrl":"#9739","stroke-opacity":1,"stroke":"#EC008C","stroke-width":4},"id":"9738"},{"type":"Feature","geometry":{"type":"LineString","coordinates":[[107.7471611,-6.9454913,0],[107.7468279,-6.9455708,0],[107.7465409,-6.9456587,0],[107.7455018,-6.9461073,0],[107.7429282,-6.9473374,0],[107.7411818,-6.9482906,0],[107.7301632,-6.9542907,0]]},"properties":{"name":"Jalan Tol Padalarang–Cileunyi","styleUrl":"#9743","stroke-opacity":1,"stroke":"#EC008C","stroke-width":4},"id":"9742"},{"type":"Feature","geometry":{"type":"LineString","coordinates":[[107.7010781,-6.9688314,0],[107.7008012,-6.9689116,0]]},"properties":{"name":"Jalan Tol Padalarang–Cileunyi","styleUrl":"#9747","stroke-opacity":1,"stroke":"#EC008C","stroke-width":4},"id":"9746"},{"type":"Feature","geometry":{"type":"LineString","coordinates":[[107.7044989,-6.9676661,0],[107.704084,-6.9678305,0],[107.7039497,-6.9678837,0],[107.7031639,-6.9681951,0],[107.7022147,-6.9684965,0],[107.7017514,-6.9686443,0],[107.7014617,-6.9687265,0],[107.7010781,-6.9688314,0]]},"properties":{"name":"Jalan Tol Padalarang–Cileunyi","styleUrl":"#9751","stroke-opacity":1,"stroke":"#EC008C","stroke-width":4},"id":"9750"},{"type":"Feature","geometry":{"type":"LineString","coordinates":[[107.6428164,-6.9657886,0],[107.6419944,-6.9659046,0]]},"properties":{"name":"Jalan Tol Padalarang–Cileunyi","styleUrl":"#9755","stroke-opacity":1,"stroke":"#EC008C","stroke-width":4},"id":"9754"},{"type":"Feature","geometry":{"type":"LineString","coordinates":[[107.6419944,-6.9659046,0],[107.6415405,-6.9659546,0],[107.6408898,-6.9659908,0]]},"properties":{"name":"Jalan Tol Padalarang–Cileunyi","styleUrl":"#9759","stroke-opacity":1,"stroke":"#EC008C","stroke-width":4},"id":"9758"},{"type":"Feature","geometry":{"type":"LineString","coordinates":[[107.6054387,-6.9480071,0],[107.6054314,-6.9481041,0]]},"properties":{"name":"Route Segment","styleUrl":"#9763","stroke-opacity":1,"stroke":"#EC008C","stroke-width":4},"id":"9762"},{"type":"Feature","geometry":{"type":"LineString","coordinates":[[107.7575071,-6.9377895,0],[107.7574065,-6.9378095,0]]},"properties":{"name":"Jalan Raya Jatinangor","styleUrl":"#9767","stroke-opacity":1,"stroke":"#EC008C","stroke-width":4},"id":"9766"},{"type":"Feature","geometry":{"type":"LineString","coordinates":[[107.7574065,-6.9378095,0],[107.7573571,-6.9378162,0],[107.7568711,-6.9379092,0],[107.7567978,-6.9379251,0],[107.7567478,-6.9379389,0],[107.7567036,-6.9379558,0],[107.7566654,-6.9379791,0],[107.7566331,-6.9380136,0],[107.7566158,-6.9380459,0],[107.7566057,-6.9380795,0],[107.7565995,-6.9381205,0],[107.7565975,-6.938162,0],[107.7565987,-6.9382136,0],[107.756603,-6.938276,0]]},"properties":{"name":"Jalan Raya Jatinangor","styleUrl":"#9771","stroke-opacity":1,"stroke":"#EC008C","stroke-width":4},"id":"9770"},{"type":"Feature","geometry":{"type":"LineString","coordinates":[[107.6337961,-6.9137089,0],[107.6338613,-6.9136753,0],[107.6341374,-6.9135266,0],[107.6341769,-6.9135072,0],[107.6342643,-6.9134642,0]]},"properties":{"name":"Jalan Jenderal Ahmad Yani","styleUrl":"#9775","stroke-opacity":1,"stroke":"#EC008C","stroke-width":4},"id":"9774"},{"type":"Feature","geometry":{"type":"LineString","coordinates":[[107.6235951,-6.9361186,0],[107.6238655,-6.9358391,0],[107.624189,-6.935517,0],[107.6247775,-6.9349311,0]]},"properties":{"name":"Jalan Pelajar Pejuang 45","styleUrl":"#9779","stroke-opacity":1,"stroke":"#EC008C","stroke-width":4},"id":"9778"},{"type":"Feature","geometry":{"type":"LineString","coordinates":[[107.619423,-6.9012693,0],[107.6193022,-6.9012716,0]]},"properties":{"name":"Jalan Diponegoro","styleUrl":"#9783","stroke-opacity":1,"stroke":"#EC008C","stroke-width":4},"id":"9782"},{"type":"Feature","geometry":{"type":"LineString","coordinates":[[107.609996,-6.9500355,0],[107.6098084,-6.9494703,0],[107.6097027,-6.9491518,0],[107.6096343,-6.9489457,0],[107.6095822,-6.9487887,0],[107.6095322,-6.9486416,0]]},"properties":{"name":"Jalan Mohammad Toha","styleUrl":"#9787","stroke-opacity":1,"stroke":"#EC008C","stroke-width":4},"id":"9786"},{"type":"Feature","geometry":{"type":"LineString","coordinates":[[107.6307188,-6.9173125,0],[107.6306282,-6.9171247,0],[107.6301434,-6.916119,0],[107.6300893,-6.9160089,0]]},"properties":{"name":"Jalan Laswi","styleUrl":"#9791","stroke-opacity":1,"stroke":"#EC008C","stroke-width":4},"id":"9790"},{"type":"Feature","geometry":{"type":"LineString","coordinates":[[107.6342643,-6.9134642,0],[107.6342317,-6.9134058,0],[107.6342213,-6.9133894,0],[107.6340747,-6.9131002,0],[107.6339654,-6.9129263,0],[107.6337922,-6.9126506,0],[107.6333884,-6.9120248,0],[107.6331914,-6.9117162,0]]},"properties":{"name":"Jalan Supratman","styleUrl":"#9795","stroke-opacity":1,"stroke":"#EC008C","stroke-width":4},"id":"9794"},{"type":"Feature","geometry":{"type":"LineString","coordinates":[[107.7523857,-6.9424652,0],[107.7520362,-6.9424513,0],[107.7518455,-6.942422,0],[107.7517155,-6.942411,0],[107.7514881,-6.9424048,0],[107.7513524,-6.9424168,0],[107.7512268,-6.9424413,0],[107.7511186,-6.9424877,0],[107.7510195,-6.9425562,0],[107.7509393,-6.9426483,0],[107.7508813,-6.9427623,0],[107.7508503,-6.9428895,0],[107.7508345,-6.943054,0],[107.750882,-6.9447748,0],[107.7508674,-6.9449095,0],[107.7508328,-6.9450136,0],[107.750771,-6.9451242,0],[107.7506763,-6.9452139,0],[107.7505821,-6.94528,0],[107.7504733,-6.9453171,0],[107.7503551,-6.9453332,0],[107.7502309,-6.9453171,0],[107.7500992,-6.9452682,0]]},"properties":{"name":"Simpang Susun Cileunyi","styleUrl":"#9799","stroke-opacity":1,"stroke":"#EC008C","stroke-width":4},"id":"9798"},{"type":"Feature","geometry":{"type":"LineString","coordinates":[[107.7543319,-6.9418661,0],[107.7534411,-6.9423494,0],[107.7533226,-6.9423916,0],[107.7532112,-6.9424223,0],[107.7530812,-6.9424506,0],[107.7529644,-6.9424698,0],[107.7528366,-6.9424805,0],[107.7527053,-6.9424866,0]]},"properties":{"name":"Simpang Susun Cileunyi","styleUrl":"#9803","stroke-opacity":1,"stroke":"#EC008C","stroke-width":4},"id":"9802"},{"type":"Feature","geometry":{"type":"LineString","coordinates":[[107.7555798,-6.9424232,0],[107.7554332,-6.9423347,0],[107.755305,-6.9422443,0],[107.7551938,-6.9421473,0],[107.7550629,-6.9420135,0],[107.7550013,-6.9419538,0],[107.7549382,-6.9419031,0],[107.7548763,-6.9418632,0],[107.754807,-6.9418299,0],[107.7547455,-6.9418091,0],[107.7546836,-6.9417945,0],[107.754619,-6.9417874,0],[107.7545589,-6.9417887,0],[107.7545059,-6.9417965,0],[107.7544475,-6.941813,0],[107.7543986,-6.9418331,0],[107.7543319,-6.9418661,0]]},"properties":{"name":"Simpang Susun Cileunyi","styleUrl":"#9807","stroke-opacity":1,"stroke":"#EC008C","stroke-width":4},"id":"9806"},{"type":"Feature","geometry":{"type":"LineString","coordinates":[[107.6252259,-6.9011282,0],[107.624963,-6.9011352,0]]},"properties":{"name":"Jalan Diponegoro","styleUrl":"#9811","stroke-opacity":1,"stroke":"#EC008C","stroke-width":4},"id":"9810"},{"type":"Feature","geometry":{"type":"LineString","coordinates":[[107.6127538,-6.9377388,0],[107.6127959,-6.9377381,0]]},"properties":{"name":"Jalan BKR","styleUrl":"#9815","stroke-opacity":1,"stroke":"#EC008C","stroke-width":4},"id":"9814"},{"type":"Feature","geometry":{"type":"LineString","coordinates":[[107.6090705,-6.9376195,0],[107.6091826,-6.9376215,0],[107.6092886,-6.9376285,0],[107.6096639,-6.9376389,0]]},"properties":{"name":"Jalan BKR","styleUrl":"#9819","stroke-opacity":1,"stroke":"#EC008C","stroke-width":4},"id":"9818"},{"type":"Feature","geometry":{"type":"LineString","coordinates":[[107.6272531,-6.9263701,0],[107.6272658,-6.9263152,0]]},"properties":{"name":"Jalan Layang Laswi - Pelajar Pejuang 45","styleUrl":"#9823","stroke-opacity":1,"stroke":"#EC008C","stroke-width":4},"id":"9822"},{"type":"Feature","geometry":{"type":"LineString","coordinates":[[107.6271494,-6.9265942,0],[107.6272531,-6.9263701,0]]},"properties":{"name":"Jalan Layang Laswi - Pelajar Pejuang 45","styleUrl":"#9827","stroke-opacity":1,"stroke":"#EC008C","stroke-width":4},"id":"9826"},{"type":"Feature","geometry":{"type":"LineString","coordinates":[[107.6292485,-6.9079205,0],[107.62923,-6.9078642,0],[107.6292272,-6.9077795,0],[107.6292391,-6.9077178,0],[107.6292929,-6.9076039,0],[107.6293847,-6.9074925,0],[107.629504,-6.9073986,0],[107.6296151,-6.9073236,0],[107.6297079,-6.907261,0],[107.6297865,-6.907208,0],[107.6301128,-6.9069879,0]]},"properties":{"name":"Jalan Lapang Supratman","styleUrl":"#9831","stroke-opacity":1,"stroke":"#EC008C","stroke-width":4},"id":"9830"},{"type":"Feature","geometry":{"type":"LineString","coordinates":[[107.6061721,-6.9375296,0],[107.6062346,-6.9375336,0]]},"properties":{"name":"Jalan BKR","styleUrl":"#9835","stroke-opacity":1,"stroke":"#EC008C","stroke-width":4},"id":"9834"},{"type":"Feature","geometry":{"type":"LineString","coordinates":[[107.6155865,-6.8969383,0],[107.616019,-6.8975661,0]]},"properties":{"name":"Jalan Penata Yudha","styleUrl":"#9839","stroke-opacity":1,"stroke":"#EC008C","stroke-width":4},"id":"9838"},{"type":"Feature","geometry":{"type":"LineString","coordinates":[[107.7581185,-6.9462528,0],[107.7581077,-6.9462396,0],[107.7580567,-6.9461015,0],[107.7579739,-6.9456688,0],[107.7579108,-6.9452473,0],[107.7579039,-6.9452065,0],[107.7578799,-6.9450636,0],[107.7578368,-6.9448985,0],[107.7577769,-6.9447825,0],[107.7576954,-6.9446728,0],[107.7573574,-6.9442745,0],[107.7573021,-6.9442165,0],[107.7569266,-6.943836,0],[107.7566293,-6.9435347,0],[107.7564104,-6.943302,0],[107.7558672,-6.9427223,0],[107.7557736,-6.9426257,0],[107.7556415,-6.9424863,0],[107.7555798,-6.9424232,0]]},"properties":{"name":"Jalan Raya Cipacing","styleUrl":"#9843","stroke-opacity":1,"stroke":"#EC008C","stroke-width":4},"id":"9842"},{"type":"Feature","geometry":{"type":"LineString","coordinates":[[107.6130507,-6.8990822,0],[107.6129909,-6.8990718,0],[107.6129463,-6.8990311,0],[107.6129308,-6.8989728,0],[107.6129495,-6.8989155,0],[107.6129964,-6.8988773,0],[107.6130675,-6.8988411,0]]},"properties":{"name":"Route Segment","styleUrl":"#9847","stroke-opacity":1,"stroke":"#EC008C","stroke-width":4},"id":"9846"},{"type":"Feature","geometry":{"type":"LineString","coordinates":[[107.7638858,-6.9513467,0],[107.7637278,-6.9512076,0]]},"properties":{"name":"Jalan Raya Cipacing","styleUrl":"#9851","stroke-opacity":1,"stroke":"#EC008C","stroke-width":4},"id":"9850"},{"type":"Feature","geometry":{"type":"LineString","coordinates":[[107.6062346,-6.9375336,0],[107.606317,-6.9375353,0],[107.606583,-6.9375409,0]]},"properties":{"name":"Jalan BKR","styleUrl":"#9855","stroke-opacity":1,"stroke":"#EC008C","stroke-width":4},"id":"9854"},{"type":"Feature","geometry":{"type":"LineString","coordinates":[[107.6193024,-6.9011929,0],[107.6192996,-6.9010729,0],[107.6192733,-6.8999367,0]]},"properties":{"name":"Jalan Sentot Alibasyah","styleUrl":"#9859","stroke-opacity":1,"stroke":"#EC008C","stroke-width":4},"id":"9858"},{"type":"Feature","geometry":{"type":"LineString","coordinates":[[107.6333413,-6.9139888,0],[107.633406,-6.9139222,0],[107.6337961,-6.9137089,0]]},"properties":{"name":"Jalan Jenderal Ahmad Yani","styleUrl":"#9863","stroke-opacity":1,"stroke":"#EC008C","stroke-width":4},"id":"9862"},{"type":"Feature","geometry":{"type":"LineString","coordinates":[[107.628628,-6.9230919,0],[107.6286681,-6.9230526,0]]},"properties":{"name":"Jalan Layang Laswi - Pelajar Pejuang 45","styleUrl":"#9867","stroke-opacity":1,"stroke":"#EC008C","stroke-width":4},"id":"9866"},{"type":"Feature","geometry":{"type":"LineString","coordinates":[[107.6286681,-6.9230526,0],[107.6287879,-6.9228995,0]]},"properties":{"name":"Jalan Layang Laswi - Pelajar Pejuang 45","styleUrl":"#9871","stroke-opacity":1,"stroke":"#EC008C","stroke-width":4},"id":"9870"},{"type":"Feature","geometry":{"type":"LineString","coordinates":[[107.6287879,-6.9228995,0],[107.6289502,-6.9228256,0],[107.6291891,-6.9227221,0]]},"properties":{"name":"Jalan Laswi","styleUrl":"#9875","stroke-opacity":1,"stroke":"#EC008C","stroke-width":4},"id":"9874"},{"type":"Feature","geometry":{"type":"LineString","coordinates":[[107.6291891,-6.9227221,0],[107.6294683,-6.9225803,0],[107.6301346,-6.9222498,0],[107.630294,-6.9221533,0],[107.6303825,-6.9220654,0],[107.630435,-6.9219796,0],[107.6304684,-6.9219055,0]]},"properties":{"name":"Jalan Laswi","styleUrl":"#9879","stroke-opacity":1,"stroke":"#EC008C","stroke-width":4},"id":"9878"},{"type":"Feature","geometry":{"type":"LineString","coordinates":[[107.6408898,-6.9659908,0],[107.6397305,-6.9659882,0],[107.6383527,-6.9658664,0]]},"properties":{"name":"Jalan Tol Padalarang–Cileunyi","styleUrl":"#9883","stroke-opacity":1,"stroke":"#EC008C","stroke-width":4},"id":"9882"},{"type":"Feature","geometry":{"type":"LineString","coordinates":[[107.6253459,-6.9011252,0],[107.6252259,-6.9011282,0]]},"properties":{"name":"Jalan Diponegoro","styleUrl":"#9887","stroke-opacity":1,"stroke":"#EC008C","stroke-width":4},"id":"9886"},{"type":"Feature","geometry":{"type":"LineString","coordinates":[[107.6269614,-6.9273361,0],[107.6271494,-6.9265942,0]]},"properties":{"name":"Jalan Pelajar Pejuang 45","styleUrl":"#9891","stroke-opacity":1,"stroke":"#EC008C","stroke-width":4},"id":"9890"},{"type":"Feature","geometry":{"type":"LineString","coordinates":[[107.6247775,-6.9349311,0],[107.6249855,-6.9346776,0],[107.6250422,-6.9346084,0],[107.6251837,-6.9343381,0],[107.6251981,-6.9343038,0],[107.6252675,-6.9340965,0],[107.6254318,-6.9335047,0]]},"properties":{"name":"Jalan Pelajar Pejuang 45","styleUrl":"#9895","stroke-opacity":1,"stroke":"#EC008C","stroke-width":4},"id":"9894"},{"type":"Feature","geometry":{"type":"LineString","coordinates":[[107.6204439,-6.9379553,0],[107.6207808,-6.9378586,0],[107.621238,-6.9376849,0]]},"properties":{"name":"Jalan BKR","styleUrl":"#9899","stroke-opacity":1,"stroke":"#EC008C","stroke-width":4},"id":"9898"},{"type":"Feature","geometry":{"type":"LineString","coordinates":[[107.7736865,-6.9323028,0],[107.7737627,-6.932276,0],[107.7739612,-6.9322015,0],[107.7740267,-6.9321698,0],[107.7740604,-6.9321535,0],[107.7740841,-6.9321439,0],[107.7742053,-6.932095,0],[107.7743045,-6.932055,0],[107.7744198,-6.9320098,0],[107.7745137,-6.9319725,0],[107.7746782,-6.9319146,0],[107.7748892,-6.9318473,0],[107.7751265,-6.9317665,0],[107.7754197,-6.9316973,0],[107.7755193,-6.9316825,0],[107.7758563,-6.9316463,0]]},"properties":{"name":"Jalan Raya Jatinangor","styleUrl":"#9903","stroke-opacity":1,"stroke":"#EC008C","stroke-width":4},"id":"9902"},{"type":"Feature","geometry":{"type":"LineString","coordinates":[[107.7733968,-6.9322999,0],[107.7734148,-6.9323015,0],[107.7735397,-6.9323108,0],[107.7736167,-6.9323062,0],[107.7736865,-6.9323028,0]]},"properties":{"name":"Pangkalan DAMRI Jatinangor","styleUrl":"#9907","stroke-opacity":1,"stroke":"#EC008C","stroke-width":4},"id":"9906"},{"type":"Feature","geometry":{"type":"LineString","coordinates":[[107.6376421,-6.9657635,0],[107.6327136,-6.9651719,0],[107.6280445,-6.9645778,0]]},"properties":{"name":"Jalan Tol Padalarang–Cileunyi","styleUrl":"#9911","stroke-opacity":1,"stroke":"#EC008C","stroke-width":4},"id":"9910"},{"type":"Feature","geometry":{"type":"LineString","coordinates":[[107.6300393,-6.9157014,0],[107.630088,-6.9156756,0],[107.6303085,-6.9155587,0]]},"properties":{"name":"Jalan Jenderal Ahmad Yani","styleUrl":"#9915","stroke-opacity":1,"stroke":"#EC008C","stroke-width":4},"id":"9914"},{"type":"Feature","geometry":{"type":"LineString","coordinates":[[107.6299922,-6.9158161,0],[107.6299627,-6.9157488,0]]},"properties":{"name":"Jalan Laswi","styleUrl":"#9919","stroke-opacity":1,"stroke":"#EC008C","stroke-width":4},"id":"9918"},{"type":"Feature","geometry":{"type":"LineString","coordinates":[[107.6256715,-6.9325087,0],[107.6256947,-6.9324168,0]]},"properties":{"name":"Jalan Pelajar Pejuang 45","styleUrl":"#9923","stroke-opacity":1,"stroke":"#EC008C","stroke-width":4},"id":"9922"},{"type":"Feature","geometry":{"type":"LineString","coordinates":[[107.756603,-6.938276,0],[107.7566936,-6.9387104,0],[107.7567119,-6.9387919,0],[107.7567382,-6.9389134,0]]},"properties":{"name":"Jalan Sindangsari","styleUrl":"#9927","stroke-opacity":1,"stroke":"#EC008C","stroke-width":4},"id":"9926"},{"type":"Feature","geometry":{"type":"LineString","coordinates":[[107.7556492,-6.9414928,0],[107.7555845,-6.9415429,0],[107.7555449,-6.9415828,0],[107.7555149,-6.9416223,0],[107.7554901,-6.9416719,0],[107.755476,-6.9417148,0],[107.7554689,-6.9417623,0],[107.7554694,-6.9418209,0],[107.7554753,-6.9418728,0],[107.7554896,-6.9419234,0],[107.7555143,-6.9419798,0]]},"properties":{"name":"Route Segment","styleUrl":"#9931","stroke-opacity":1,"stroke":"#EC008C","stroke-width":4},"id":"9930"},{"type":"Feature","geometry":{"type":"LineString","coordinates":[[107.6272658,-6.9263152,0],[107.6276211,-6.9249504,0],[107.6278169,-6.9242262,0],[107.6279175,-6.923876,0],[107.6280744,-6.9236071,0],[107.628234,-6.9234154,0],[107.6285505,-6.9231465,0],[107.628628,-6.9230919,0]]},"properties":{"name":"Jalan Layang Laswi - Pelajar Pejuang 45","styleUrl":"#9935","stroke-opacity":1,"stroke":"#EC008C","stroke-width":4},"id":"9934"},{"type":"Feature","geometry":{"type":"LineString","coordinates":[[107.6226877,-6.9369246,0],[107.6227233,-6.9368982,0]]},"properties":{"name":"Jalan Pelajar Pejuang 45","styleUrl":"#9939","stroke-opacity":1,"stroke":"#EC008C","stroke-width":4},"id":"9938"},{"type":"Feature","geometry":{"type":"LineString","coordinates":[[107.630993,-6.9199735,0],[107.63104,-6.9197942,0],[107.6313406,-6.9186978,0]]},"properties":{"name":"Jalan Laswi","styleUrl":"#9943","stroke-opacity":1,"stroke":"#EC008C","stroke-width":4},"id":"9942"},{"type":"Feature","geometry":{"type":"LineString","coordinates":[[107.6084176,-6.9375995,0],[107.6084753,-6.9376013,0],[107.6087624,-6.9376105,0],[107.6089484,-6.9376165,0],[107.6089838,-6.9376176,0],[107.6090705,-6.9376195,0]]},"properties":{"name":"Jalan BKR","styleUrl":"#9947","stroke-opacity":1,"stroke":"#EC008C","stroke-width":4},"id":"9946"},{"type":"Feature","geometry":{"type":"LineString","coordinates":[[107.6113683,-6.9376957,0],[107.612618,-6.9377348,0],[107.6126817,-6.9377368,0],[107.6127538,-6.9377388,0]]},"properties":{"name":"Jalan BKR","styleUrl":"#9951","stroke-opacity":1,"stroke":"#EC008C","stroke-width":4},"id":"9950"},{"type":"Feature","geometry":{"type":"LineString","coordinates":[[107.6076477,-6.9431556,0],[107.6075689,-6.9429228,0],[107.6074989,-6.9427159,0],[107.6074151,-6.942468,0],[107.6074044,-6.9424365,0],[107.6073267,-6.9422067,0],[107.6072871,-6.9420857,0],[107.6072103,-6.9418515,0],[107.6071736,-6.9417393,0],[107.606932,-6.9410019,0],[107.6068982,-6.9408986,0],[107.6067904,-6.9405695,0],[107.6067424,-6.9404231,0],[107.6066617,-6.9401765,0],[107.6066129,-6.9400276,0],[107.6065833,-6.9399373,0],[107.6065081,-6.9397106,0],[107.6064373,-6.939497,0],[107.6063207,-6.9391297,0],[107.6063015,-6.9390693,0],[107.6062885,-6.939027,0],[107.6062755,-6.9389847,0],[107.6062595,-6.9389365,0],[107.6062399,-6.9388618,0],[107.6062007,-6.9387072,0],[107.6061889,-6.9386548,0],[107.6061828,-6.9385203,0],[107.6061749,-6.938344,0]]},"properties":{"name":"Jalan Mohammad Toha","styleUrl":"#9955","stroke-opacity":1,"stroke":"#EC008C","stroke-width":4},"id":"9954"},{"type":"Feature","geometry":{"type":"LineString","coordinates":[[107.6263851,-6.9296738,0],[107.626402,-6.9296074,0],[107.6264104,-6.9295742,0],[107.6264188,-6.929541,0],[107.6264291,-6.9295004,0]]},"properties":{"name":"Jalan Pelajar Pejuang 45","styleUrl":"#9959","stroke-opacity":1,"stroke":"#EC008C","stroke-width":4},"id":"9958"},{"type":"Feature","geometry":{"type":"LineString","coordinates":[[107.6161352,-6.898308,0],[107.6160286,-6.8989397,0]]},"properties":{"name":"Jalan Penata Yudha","styleUrl":"#9963","stroke-opacity":1,"stroke":"#EC008C","stroke-width":4},"id":"9962"},{"type":"Feature","geometry":{"type":"LineString","coordinates":[[107.6313406,-6.9186978,0],[107.6313458,-6.9186198,0]]},"properties":{"name":"Jalan Laswi","styleUrl":"#9967","stroke-opacity":1,"stroke":"#EC008C","stroke-width":4},"id":"9966"},{"type":"Feature","geometry":{"type":"LineString","coordinates":[[107.6093038,-6.9479813,0],[107.6092951,-6.9479579,0],[107.6092415,-6.9478107,0],[107.6091943,-6.9476776,0],[107.6091509,-6.9475613,0],[107.6090997,-6.9474124,0],[107.6090862,-6.9473728,0],[107.6090786,-6.9473503,0],[107.6089872,-6.9470817,0],[107.6087733,-6.946453,0],[107.6086954,-6.946224,0],[107.6086676,-6.9461425,0]]},"properties":{"name":"Jalan Mohammad Toha","styleUrl":"#9971","stroke-opacity":1,"stroke":"#EC008C","stroke-width":4},"id":"9970"},{"type":"Feature","geometry":{"type":"LineString","coordinates":[[107.6085312,-6.9569907,0],[107.6092555,-6.9566806,0],[107.60948,-6.9566135,0],[107.6097044,-6.9565496,0],[107.6097661,-6.9565323,0],[107.609816,-6.9565159,0],[107.6100189,-6.956447,0],[107.6103048,-6.9563499,0],[107.6105279,-6.956276,0],[107.6108621,-6.9561653,0]]},"properties":{"name":"Route Segment","styleUrl":"#9975","stroke-opacity":1,"stroke":"#EC008C","stroke-width":4},"id":"9974"},{"type":"Feature","geometry":{"type":"LineString","coordinates":[[107.6085312,-6.9569907,0],[107.6081813,-6.9571073,0],[107.6077749,-6.9572641,0],[107.6075633,-6.9573828,0],[107.607347,-6.9575274,0],[107.6071385,-6.9576995,0],[107.6069192,-6.9579126,0],[107.606703,-6.9581866,0],[107.6065542,-6.9584225,0],[107.6064008,-6.9587544,0],[107.6063119,-6.9590451,0],[107.6062444,-6.9594034,0]]},"properties":{"name":"Route Segment","styleUrl":"#9979","stroke-opacity":1,"stroke":"#EC008C","stroke-width":4},"id":"9978"},{"type":"Feature","geometry":{"type":"LineString","coordinates":[[107.6059883,-6.9617334,0],[107.6059485,-6.9621931,0],[107.6058886,-6.9624489,0],[107.605815,-6.96263,0],[107.6056816,-6.962834,0],[107.6055697,-6.9629679,0],[107.6054071,-6.9631065,0],[107.6052185,-6.9632221,0],[107.6050053,-6.9633211,0],[107.6047661,-6.9633896,0],[107.6045361,-6.9634063,0],[107.6043597,-6.9633911,0],[107.6041312,-6.9633363,0],[107.6039748,-6.9632693,0],[107.6038823,-6.9632262,0],[107.6038054,-6.9631817,0]]},"properties":{"name":"Route Segment","styleUrl":"#9983","stroke-opacity":1,"stroke":"#EC008C","stroke-width":4},"id":"9982"},{"type":"Feature","geometry":{"type":"LineString","coordinates":[[107.6060328,-6.9612843,0],[107.6059883,-6.9617334,0]]},"properties":{"name":"Route Segment","styleUrl":"#9987","stroke-opacity":1,"stroke":"#EC008C","stroke-width":4},"id":"9986"},{"type":"Feature","geometry":{"type":"LineString","coordinates":[[107.6052772,-6.9616227,0],[107.6048086,-6.9617155,0],[107.6040014,-6.96183,0],[107.6038288,-6.9618685,0],[107.603762,-6.9618832,0],[107.6036674,-6.9619188,0],[107.6035494,-6.9619914,0],[107.6034793,-6.9620502,0],[107.6034383,-6.9621148,0],[107.6034176,-6.9621634,0],[107.6034021,-6.9622313,0],[107.6033907,-6.9622971,0],[107.6033901,-6.962371,0],[107.6034051,-6.9625061,0],[107.6034283,-6.9626113,0],[107.6034723,-6.9627731,0],[107.6035421,-6.9629029,0],[107.6036921,-6.9630639,0],[107.6038054,-6.9631817,0]]},"properties":{"name":"Route Segment","styleUrl":"#9991","stroke-opacity":1,"stroke":"#EC008C","stroke-width":4},"id":"9990"},{"type":"Feature","geometry":{"type":"LineString","coordinates":[[107.6062444,-6.9594034,0],[107.606177,-6.9600422,0],[107.6060328,-6.9612843,0]]},"properties":{"name":"Route Segment","styleUrl":"#9995","stroke-opacity":1,"stroke":"#EC008C","stroke-width":4},"id":"9994"},{"type":"Feature","geometry":{"type":"LineString","coordinates":[[107.7732376,-6.932299,0],[107.7733109,-6.9322922,0],[107.7733968,-6.9322999,0]]},"properties":{"name":"Pangkalan DAMRI Jatinangor","styleUrl":"#9999","stroke-opacity":1,"stroke":"#EC008C","stroke-width":4},"id":"9998"},{"type":"Feature","geometry":{"type":"LineString","coordinates":[[107.7527053,-6.9424866,0],[107.7523857,-6.9424652,0]]},"properties":{"name":"Simpang Susun Cileunyi","styleUrl":"#10003","stroke-opacity":1,"stroke":"#EC008C","stroke-width":4},"id":"10002"},{"type":"Feature","geometry":{"type":"LineString","coordinates":[[107.6192514,-6.8994349,0],[107.6192218,-6.8994058,0],[107.6191325,-6.8993561,0]]},"properties":{"name":"Jalan Sentot Alibasyah","styleUrl":"#10007","stroke-opacity":1,"stroke":"#EC008C","stroke-width":4},"id":"10006"},{"type":"Feature","geometry":{"type":"Point","coordinates":[107.6024135,-6.9161558,0]},"properties":{"name":"Stasiun Hall","styleUrl":"#7829","icon-scale":1,"icon":"http://maps.google.com/mapfiles/kml/pushpin/ylw-pushpin.png"},"id":"7828"},{"type":"Feature","geometry":{"type":"Point","coordinates":[107.600717,-6.9293977,0]},"properties":{"name":"Astana Anyar RSIA Kota Bandung","styleUrl":"#7834","icon-scale":1,"icon":"http://maps.google.com/mapfiles/kml/pushpin/ylw-pushpin.png"},"id":"7833"},{"type":"Feature","geometry":{"type":"Point","coordinates":[107.6105556,-6.9065022,0]},"properties":{"name":"Hotel The-One-O-One A","styleUrl":"#7839","icon-scale":1,"icon":"http://maps.google.com/mapfiles/kml/pushpin/ylw-pushpin.png"},"id":"7838"},{"type":"Feature","geometry":{"type":"Point","coordinates":[107.6115213,-6.9024821,0]},"properties":{"name":"Taman Radio A","styleUrl":"#7844","icon-scale":1,"icon":"http://maps.google.com/mapfiles/kml/pushpin/ylw-pushpin.png"},"id":"7843"},{"type":"Feature","geometry":{"type":"Point","coordinates":[107.6129072,-6.8944564,0]},"properties":{"name":"Rumah Sakit Santo Borromeus A","styleUrl":"#7849","icon-scale":1,"icon":"http://maps.google.com/mapfiles/kml/pushpin/ylw-pushpin.png"},"id":"7848"},{"type":"Feature","geometry":{"type":"Point","coordinates":[107.6127613,-6.8975185,0]},"properties":{"name":"Kartikasari A","styleUrl":"#7854","icon-scale":1,"icon":"http://maps.google.com/mapfiles/kml/pushpin/ylw-pushpin.png"},"id":"7853"},{"type":"Feature","geometry":{"type":"Point","coordinates":[107.6177764,-6.8923055,0]},"properties":{"name":"UNPAD Dipatiukur (4D)","styleUrl":"#7859","icon-scale":1,"icon":"http://maps.google.com/mapfiles/kml/pushpin/ylw-pushpin.png"},"id":"7858"},{"type":"Feature","geometry":{"type":"Point","coordinates":[107.6096165,-6.9068537,0]},"properties":{"name":"Riau XL","styleUrl":"#7864","icon-scale":1,"icon":"http://maps.google.com/mapfiles/kml/pushpin/ylw-pushpin.png"},"id":"7863"},{"type":"Feature","geometry":{"type":"Point","coordinates":[107.6030596,-6.9365059,0]},"properties":{"name":"Taman Tegallega","styleUrl":"#7869","icon-scale":1,"icon":"http://maps.google.com/mapfiles/kml/pushpin/ylw-pushpin.png"},"id":"7868"},{"type":"Feature","geometry":{"type":"Point","coordinates":[107.5956524,-6.9372267,0]},"properties":{"name":"Rumah Sakit Immanuel A","styleUrl":"#7874","icon-scale":1,"icon":"http://maps.google.com/mapfiles/kml/pushpin/ylw-pushpin.png"},"id":"7873"},{"type":"Feature","geometry":{"type":"Point","coordinates":[107.6024577,-6.9338521,0]},"properties":{"name":"Pintu Masuk Terminal Tegallega","styleUrl":"#7879","icon-scale":1,"icon":"http://maps.google.com/mapfiles/kml/pushpin/ylw-pushpin.png"},"id":"7878"},{"type":"Feature","geometry":{"type":"Point","coordinates":[107.6150582,-6.8869095,0]},"properties":{"name":"UNIKOM","styleUrl":"#7884","icon-scale":1,"icon":"http://maps.google.com/mapfiles/kml/pushpin/ylw-pushpin.png"},"id":"7883"},{"type":"Feature","geometry":{"type":"Point","coordinates":[107.609039,-6.9130013,0]},"properties":{"name":"SMK Negeri 1 Bandung","styleUrl":"#7889","icon-scale":1,"icon":"http://maps.google.com/mapfiles/kml/pushpin/ylw-pushpin.png"},"id":"7888"},{"type":"Feature","geometry":{"type":"Point","coordinates":[107.5932469,-6.9458124,0]},"properties":{"name":"Terminal Leuwipanjang","styleUrl":"#7894","icon-scale":1,"icon":"http://maps.google.com/mapfiles/kml/pushpin/ylw-pushpin.png"},"id":"7893"},{"type":"Feature","geometry":{"type":"LineString","coordinates":[[107.6079412,-6.9065104,0],[107.6081981,-6.9065975,0],[107.6083321,-6.9066257,0],[107.6092299,-6.9067838,0],[107.6093359,-6.9068089,0]]},"properties":{"name":"Jalan L.L. RE. Martadinata","styleUrl":"#7899","stroke-opacity":1,"stroke":"#2E3192","stroke-width":4},"id":"7898"},{"type":"Feature","geometry":{"type":"LineString","coordinates":[[107.6073865,-6.9076628,0],[107.6073442,-6.9076324,0],[107.6072754,-6.9075859,0],[107.6071035,-6.9074752,0],[107.6068765,-6.907351,0],[107.6066403,-6.907244,0],[107.6065225,-6.9072053,0],[107.6064209,-6.9071852,0],[107.6062761,-6.9071663,0],[107.6061572,-6.9071583,0],[107.6058415,-6.9071486,0],[107.6055894,-6.9071347,0]]},"properties":{"name":"Jalan Pajajaran","styleUrl":"#7903","stroke-opacity":1,"stroke":"#2E3192","stroke-width":4},"id":"7902"},{"type":"Feature","geometry":{"type":"LineString","coordinates":[[107.6044282,-6.9071102,0],[107.6044133,-6.9065285,0],[107.6044125,-6.9064803,0],[107.6044014,-6.9058496,0],[107.6043978,-6.9056926,0],[107.6043877,-6.9049197,0],[107.6043867,-6.9048271,0]]},"properties":{"name":"Jalan Cihampelas","styleUrl":"#7907","stroke-opacity":1,"stroke":"#2E3192","stroke-width":4},"id":"7906"},{"type":"Feature","geometry":{"type":"LineString","coordinates":[[107.5983921,-6.91631,0],[107.5986452,-6.9162913,0],[107.5987499,-6.9162865,0],[107.5988546,-6.916282,0],[107.5991941,-6.9162673,0],[107.5995626,-6.9162453,0],[107.599627,-6.9162422,0],[107.6002509,-6.9162121,0],[107.600424,-6.9162116,0],[107.6005777,-6.9162099,0],[107.6016247,-6.9162094,0],[107.6019524,-6.9161976,0],[107.6022035,-6.9161755,0]]},"properties":{"name":"Jalan Kebon Jati","styleUrl":"#7911","stroke-opacity":1,"stroke":"#2E3192","stroke-width":4},"id":"7910"},{"type":"Feature","geometry":{"type":"LineString","coordinates":[[107.5982864,-6.9187354,0],[107.5983081,-6.9194322,0],[107.5983261,-6.9200088,0],[107.5983304,-6.9201181,0]]},"properties":{"name":"Jalan Gardujati","styleUrl":"#7915","stroke-opacity":1,"stroke":"#2E3192","stroke-width":4},"id":"7914"},{"type":"Feature","geometry":{"type":"LineString","coordinates":[[107.6071931,-6.9145156,0],[107.6072105,-6.9144549,0],[107.6072378,-6.9143977,0],[107.6072741,-6.9143458,0],[107.6073185,-6.9143005,0]]},"properties":{"name":"Jalan Perintis Kemerdekaan","styleUrl":"#7919","stroke-opacity":1,"stroke":"#2E3192","stroke-width":4},"id":"7918"},{"type":"Feature","geometry":{"type":"LineString","coordinates":[[107.6075641,-6.9142136,0],[107.6078626,-6.9140606,0],[107.607935,-6.9140241,0],[107.6079799,-6.9140014,0],[107.6081711,-6.9139136,0],[107.6082715,-6.9138902,0],[107.6089385,-6.9138394,0]]},"properties":{"name":"Jalan Perintis Kemerdekaan","styleUrl":"#7923","stroke-opacity":1,"stroke":"#2E3192","stroke-width":4},"id":"7922"},{"type":"Feature","geometry":{"type":"LineString","coordinates":[[107.6045889,-6.9148224,0],[107.6045944,-6.9147921,0],[107.6046031,-6.9147807,0],[107.6046151,-6.914765,0],[107.6046317,-6.9147543,0],[107.6046427,-6.9147472,0],[107.6046716,-6.9147379,0],[107.6047205,-6.914736,0],[107.6064066,-6.9149399,0]]},"properties":{"name":"Jalan Stasiun Timur","styleUrl":"#7927","stroke-opacity":1,"stroke":"#2E3192","stroke-width":4},"id":"7926"},{"type":"Feature","geometry":{"type":"LineString","coordinates":[[107.604546,-6.9153572,0],[107.6045814,-6.9149387,0],[107.6045889,-6.9148224,0]]},"properties":{"name":"Jalan Otto Iskandardinata","styleUrl":"#7931","stroke-opacity":1,"stroke":"#2E3192","stroke-width":4},"id":"7930"},{"type":"Feature","geometry":{"type":"LineString","coordinates":[[107.6124397,-6.9003402,0],[107.612514,-6.9002016,0],[107.6125839,-6.900045,0],[107.6126368,-6.8999284,0],[107.6126552,-6.8998349,0],[107.6126691,-6.8995116,0],[107.6126722,-6.8994393,0],[107.6126826,-6.8991966,0],[107.6126843,-6.8991576,0],[107.6126851,-6.899137,0],[107.6126895,-6.8990737,0]]},"properties":{"name":"Jalan Ir. H. Djuanda","styleUrl":"#7935","stroke-opacity":1,"stroke":"#2E3192","stroke-width":4},"id":"7934"},{"type":"Feature","geometry":{"type":"LineString","coordinates":[[107.6055894,-6.9071347,0],[107.6053829,-6.907135,0]]},"properties":{"name":"Jalan Pajajaran","styleUrl":"#7939","stroke-opacity":1,"stroke":"#2E3192","stroke-width":4},"id":"7938"},{"type":"Feature","geometry":{"type":"LineString","coordinates":[[107.6073961,-6.9052634,0],[107.6075021,-6.9054958,0]]},"properties":{"name":"Jalan Wastukencana","styleUrl":"#7943","stroke-opacity":1,"stroke":"#2E3192","stroke-width":4},"id":"7942"},{"type":"Feature","geometry":{"type":"LineString","coordinates":[[107.6030002,-6.9372376,0],[107.6030097,-6.9371213,0],[107.6030191,-6.9370052,0],[107.6030234,-6.9369523,0],[107.6030596,-6.9365059,0],[107.6030712,-6.9363633,0],[107.6030839,-6.9362059,0],[107.6031051,-6.9359458,0],[107.6031352,-6.9355744,0]]},"properties":{"name":"Jalan Otto Iskandardinata","styleUrl":"#7947","stroke-opacity":1,"stroke":"#2E3192","stroke-width":4},"id":"7946"},{"type":"Feature","geometry":{"type":"LineString","coordinates":[[107.6137895,-6.8852356,0],[107.6139271,-6.8852623,0],[107.6139428,-6.8852653,0],[107.6140014,-6.8852767,0],[107.6142554,-6.885351,0],[107.6143025,-6.885397,0]]},"properties":{"name":"Jalan Dipatiukur","styleUrl":"#7951","stroke-opacity":1,"stroke":"#2E3192","stroke-width":4},"id":"7950"},{"type":"Feature","geometry":{"type":"LineString","coordinates":[[107.6143025,-6.885397,0],[107.6144095,-6.8854607,0],[107.6144864,-6.8855164,0],[107.6145427,-6.885571,0],[107.6146308,-6.8856691,0],[107.6146614,-6.8857145,0],[107.6147028,-6.8857946,0],[107.6147339,-6.8858823,0],[107.6148941,-6.8864117,0],[107.6150582,-6.8869095,0],[107.6150918,-6.8870114,0],[107.6152406,-6.8874631,0],[107.6158021,-6.8889815,0],[107.6158888,-6.8891749,0],[107.6160343,-6.8894728,0],[107.6165653,-6.8902412,0],[107.616618,-6.8903175,0],[107.6166228,-6.8903248,0]]},"properties":{"name":"Jalan Dipatiukur","styleUrl":"#7955","stroke-opacity":1,"stroke":"#2E3192","stroke-width":4},"id":"7954"},{"type":"Feature","geometry":{"type":"LineString","coordinates":[[107.6030209,-6.9353706,0],[107.6029555,-6.9353439,0],[107.602907,-6.9353108,0],[107.6028576,-6.9352667,0],[107.6028098,-6.9351918,0],[107.6026195,-6.9346109,0],[107.6025085,-6.9341267,0],[107.6024738,-6.933942,0]]},"properties":{"name":"Jalan Astana Anyar","styleUrl":"#7959","stroke-opacity":1,"stroke":"#2E3192","stroke-width":4},"id":"7958"},{"type":"Feature","geometry":{"type":"LineString","coordinates":[[107.6088785,-6.9103019,0],[107.6088445,-6.9102299,0],[107.6087817,-6.9101077,0],[107.608484,-6.9095465,0],[107.6083912,-6.9093671,0]]},"properties":{"name":"Jalan Wastukencana","styleUrl":"#7963","stroke-opacity":1,"stroke":"#2E3192","stroke-width":4},"id":"7962"},{"type":"Feature","geometry":{"type":"LineString","coordinates":[[107.5949807,-6.9370518,0],[107.5950123,-6.9370007,0],[107.5950424,-6.936952,0]]},"properties":{"name":"Jalan Kyai Haji Wahid Hasyim","styleUrl":"#7967","stroke-opacity":1,"stroke":"#2E3192","stroke-width":4},"id":"7966"},{"type":"Feature","geometry":{"type":"LineString","coordinates":[[107.6043867,-6.9048271,0],[107.6044248,-6.9047189,0],[107.6044209,-6.9045972,0]]},"properties":{"name":"Jalan Cihampelas","styleUrl":"#7971","stroke-opacity":1,"stroke":"#2E3192","stroke-width":4},"id":"7970"},{"type":"Feature","geometry":{"type":"LineString","coordinates":[[107.6044209,-6.9045972,0],[107.6044173,-6.9045205,0],[107.6044157,-6.9044676,0]]},"properties":{"name":"Jalan Cihampelas","styleUrl":"#7975","stroke-opacity":1,"stroke":"#2E3192","stroke-width":4},"id":"7974"},{"type":"Feature","geometry":{"type":"LineString","coordinates":[[107.6083912,-6.9093671,0],[107.6081746,-6.9090746,0]]},"properties":{"name":"Jalan Wastukencana","styleUrl":"#7979","stroke-opacity":1,"stroke":"#2E3192","stroke-width":4},"id":"7978"},{"type":"Feature","geometry":{"type":"LineString","coordinates":[[107.6126895,-6.8990737,0],[107.6127027,-6.8988485,0]]},"properties":{"name":"Jalan Ir. H. Djuanda","styleUrl":"#7983","stroke-opacity":1,"stroke":"#2E3192","stroke-width":4},"id":"7982"},{"type":"Feature","geometry":{"type":"LineString","coordinates":[[107.6127027,-6.8988485,0],[107.6127312,-6.8984524,0],[107.6127325,-6.8984219,0],[107.612749,-6.8980225,0],[107.6127546,-6.8978904,0],[107.6127584,-6.8976236,0],[107.6127613,-6.8975185,0],[107.6127661,-6.8973427,0],[107.6127684,-6.8972601,0],[107.6127727,-6.8970739,0],[107.6128311,-6.895903,0],[107.6128523,-6.8954793,0],[107.6128867,-6.8947892,0]]},"properties":{"name":"Jalan Ir. H. Djuanda","styleUrl":"#7987","stroke-opacity":1,"stroke":"#2E3192","stroke-width":4},"id":"7986"},{"type":"Feature","geometry":{"type":"LineString","coordinates":[[107.6027054,-6.916124,0],[107.6031066,-6.9160901,0]]},"properties":{"name":"Jalan Suniaraja","styleUrl":"#7991","stroke-opacity":1,"stroke":"#2E3192","stroke-width":4},"id":"7990"},{"type":"Feature","geometry":{"type":"LineString","coordinates":[[107.6017942,-6.9312076,0],[107.6017766,-6.9311868,0],[107.6014884,-6.9308457,0],[107.6013919,-6.9307438,0],[107.601334,-6.9306827,0],[107.6012628,-6.9306121,0],[107.6012254,-6.9305749,0],[107.6011214,-6.930478,0],[107.6008741,-6.9302699,0]]},"properties":{"name":"Jalan Astana Anyar","styleUrl":"#7995","stroke-opacity":1,"stroke":"#2E3192","stroke-width":4},"id":"7994"},{"type":"Feature","geometry":{"type":"LineString","coordinates":[[107.6007743,-6.9300052,0],[107.6007602,-6.9298949,0],[107.6007454,-6.9296679,0],[107.6007387,-6.9296054,0],[107.6007351,-6.9295707,0],[107.600717,-6.9293977,0],[107.6006985,-6.9292319,0],[107.6006731,-6.9290234,0],[107.600612,-6.9288685,0],[107.6005919,-6.9288192,0],[107.6005121,-6.9286235,0]]},"properties":{"name":"Jalan Astana Anyar","styleUrl":"#7999","stroke-opacity":1,"stroke":"#2E3192","stroke-width":4},"id":"7998"},{"type":"Feature","geometry":{"type":"LineString","coordinates":[[107.5986744,-6.9232626,0],[107.598693,-6.9233336,0],[107.5987003,-6.9233666,0],[107.5987418,-6.9235419,0],[107.5987785,-6.9236837,0],[107.5988393,-6.9239196,0],[107.5989872,-6.9243261,0],[107.5990381,-6.9244659,0],[107.5991575,-6.9247939,0],[107.5992769,-6.9251219,0],[107.5995204,-6.9258084,0],[107.5995293,-6.9258336,0],[107.5996933,-6.9262957,0],[107.5997325,-6.9263959,0],[107.599866,-6.9267377,0],[107.5999192,-6.9268738,0]]},"properties":{"name":"Jalan Astana Anyar","styleUrl":"#8003","stroke-opacity":1,"stroke":"#2E3192","stroke-width":4},"id":"8002"},{"type":"Feature","geometry":{"type":"LineString","coordinates":[[107.6024135,-6.9161558,0],[107.6025153,-6.9161423,0],[107.6027054,-6.916124,0]]},"properties":{"name":"Jalan Suniaraja","styleUrl":"#8007","stroke-opacity":1,"stroke":"#2E3192","stroke-width":4},"id":"8006"},{"type":"Feature","geometry":{"type":"LineString","coordinates":[[107.5984851,-6.9214116,0],[107.5984976,-6.9215636,0],[107.5985706,-6.9225334,0],[107.5985764,-6.9225957,0],[107.598583,-6.9226401,0],[107.5986598,-6.9231557,0],[107.5986613,-6.9231659,0],[107.5986744,-6.9232626,0]]},"properties":{"name":"Jalan Astana Anyar","styleUrl":"#8011","stroke-opacity":1,"stroke":"#2E3192","stroke-width":4},"id":"8010"},{"type":"Feature","geometry":{"type":"LineString","coordinates":[[107.6024416,-6.9337622,0],[107.6024097,-6.9335398,0],[107.6022953,-6.9329832,0],[107.6021978,-6.9325846,0],[107.6021793,-6.9325106,0],[107.6020798,-6.9321422,0],[107.6019893,-6.9318736,0],[107.6018666,-6.9314246,0],[107.6017942,-6.9312076,0]]},"properties":{"name":"Jalan Astana Anyar","styleUrl":"#8015","stroke-opacity":1,"stroke":"#2E3192","stroke-width":4},"id":"8014"},{"type":"Feature","geometry":{"type":"LineString","coordinates":[[107.6129816,-6.893449,0],[107.6130148,-6.8931321,0],[107.6130562,-6.8926611,0],[107.6130864,-6.8923918,0],[107.6131472,-6.8918412,0]]},"properties":{"name":"Jalan Ir. H. Djuanda","styleUrl":"#8019","stroke-opacity":1,"stroke":"#2E3192","stroke-width":4},"id":"8018"},{"type":"Feature","geometry":{"type":"LineString","coordinates":[[107.6093359,-6.9068089,0],[107.6094718,-6.9068328,0],[107.6096165,-6.9068537,0],[107.6097643,-6.906873,0],[107.6103621,-6.9069583,0],[107.6104091,-6.9069683,0],[107.6105477,-6.9069871,0]]},"properties":{"name":"Jalan L.L. RE. Martadinata","styleUrl":"#8023","stroke-opacity":1,"stroke":"#2E3192","stroke-width":4},"id":"8022"},{"type":"Feature","geometry":{"type":"LineString","coordinates":[[107.6081746,-6.9090746,0],[107.6079826,-6.9088722,0],[107.6079276,-6.9088024,0],[107.6078627,-6.9086803,0],[107.6078276,-6.9085634,0],[107.6077911,-6.9084463,0],[107.6076596,-6.9080052,0]]},"properties":{"name":"Jalan Wastukencana","styleUrl":"#8027","stroke-opacity":1,"stroke":"#2E3192","stroke-width":4},"id":"8026"},{"type":"Feature","geometry":{"type":"LineString","coordinates":[[107.6077246,-6.9060495,0],[107.6077494,-6.9061802,0],[107.6077784,-6.906285,0],[107.6078246,-6.906372,0],[107.607872,-6.9064327,0],[107.6079412,-6.9065104,0]]},"properties":{"name":"Jalan Wastukencana","styleUrl":"#8031","stroke-opacity":1,"stroke":"#2E3192","stroke-width":4},"id":"8030"},{"type":"Feature","geometry":{"type":"LineString","coordinates":[[107.6090178,-6.9137787,0],[107.6090205,-6.9136767,0],[107.6090245,-6.9135277,0],[107.609039,-6.9130013,0],[107.609046,-6.9127463,0],[107.6090488,-6.912686,0],[107.6090912,-6.9111612,0],[107.6090945,-6.9110414,0],[107.6090968,-6.9109499,0],[107.6090979,-6.9109073,0],[107.609097,-6.9108182,0],[107.6090871,-6.9107051,0],[107.6090715,-6.9106208,0],[107.609044,-6.9105515,0]]},"properties":{"name":"Jalan Wastukencana","styleUrl":"#8035","stroke-opacity":1,"stroke":"#2E3192","stroke-width":4},"id":"8034"},{"type":"Feature","geometry":{"type":"LineString","coordinates":[[107.6070945,-6.9151362,0],[107.6071194,-6.9149776,0],[107.6071865,-6.9145473,0],[107.6071931,-6.9145156,0]]},"properties":{"name":"Jalan Perintis Kemerdekaan","styleUrl":"#8039","stroke-opacity":1,"stroke":"#2E3192","stroke-width":4},"id":"8038"},{"type":"Feature","geometry":{"type":"LineString","coordinates":[[107.6132807,-6.8905731,0],[107.6132988,-6.8903657,0],[107.6133478,-6.8899979,0],[107.6133807,-6.8896636,0],[107.6134041,-6.8894521,0],[107.6134287,-6.8892534,0],[107.6134591,-6.8890347,0],[107.6134738,-6.8889075,0],[107.6135047,-6.888556,0],[107.6135141,-6.8884002,0],[107.6135252,-6.8882208,0]]},"properties":{"name":"Jalan Ir. H. Djuanda","styleUrl":"#8043","stroke-opacity":1,"stroke":"#2E3192","stroke-width":4},"id":"8042"},{"type":"Feature","geometry":{"type":"LineString","coordinates":[[107.6128867,-6.8947892,0],[107.6129072,-6.8944564,0],[107.6129213,-6.8942282,0],[107.6129531,-6.8937553,0]]},"properties":{"name":"Jalan Ir. H. Djuanda","styleUrl":"#8047","stroke-opacity":1,"stroke":"#2E3192","stroke-width":4},"id":"8046"},{"type":"Feature","geometry":{"type":"LineString","coordinates":[[107.6089385,-6.9138394,0],[107.608945,-6.9138185,0],[107.6089576,-6.9138005,0],[107.6089751,-6.9137871,0],[107.6089958,-6.9137796,0],[107.6090178,-6.9137787,0]]},"properties":{"name":"Jalan Perintis Kemerdekaan","styleUrl":"#8051","stroke-opacity":1,"stroke":"#2E3192","stroke-width":4},"id":"8050"},{"type":"Feature","geometry":{"type":"LineString","coordinates":[[107.5950424,-6.936952,0],[107.595108,-6.9369797,0],[107.5952913,-6.937055,0]]},"properties":{"name":"Jalan Peta","styleUrl":"#8055","stroke-opacity":1,"stroke":"#2E3192","stroke-width":4},"id":"8054"},{"type":"Feature","geometry":{"type":"LineString","coordinates":[[107.5910269,-6.9435481,0],[107.5910603,-6.9434929,0],[107.5910903,-6.9434463,0],[107.5911028,-6.9434233,0],[107.5911203,-6.9433931,0],[107.5912147,-6.9432302,0],[107.591257,-6.9431573,0],[107.5913003,-6.9430856,0],[107.5913435,-6.9430138,0],[107.5914686,-6.9428144,0],[107.5916513,-6.9425217,0],[107.5918451,-6.942203,0],[107.5918647,-6.9421708,0],[107.59192,-6.9420837,0],[107.5920724,-6.9418438,0],[107.5922389,-6.9415903,0],[107.5924641,-6.9412448,0],[107.5930896,-6.9402979,0],[107.59314,-6.9402168,0],[107.5932148,-6.9400962,0],[107.5932356,-6.9400628,0],[107.5933094,-6.939944,0],[107.5934404,-6.9397331,0],[107.5936005,-6.9394752,0],[107.5937688,-6.9391642,0],[107.5939092,-6.9389121,0],[107.5939987,-6.938752,0],[107.5940814,-6.9386042,0],[107.5941015,-6.9385696,0],[107.594148,-6.9384872,0],[107.594204,-6.9383881,0],[107.594524,-6.9378129,0],[107.5945872,-6.9376992,0],[107.5946221,-6.9376377,0],[107.5946542,-6.9375847,0],[107.5948299,-6.9373141,0]]},"properties":{"name":"Jalan Kyai Haji Wahid Hasyim","styleUrl":"#8059","stroke-opacity":1,"stroke":"#2E3192","stroke-width":4},"id":"8058"},{"type":"Feature","geometry":{"type":"LineString","coordinates":[[107.5981927,-6.916324,0],[107.5982715,-6.9163189,0]]},"properties":{"name":"Jalan Kebon Jati","styleUrl":"#8063","stroke-opacity":1,"stroke":"#2E3192","stroke-width":4},"id":"8062"},{"type":"Feature","geometry":{"type":"LineString","coordinates":[[107.604907,-6.904268,0],[107.6050069,-6.9042364,0],[107.6052804,-6.9041005,0],[107.6053744,-6.90407,0],[107.6054375,-6.9040541,0],[107.6055836,-6.9040421,0],[107.6057001,-6.9040566,0],[107.6058666,-6.904082,0],[107.6061415,-6.9041472,0],[107.6062746,-6.904201,0],[107.6063427,-6.9042285,0],[107.6065578,-6.9043358,0],[107.6068071,-6.9045045,0],[107.6068707,-6.9045644,0],[107.6069853,-6.9046722,0],[107.6070822,-6.9047818,0],[107.6072335,-6.9049789,0],[107.6073451,-6.9051744,0],[107.6073639,-6.9052044,0],[107.6073961,-6.9052634,0]]},"properties":{"name":"Jalan Wastukencana","styleUrl":"#8067","stroke-opacity":1,"stroke":"#2E3192","stroke-width":4},"id":"8066"},{"type":"Feature","geometry":{"type":"LineString","coordinates":[[107.5928649,-6.9448811,0],[107.5928452,-6.9447709,0],[107.5927744,-6.9446004,0],[107.5927602,-6.9445782,0],[107.5926579,-6.9444185,0],[107.5924688,-6.9442725,0],[107.5920765,-6.9440744,0]]},"properties":{"name":"Jalan Keluar Terminal Leuwipanjang","styleUrl":"#8071","stroke-opacity":1,"stroke":"#2E3192","stroke-width":4},"id":"8070"},{"type":"Feature","geometry":{"type":"LineString","coordinates":[[107.6076596,-6.9080052,0],[107.607602,-6.9079117,0],[107.607563,-6.9078579,0],[107.607537,-6.907823,0],[107.607465,-6.9077399,0],[107.6073865,-6.9076628,0]]},"properties":{"name":"Jalan Pajajaran","styleUrl":"#8075","stroke-opacity":1,"stroke":"#2E3192","stroke-width":4},"id":"8074"},{"type":"Feature","geometry":{"type":"LineString","coordinates":[[107.6053829,-6.907135,0],[107.6051824,-6.9071438,0],[107.6047535,-6.9071527,0],[107.6045501,-6.9071569,0],[107.6045,-6.907158,0]]},"properties":{"name":"Jalan Pajajaran","styleUrl":"#8079","stroke-opacity":1,"stroke":"#2E3192","stroke-width":4},"id":"8078"},{"type":"Feature","geometry":{"type":"LineString","coordinates":[[107.5982092,-6.9170861,0],[107.5981967,-6.9164481,0],[107.598196,-6.9164118,0],[107.5981927,-6.916324,0]]},"properties":{"name":"Jalan Gardujati","styleUrl":"#8083","stroke-opacity":1,"stroke":"#2E3192","stroke-width":4},"id":"8082"},{"type":"Feature","geometry":{"type":"LineString","coordinates":[[107.6008741,-6.9302699,0],[107.6008268,-6.9301487,0],[107.6007743,-6.9300052,0]]},"properties":{"name":"Jalan Astana Anyar","styleUrl":"#8087","stroke-opacity":1,"stroke":"#2E3192","stroke-width":4},"id":"8086"},{"type":"Feature","geometry":{"type":"LineString","coordinates":[[107.599356,-6.9374873,0],[107.5994448,-6.9374721,0]]},"properties":{"name":"Jalan Peta","styleUrl":"#8091","stroke-opacity":1,"stroke":"#2E3192","stroke-width":4},"id":"8090"},{"type":"Feature","geometry":{"type":"LineString","coordinates":[[107.5994448,-6.9374721,0],[107.5994636,-6.9374701,0],[107.6001982,-6.9373255,0],[107.6005128,-6.9372644,0],[107.6009668,-6.9371867,0],[107.6012443,-6.9371571,0],[107.6015131,-6.9371424,0],[107.601986,-6.9371494,0],[107.6020331,-6.9371534,0],[107.6023057,-6.9371766,0],[107.6025122,-6.9371945,0]]},"properties":{"name":"Jalan Peta","styleUrl":"#8095","stroke-opacity":1,"stroke":"#2E3192","stroke-width":4},"id":"8094"},{"type":"Feature","geometry":{"type":"LineString","coordinates":[[107.591821,-6.9439456,0],[107.5916379,-6.9438582,0]]},"properties":{"name":"Jalan Keluar Terminal Leuwipanjang","styleUrl":"#8099","stroke-opacity":1,"stroke":"#2E3192","stroke-width":4},"id":"8098"},{"type":"Feature","geometry":{"type":"LineString","coordinates":[[107.5920765,-6.9440744,0],[107.591821,-6.9439456,0]]},"properties":{"name":"Jalan Keluar Terminal Leuwipanjang","styleUrl":"#8103","stroke-opacity":1,"stroke":"#2E3192","stroke-width":4},"id":"8102"},{"type":"Feature","geometry":{"type":"LineString","coordinates":[[107.6113914,-6.9028197,0],[107.6115213,-6.9024821,0],[107.6115708,-6.9023556,0],[107.6117932,-6.9018165,0],[107.6118059,-6.9017842,0],[107.6121077,-6.9010196,0],[107.6121823,-6.9008478,0],[107.6123625,-6.9004907,0],[107.6124171,-6.9003853,0],[107.6124397,-6.9003402,0]]},"properties":{"name":"Jalan Ir. H. Djuanda","styleUrl":"#8107","stroke-opacity":1,"stroke":"#2E3192","stroke-width":4},"id":"8106"},{"type":"Feature","geometry":{"type":"LineString","coordinates":[[107.6077246,-6.9060495,0],[107.6076516,-6.9060628,0]]},"properties":{"name":"Route Segment","styleUrl":"#8111","stroke-opacity":1,"stroke":"#2E3192","stroke-width":4},"id":"8110"},{"type":"Feature","geometry":{"type":"LineString","coordinates":[[107.6135831,-6.8868145,0],[107.6135878,-6.8866727,0],[107.6135931,-6.8865176,0],[107.6136173,-6.8861488,0],[107.6136771,-6.8854184,0],[107.6136799,-6.8853848,0],[107.6136812,-6.8853519,0],[107.6136854,-6.8852776,0]]},"properties":{"name":"Jalan Ir. H. Djuanda","styleUrl":"#8115","stroke-opacity":1,"stroke":"#2E3192","stroke-width":4},"id":"8114"},{"type":"Feature","geometry":{"type":"LineString","coordinates":[[107.6005121,-6.9286235,0],[107.6004015,-6.9283347,0],[107.6003256,-6.9280843,0],[107.6002646,-6.9279252,0],[107.6001956,-6.9277355,0],[107.5999523,-6.9269769,0],[107.5999192,-6.9268738,0]]},"properties":{"name":"Jalan Astana Anyar","styleUrl":"#8119","stroke-opacity":1,"stroke":"#2E3192","stroke-width":4},"id":"8118"},{"type":"Feature","geometry":{"type":"LineString","coordinates":[[107.5948299,-6.9373141,0],[107.5949436,-6.9371168,0],[107.5949807,-6.9370518,0]]},"properties":{"name":"Jalan Kyai Haji Wahid Hasyim","styleUrl":"#8123","stroke-opacity":1,"stroke":"#2E3192","stroke-width":4},"id":"8122"},{"type":"Feature","geometry":{"type":"LineString","coordinates":[[107.6105564,-6.9067387,0],[107.6105556,-6.9065022,0],[107.6105606,-6.9054954,0]]},"properties":{"name":"Jalan Ir. H. Djuanda","styleUrl":"#8127","stroke-opacity":1,"stroke":"#2E3192","stroke-width":4},"id":"8126"},{"type":"Feature","geometry":{"type":"LineString","coordinates":[[107.6045,-6.907158,0],[107.6044924,-6.907135,0],[107.6044754,-6.9071175,0],[107.6044526,-6.9071087,0],[107.6044282,-6.9071102,0]]},"properties":{"name":"Jalan Pajajaran","styleUrl":"#8131","stroke-opacity":1,"stroke":"#2E3192","stroke-width":4},"id":"8130"},{"type":"Feature","geometry":{"type":"LineString","coordinates":[[107.606909,-6.9153005,0],[107.6070047,-6.9152495,0],[107.6070566,-6.9152024,0],[107.6070945,-6.9151362,0]]},"properties":{"name":"Jalan Stasiun Timur","styleUrl":"#8135","stroke-opacity":1,"stroke":"#2E3192","stroke-width":4},"id":"8134"},{"type":"Feature","geometry":{"type":"LineString","coordinates":[[107.6136907,-6.8852164,0],[107.6137895,-6.8852356,0]]},"properties":{"name":"Jalan Dipatiukur","styleUrl":"#8139","stroke-opacity":1,"stroke":"#2E3192","stroke-width":4},"id":"8138"},{"type":"Feature","geometry":{"type":"LineString","coordinates":[[107.6131855,-6.8914961,0],[107.6132358,-6.890944,0],[107.6132807,-6.8905731,0]]},"properties":{"name":"Jalan Ir. H. Djuanda","styleUrl":"#8143","stroke-opacity":1,"stroke":"#2E3192","stroke-width":4},"id":"8142"},{"type":"Feature","geometry":{"type":"LineString","coordinates":[[107.6168134,-6.8905914,0],[107.6169111,-6.890724,0],[107.6169359,-6.8907603,0],[107.6170495,-6.8909264,0],[107.617163,-6.8910925,0],[107.6174257,-6.8915935,0],[107.6174672,-6.8916726,0],[107.6175776,-6.8918986,0],[107.6177764,-6.8923055,0]]},"properties":{"name":"Jalan Dipatiukur","styleUrl":"#8147","stroke-opacity":1,"stroke":"#2E3192","stroke-width":4},"id":"8146"},{"type":"Feature","geometry":{"type":"LineString","coordinates":[[107.6166228,-6.8903248,0],[107.6166372,-6.8903228,0],[107.6166517,-6.890328,0],[107.6166706,-6.8903452,0],[107.6167537,-6.8904642,0],[107.6168098,-6.8905555,0],[107.6168134,-6.8905914,0]]},"properties":{"name":"Jalan Dipatiukur","styleUrl":"#8151","stroke-opacity":1,"stroke":"#2E3192","stroke-width":4},"id":"8150"},{"type":"Feature","geometry":{"type":"LineString","coordinates":[[107.5982595,-6.9181989,0],[107.5982308,-6.9180616,0],[107.5982278,-6.9178847,0],[107.5982246,-6.9176091,0],[107.5982111,-6.9171528,0],[107.5982092,-6.9170861,0]]},"properties":{"name":"Jalan Gardujati","styleUrl":"#8155","stroke-opacity":1,"stroke":"#2E3192","stroke-width":4},"id":"8154"},{"type":"Feature","geometry":{"type":"LineString","coordinates":[[107.6106154,-6.9048111,0],[107.6106441,-6.9046942,0],[107.610854,-6.9041903,0]]},"properties":{"name":"Jalan Ir. H. Djuanda","styleUrl":"#8159","stroke-opacity":1,"stroke":"#2E3192","stroke-width":4},"id":"8158"},{"type":"Feature","geometry":{"type":"LineString","coordinates":[[107.5952913,-6.937055,0],[107.5955701,-6.9371851,0],[107.5956524,-6.9372267,0],[107.5957833,-6.9372929,0],[107.5960045,-6.937408,0],[107.596358,-6.9375437,0],[107.5965807,-6.9376054,0],[107.5967717,-6.9376364,0],[107.5970266,-6.9376757,0],[107.5970826,-6.9376843,0],[107.597167,-6.937696,0],[107.597571,-6.9377203,0],[107.5980158,-6.9377065,0],[107.5984843,-6.937651,0],[107.5993404,-6.9374905,0],[107.599356,-6.9374873,0]]},"properties":{"name":"Jalan Peta","styleUrl":"#8163","stroke-opacity":1,"stroke":"#2E3192","stroke-width":4},"id":"8162"},{"type":"Feature","geometry":{"type":"LineString","coordinates":[[107.6129531,-6.8937553,0],[107.6129607,-6.8936636,0],[107.6129816,-6.893449,0]]},"properties":{"name":"Jalan Ir. H. Djuanda","styleUrl":"#8167","stroke-opacity":1,"stroke":"#2E3192","stroke-width":4},"id":"8166"},{"type":"Feature","geometry":{"type":"LineString","coordinates":[[107.609044,-6.9105515,0],[107.6088785,-6.9103019,0]]},"properties":{"name":"Jalan Wastukencana","styleUrl":"#8171","stroke-opacity":1,"stroke":"#2E3192","stroke-width":4},"id":"8170"},{"type":"Feature","geometry":{"type":"LineString","coordinates":[[107.6136854,-6.8852776,0],[107.6136907,-6.8852164,0]]},"properties":{"name":"Jalan Ir. H. Djuanda","styleUrl":"#8175","stroke-opacity":1,"stroke":"#2E3192","stroke-width":4},"id":"8174"},{"type":"Feature","geometry":{"type":"LineString","coordinates":[[107.6031066,-6.9160901,0],[107.6043695,-6.9158689,0],[107.6045054,-6.9158364,0]]},"properties":{"name":"Jalan Suniaraja","styleUrl":"#8179","stroke-opacity":1,"stroke":"#2E3192","stroke-width":4},"id":"8178"},{"type":"Feature","geometry":{"type":"LineString","coordinates":[[107.6045054,-6.9158364,0],[107.6045124,-6.9157548,0],[107.6045263,-6.9155905,0],[107.604546,-6.9153572,0]]},"properties":{"name":"Jalan Otto Iskandardinata","styleUrl":"#8183","stroke-opacity":1,"stroke":"#2E3192","stroke-width":4},"id":"8182"},{"type":"Feature","geometry":{"type":"LineString","coordinates":[[107.6135555,-6.887414,0],[107.6135616,-6.8873211,0],[107.6135665,-6.8872174,0],[107.6135764,-6.8870062,0],[107.6135831,-6.8868145,0]]},"properties":{"name":"Jalan Ir. H. Djuanda","styleUrl":"#8187","stroke-opacity":1,"stroke":"#2E3192","stroke-width":4},"id":"8186"},{"type":"Feature","geometry":{"type":"LineString","coordinates":[[107.6105477,-6.9069871,0],[107.6105564,-6.9068303,0],[107.6105564,-6.9067387,0]]},"properties":{"name":"Jalan Ir. H. Djuanda","styleUrl":"#8191","stroke-opacity":1,"stroke":"#2E3192","stroke-width":4},"id":"8190"},{"type":"Feature","geometry":{"type":"LineString","coordinates":[[107.6025122,-6.9371945,0],[107.6028669,-6.9372273,0],[107.6028903,-6.9372279,0],[107.6030002,-6.9372376,0]]},"properties":{"name":"Jalan Peta","styleUrl":"#8195","stroke-opacity":1,"stroke":"#2E3192","stroke-width":4},"id":"8194"},{"type":"Feature","geometry":{"type":"LineString","coordinates":[[107.6031352,-6.9355744,0],[107.6031365,-6.9355032,0],[107.6031065,-6.9354478,0],[107.6030557,-6.9353938,0],[107.6030209,-6.9353706,0]]},"properties":{"name":"Jalan Otto Iskandardinata","styleUrl":"#8199","stroke-opacity":1,"stroke":"#2E3192","stroke-width":4},"id":"8198"},{"type":"Feature","geometry":{"type":"LineString","coordinates":[[107.6064066,-6.9149399,0],[107.6065239,-6.9149519,0],[107.6066003,-6.9149924,0],[107.6066521,-6.9150384,0],[107.6067855,-6.9152656,0],[107.6068306,-6.9152963,0],[107.606909,-6.9153005,0]]},"properties":{"name":"Jalan Stasiun Timur","styleUrl":"#8203","stroke-opacity":1,"stroke":"#2E3192","stroke-width":4},"id":"8202"},{"type":"Feature","geometry":{"type":"LineString","coordinates":[[107.610854,-6.9041903,0],[107.6113914,-6.9028197,0]]},"properties":{"name":"Jalan Ir. H. Djuanda","styleUrl":"#8207","stroke-opacity":1,"stroke":"#2E3192","stroke-width":4},"id":"8206"},{"type":"Feature","geometry":{"type":"LineString","coordinates":[[107.6047378,-6.9043028,0],[107.604907,-6.904268,0]]},"properties":{"name":"Jalan Wastukencana","styleUrl":"#8211","stroke-opacity":1,"stroke":"#2E3192","stroke-width":4},"id":"8210"},{"type":"Feature","geometry":{"type":"LineString","coordinates":[[107.6044854,-6.9043711,0],[107.6045924,-6.9043527,0],[107.6046179,-6.9043488,0],[107.6047378,-6.9043028,0]]},"properties":{"name":"Jalan Wastukencana","styleUrl":"#8215","stroke-opacity":1,"stroke":"#2E3192","stroke-width":4},"id":"8214"},{"type":"Feature","geometry":{"type":"LineString","coordinates":[[107.6044157,-6.9044676,0],[107.6044268,-6.9044278,0],[107.6044511,-6.9043943,0],[107.6044854,-6.9043711,0]]},"properties":{"name":"Jalan Wastukencana","styleUrl":"#8219","stroke-opacity":1,"stroke":"#2E3192","stroke-width":4},"id":"8218"},{"type":"Feature","geometry":{"type":"LineString","coordinates":[[107.5932469,-6.9458124,0],[107.593099,-6.9457887,0],[107.5930399,-6.9457531,0]]},"properties":{"name":"Jalur Bus Kota","styleUrl":"#8223","stroke-opacity":1,"stroke":"#2E3192","stroke-width":4},"id":"8222"},{"type":"Feature","geometry":{"type":"LineString","coordinates":[[107.6135252,-6.8882208,0],[107.6135342,-6.8880287,0]]},"properties":{"name":"Jalan Ir. H. Djuanda","styleUrl":"#8227","stroke-opacity":1,"stroke":"#2E3192","stroke-width":4},"id":"8226"},{"type":"Feature","geometry":{"type":"LineString","coordinates":[[107.6135342,-6.8880287,0],[107.6135521,-6.8875107,0],[107.6135555,-6.887414,0]]},"properties":{"name":"Jalan Ir. H. Djuanda","styleUrl":"#8231","stroke-opacity":1,"stroke":"#2E3192","stroke-width":4},"id":"8230"},{"type":"Feature","geometry":{"type":"LineString","coordinates":[[107.6022035,-6.9161755,0],[107.6023281,-6.9161607,0],[107.6024135,-6.9161558,0]]},"properties":{"name":"Jalan Suniaraja","styleUrl":"#8235","stroke-opacity":1,"stroke":"#2E3192","stroke-width":4},"id":"8234"},{"type":"Feature","geometry":{"type":"LineString","coordinates":[[107.6075021,-6.9054958,0],[107.6075188,-6.9055413,0],[107.60753,-6.9055726,0],[107.6075685,-6.9056935,0],[107.6075999,-6.9058246,0],[107.6076304,-6.9059685,0],[107.6076516,-6.9060628,0]]},"properties":{"name":"Jalan Wastukencana","styleUrl":"#8239","stroke-opacity":1,"stroke":"#2E3192","stroke-width":4},"id":"8238"},{"type":"Feature","geometry":{"type":"LineString","coordinates":[[107.5930399,-6.9457531,0],[107.592993,-6.9456782,0],[107.5929837,-6.9456634,0],[107.5929519,-6.9455681,0],[107.5929354,-6.9455213,0],[107.592865,-6.9452968,0],[107.5928485,-6.9452341,0],[107.5928394,-6.9450646,0]]},"properties":{"name":"Jalur Bus Kota","styleUrl":"#8243","stroke-opacity":1,"stroke":"#2E3192","stroke-width":4},"id":"8242"},{"type":"Feature","geometry":{"type":"LineString","coordinates":[[107.6131472,-6.8918412,0],[107.6131855,-6.8914961,0]]},"properties":{"name":"Jalan Ir. H. Djuanda","styleUrl":"#8247","stroke-opacity":1,"stroke":"#2E3192","stroke-width":4},"id":"8246"},{"type":"Feature","geometry":{"type":"LineString","coordinates":[[107.6105606,-6.9054954,0],[107.6105667,-6.9052602,0],[107.6105781,-6.9050145,0],[107.6106154,-6.9048111,0]]},"properties":{"name":"Jalan Ir. H. Djuanda","styleUrl":"#8251","stroke-opacity":1,"stroke":"#2E3192","stroke-width":4},"id":"8250"},{"type":"Feature","geometry":{"type":"LineString","coordinates":[[107.6073185,-6.9143005,0],[107.6073396,-6.9142915,0],[107.6073918,-6.9142744,0],[107.607494,-6.9142383,0],[107.6075641,-6.9142136,0]]},"properties":{"name":"Jalan Perintis Kemerdekaan","styleUrl":"#8255","stroke-opacity":1,"stroke":"#2E3192","stroke-width":4},"id":"8254"},{"type":"Feature","geometry":{"type":"LineString","coordinates":[[107.5928394,-6.9450646,0],[107.5928649,-6.9448811,0]]},"properties":{"name":"Jalur Bus Kota","styleUrl":"#8259","stroke-opacity":1,"stroke":"#2E3192","stroke-width":4},"id":"8258"},{"type":"Feature","geometry":{"type":"LineString","coordinates":[[107.5916379,-6.9438582,0],[107.5910845,-6.9435862,0],[107.5910269,-6.9435481,0]]},"properties":{"name":"Jalan Keluar Terminal Leuwipanjang","styleUrl":"#8263","stroke-opacity":1,"stroke":"#2E3192","stroke-width":4},"id":"8262"},{"type":"Feature","geometry":{"type":"LineString","coordinates":[[107.6177764,-6.8923055,0],[107.6178188,-6.8923923,0]]},"properties":{"name":"Jalan Dipatiukur","styleUrl":"#8267","stroke-opacity":1,"stroke":"#2E3192","stroke-width":4},"id":"8266"},{"type":"Feature","geometry":{"type":"LineString","coordinates":[[107.5983304,-6.9201181,0],[107.5983477,-6.9202233,0],[107.5984236,-6.9208584,0],[107.5984295,-6.9209186,0],[107.5984382,-6.9210075,0],[107.5984736,-6.9213127,0],[107.5984851,-6.9214116,0]]},"properties":{"name":"Jalan Astana Anyar","styleUrl":"#8271","stroke-opacity":1,"stroke":"#2E3192","stroke-width":4},"id":"8270"},{"type":"Feature","geometry":{"type":"LineString","coordinates":[[107.5982864,-6.9187354,0],[107.5982595,-6.9181989,0]]},"properties":{"name":"Jalan Gardujati","styleUrl":"#8275","stroke-opacity":1,"stroke":"#2E3192","stroke-width":4},"id":"8274"},{"type":"Feature","geometry":{"type":"LineString","coordinates":[[107.6024738,-6.933942,0],[107.6024577,-6.9338521,0],[107.6024416,-6.9337622,0]]},"properties":{"name":"Jalan Astana Anyar","styleUrl":"#8279","stroke-opacity":1,"stroke":"#2E3192","stroke-width":4},"id":"8278"},{"type":"Feature","geometry":{"type":"LineString","coordinates":[[107.5982715,-6.9163189,0],[107.5983921,-6.91631,0]]},"properties":{"name":"Jalan Kebon Jati","styleUrl":"#8283","stroke-opacity":1,"stroke":"#2E3192","stroke-width":4},"id":"8282"},{"type":"Feature","geometry":{"type":"Point","coordinates":[107.638933,-6.9541863,0]},"properties":{"name":"Pasar Kordon A","styleUrl":"#6616","icon-scale":1,"icon":"http://maps.google.com/mapfiles/kml/pushpin/ylw-pushpin.png"},"id":"6615"},{"type":"Feature","geometry":{"type":"Point","coordinates":[107.6029303,-6.9125954,0]},"properties":{"name":"Stasiun Bandung","styleUrl":"#6621","icon-scale":1,"icon":"http://maps.google.com/mapfiles/kml/pushpin/ylw-pushpin.png"},"id":"6620"},{"type":"Feature","geometry":{"type":"Point","coordinates":[107.6287137,-7.0059605,0]},"properties":{"name":"Masjid Al-Amanah","styleUrl":"#6626","icon-scale":1,"icon":"http://maps.google.com/mapfiles/kml/pushpin/ylw-pushpin.png"},"id":"6625"},{"type":"Feature","geometry":{"type":"Point","coordinates":[107.6323136,-6.9484371,0]},"properties":{"name":"Medal Sekarwangi","styleUrl":"#6631","icon-scale":1,"icon":"http://maps.google.com/mapfiles/kml/pushpin/ylw-pushpin.png"},"id":"6630"},{"type":"Feature","geometry":{"type":"Point","coordinates":[107.6190348,-6.9490929,0]},"properties":{"name":"PT LEN Industri A","styleUrl":"#6636","icon-scale":1,"icon":"http://maps.google.com/mapfiles/kml/pushpin/ylw-pushpin.png"},"id":"6635"},{"type":"Feature","geometry":{"type":"Point","coordinates":[107.6062815,-6.9365596,0]},"properties":{"name":"Taman Tegalega 3","styleUrl":"#6641","icon-scale":1,"icon":"http://maps.google.com/mapfiles/kml/pushpin/ylw-pushpin.png"},"id":"6640"},{"type":"Feature","geometry":{"type":"Point","coordinates":[107.599992,-6.906861,0]},"properties":{"name":"SDN Pajajaran","styleUrl":"#6646","icon-scale":1,"icon":"http://maps.google.com/mapfiles/kml/pushpin/ylw-pushpin.png"},"id":"6645"},{"type":"Feature","geometry":{"type":"Point","coordinates":[107.604546,-6.9153572,0]},"properties":{"name":"Stasiun Timur","styleUrl":"#6651","icon-scale":1,"icon":"http://maps.google.com/mapfiles/kml/pushpin/ylw-pushpin.png"},"id":"6650"},{"type":"Feature","geometry":{"type":"Point","coordinates":[107.6063015,-6.9390693,0]},"properties":{"name":"Sekolah Ganesha","styleUrl":"#6656","icon-scale":1,"icon":"http://maps.google.com/mapfiles/kml/pushpin/ylw-pushpin.png"},"id":"6655"},{"type":"Feature","geometry":{"type":"Point","coordinates":[107.6071455,-6.9211653,0]},"properties":{"name":"Alun-Alun Bandung","styleUrl":"#6661","icon-scale":1,"icon":"http://maps.google.com/mapfiles/kml/pushpin/ylw-pushpin.png"},"id":"6660"},{"type":"Feature","geometry":{"type":"Point","coordinates":[107.5979188,-6.9114098,0]},"properties":{"name":"SMAN 6 Bandung","styleUrl":"#6666","icon-scale":1,"icon":"http://maps.google.com/mapfiles/kml/pushpin/ylw-pushpin.png"},"id":"6665"},{"type":"Feature","geometry":{"type":"Point","coordinates":[107.6044125,-6.9064803,0]},"properties":{"name":"STHB (Sekolah Tinggi Hukum Bandung)","styleUrl":"#6671","icon-scale":1,"icon":"http://maps.google.com/mapfiles/kml/pushpin/ylw-pushpin.png"},"id":"6670"},{"type":"Feature","geometry":{"type":"Point","coordinates":[107.608407,-6.9453744,0]},"properties":{"name":"TK Kemala Bhayangkari","styleUrl":"#6676","icon-scale":1,"icon":"http://maps.google.com/mapfiles/kml/pushpin/ylw-pushpin.png"},"id":"6675"},{"type":"Feature","geometry":{"type":"Point","coordinates":[107.6067877,-6.9301452,0]},"properties":{"name":"SDN Moh. Toha","styleUrl":"#6681","icon-scale":1,"icon":"http://maps.google.com/mapfiles/kml/pushpin/ylw-pushpin.png"},"id":"6680"},{"type":"Feature","geometry":{"type":"Point","coordinates":[107.606261,-6.9238597,0]},"properties":{"name":"Grand Yogya Kepatihan","styleUrl":"#6686","icon-scale":1,"icon":"http://maps.google.com/mapfiles/kml/pushpin/ylw-pushpin.png"},"id":"6685"},{"type":"Feature","geometry":{"type":"Point","coordinates":[107.6312603,-7.0040341,0]},"properties":{"name":"Matahari Land","styleUrl":"#6691","icon-scale":1,"icon":"http://maps.google.com/mapfiles/kml/pushpin/ylw-pushpin.png"},"id":"6690"},{"type":"Feature","geometry":{"type":"Point","coordinates":[107.6318753,-7.0002118,0]},"properties":{"name":"Masjid Jami' Baitul Huda A","styleUrl":"#6696","icon-scale":1,"icon":"http://maps.google.com/mapfiles/kml/pushpin/ylw-pushpin.png"},"id":"6695"},{"type":"Feature","geometry":{"type":"Point","coordinates":[107.6308112,-6.9946948,0]},"properties":{"name":"Bubur Ayam H. Amid","styleUrl":"#6701","icon-scale":1,"icon":"http://maps.google.com/mapfiles/kml/pushpin/ylw-pushpin.png"},"id":"6700"},{"type":"Feature","geometry":{"type":"Point","coordinates":[107.6330944,-6.984586,0]},"properties":{"name":"Borma Bojongsoang","styleUrl":"#6706","icon-scale":1,"icon":"http://maps.google.com/mapfiles/kml/pushpin/ylw-pushpin.png"},"id":"6705"},{"type":"Feature","geometry":{"type":"Point","coordinates":[107.6352127,-6.9763963,0]},"properties":{"name":"SD Negeri Lengkong","styleUrl":"#6711","icon-scale":1,"icon":"http://maps.google.com/mapfiles/kml/pushpin/ylw-pushpin.png"},"id":"6710"},{"type":"Feature","geometry":{"type":"Point","coordinates":[107.6374709,-6.9676213,0]},"properties":{"name":"Puskesmas Bojongsoang","styleUrl":"#6716","icon-scale":1,"icon":"http://maps.google.com/mapfiles/kml/pushpin/ylw-pushpin.png"},"id":"6715"},{"type":"Feature","geometry":{"type":"Point","coordinates":[107.639482,-6.9576866,0]},"properties":{"name":"Bluebird A","styleUrl":"#6721","icon-scale":1,"icon":"http://maps.google.com/mapfiles/kml/pushpin/ylw-pushpin.png"},"id":"6720"},{"type":"Feature","geometry":{"type":"Point","coordinates":[107.6364761,-6.9512022,0]},"properties":{"name":"JAPNAS","styleUrl":"#6726","icon-scale":1,"icon":"http://maps.google.com/mapfiles/kml/pushpin/ylw-pushpin.png"},"id":"6725"},{"type":"Feature","geometry":{"type":"Point","coordinates":[107.6281496,-6.9494451,0]},"properties":{"name":"Bangunan Mart A","styleUrl":"#6731","icon-scale":1,"icon":"http://maps.google.com/mapfiles/kml/pushpin/ylw-pushpin.png"},"id":"6730"},{"type":"Feature","geometry":{"type":"Point","coordinates":[107.6242225,-6.9495008,0]},"properties":{"name":"LPKIA A","styleUrl":"#6736","icon-scale":1,"icon":"http://maps.google.com/mapfiles/kml/pushpin/ylw-pushpin.png"},"id":"6735"},{"type":"Feature","geometry":{"type":"Point","coordinates":[107.612094,-6.9485877,0]},"properties":{"name":"PLN UP3 Bandung A","styleUrl":"#6741","icon-scale":1,"icon":"http://maps.google.com/mapfiles/kml/pushpin/ylw-pushpin.png"},"id":"6740"},{"type":"Feature","geometry":{"type":"Point","coordinates":[107.6059915,-6.926739,0]},"properties":{"name":"ITC Kebon Kalapa","styleUrl":"#6746","icon-scale":1,"icon":"http://maps.google.com/mapfiles/kml/pushpin/ylw-pushpin.png"},"id":"6745"},{"type":"Feature","geometry":{"type":"Point","coordinates":[107.6066404,-6.9187122,0]},"properties":{"name":"Banceuy","styleUrl":"#6751","icon-scale":1,"icon":"http://maps.google.com/mapfiles/kml/pushpin/ylw-pushpin.png"},"id":"6750"},{"type":"Feature","geometry":{"type":"Point","coordinates":[107.6261375,-7.0067058,0]},"properties":{"name":"Baleendah","styleUrl":"#6756","icon-scale":1,"icon":"http://maps.google.com/mapfiles/kml/pushpin/ylw-pushpin.png"},"id":"6755"},{"type":"Feature","geometry":{"type":"Point","coordinates":[107.6093744,-6.9081456,0]},"properties":{"name":"Bandung Electronic Center","styleUrl":"#6761","icon-scale":1,"icon":"http://maps.google.com/mapfiles/kml/pushpin/ylw-pushpin.png"},"id":"6760"},{"type":"Feature","geometry":{"type":"LineString","coordinates":[[107.6044417,-6.9072201,0],[107.6044529,-6.9075468,0],[107.6044705,-6.9079587,0],[107.6044909,-6.9084617,0],[107.6044917,-6.9087943,0],[107.6044683,-6.9089756,0],[107.6044333,-6.9091247,0],[107.6043797,-6.9092856,0],[107.6043042,-6.9094556,0],[107.60428,-6.9095101,0],[107.6042537,-6.9095705,0],[107.6042108,-6.9096813,0],[107.6041664,-6.9098645,0],[107.6041381,-6.9100304,0],[107.6041233,-6.910177,0],[107.6041021,-6.9104022,0],[107.6040857,-6.9106877,0],[107.6040756,-6.9108629,0],[107.6040107,-6.9119067,0],[107.6039615,-6.9124737,0],[107.6039561,-6.9125447,0]]},"properties":{"name":"Jalan Cicendo","styleUrl":"#6766","stroke-opacity":1,"stroke":"#562B63","stroke-width":4},"id":"6765"},{"type":"Feature","geometry":{"type":"LineString","coordinates":[[107.6079412,-6.9065104,0],[107.6081981,-6.9065975,0],[107.6083321,-6.9066257,0],[107.6092299,-6.9067838,0],[107.6093359,-6.9068089,0]]},"properties":{"name":"Jalan L.L. RE. Martadinata","styleUrl":"#6770","stroke-opacity":1,"stroke":"#562B63","stroke-width":4},"id":"6769"},{"type":"Feature","geometry":{"type":"LineString","coordinates":[[107.6073865,-6.9076628,0],[107.6073442,-6.9076324,0],[107.6072754,-6.9075859,0],[107.6071035,-6.9074752,0],[107.6068765,-6.907351,0],[107.6066403,-6.907244,0],[107.6065225,-6.9072053,0],[107.6064209,-6.9071852,0],[107.6062761,-6.9071663,0],[107.6061572,-6.9071583,0],[107.6058415,-6.9071486,0],[107.6055894,-6.9071347,0]]},"properties":{"name":"Jalan Pajajaran","styleUrl":"#6774","stroke-opacity":1,"stroke":"#562B63","stroke-width":4},"id":"6773"},{"type":"Feature","geometry":{"type":"LineString","coordinates":[[107.6044282,-6.9071102,0],[107.6044133,-6.9065285,0],[107.6044125,-6.9064803,0],[107.6044014,-6.9058496,0],[107.6043978,-6.9056926,0],[107.6043877,-6.9049197,0],[107.6043867,-6.9048271,0]]},"properties":{"name":"Jalan Cihampelas","styleUrl":"#6778","stroke-opacity":1,"stroke":"#562B63","stroke-width":4},"id":"6777"},{"type":"Feature","geometry":{"type":"LineString","coordinates":[[107.5982527,-6.912368,0],[107.5981735,-6.9123668,0],[107.5980964,-6.9123486,0],[107.5980252,-6.9123143,0],[107.597963,-6.9122655,0]]},"properties":{"name":"Jalan Kebon Kawung","styleUrl":"#6782","stroke-opacity":1,"stroke":"#562B63","stroke-width":4},"id":"6781"},{"type":"Feature","geometry":{"type":"LineString","coordinates":[[107.6019305,-6.9125353,0],[107.601745,-6.9125245,0],[107.601624,-6.9125174,0],[107.6015636,-6.9125139,0],[107.6010547,-6.9124917,0],[107.6009674,-6.9124878,0],[107.6007223,-6.9124771,0],[107.6006486,-6.9124739,0],[107.6002224,-6.9124495,0],[107.6000202,-6.912439,0],[107.5993874,-6.9123994,0],[107.5990408,-6.912374,0],[107.5990132,-6.912372,0],[107.5982527,-6.912368,0]]},"properties":{"name":"Jalan Kebon Kawung","styleUrl":"#6786","stroke-opacity":1,"stroke":"#562B63","stroke-width":4},"id":"6785"},{"type":"Feature","geometry":{"type":"LineString","coordinates":[[107.6071931,-6.9145156,0],[107.6072105,-6.9144549,0],[107.6072378,-6.9143977,0],[107.6072741,-6.9143458,0],[107.6073185,-6.9143005,0]]},"properties":{"name":"Jalan Perintis Kemerdekaan","styleUrl":"#6790","stroke-opacity":1,"stroke":"#562B63","stroke-width":4},"id":"6789"},{"type":"Feature","geometry":{"type":"LineString","coordinates":[[107.6075641,-6.9142136,0],[107.6078626,-6.9140606,0],[107.607935,-6.9140241,0],[107.6079799,-6.9140014,0],[107.6081711,-6.9139136,0],[107.6082715,-6.9138902,0],[107.6089385,-6.9138394,0]]},"properties":{"name":"Jalan Perintis Kemerdekaan","styleUrl":"#6794","stroke-opacity":1,"stroke":"#562B63","stroke-width":4},"id":"6793"},{"type":"Feature","geometry":{"type":"LineString","coordinates":[[107.6045889,-6.9148224,0],[107.6045944,-6.9147921,0],[107.6046031,-6.9147807,0],[107.6046151,-6.914765,0],[107.6046317,-6.9147543,0],[107.6046427,-6.9147472,0],[107.6046716,-6.9147379,0],[107.6047205,-6.914736,0],[107.6064066,-6.9149399,0]]},"properties":{"name":"Jalan Stasiun Timur","styleUrl":"#6798","stroke-opacity":1,"stroke":"#562B63","stroke-width":4},"id":"6797"},{"type":"Feature","geometry":{"type":"LineString","coordinates":[[107.604546,-6.9153572,0],[107.6045814,-6.9149387,0],[107.6045889,-6.9148224,0]]},"properties":{"name":"Jalan Otto Iskandardinata","styleUrl":"#6802","stroke-opacity":1,"stroke":"#562B63","stroke-width":4},"id":"6801"},{"type":"Feature","geometry":{"type":"LineString","coordinates":[[107.6064546,-6.9210818,0],[107.6064774,-6.9208936,0],[107.6064789,-6.9208813,0],[107.6065186,-6.9205454,0],[107.6065406,-6.9203592,0],[107.6065698,-6.92013,0],[107.6065812,-6.9200148,0],[107.6066668,-6.919094,0],[107.6066712,-6.9189713,0]]},"properties":{"name":"Jalan Banceuy","styleUrl":"#6806","stroke-opacity":1,"stroke":"#562B63","stroke-width":4},"id":"6805"},{"type":"Feature","geometry":{"type":"LineString","coordinates":[[107.6062529,-6.9369183,0],[107.6062604,-6.9368241,0],[107.6062815,-6.9365596,0],[107.6062864,-6.9364942,0],[107.6062951,-6.936362,0],[107.6063018,-6.9362741,0],[107.6063213,-6.9360167,0],[107.6064216,-6.9346941,0],[107.6064347,-6.9345209,0],[107.6064644,-6.934149,0],[107.6064804,-6.9339369,0],[107.6065192,-6.9332778,0],[107.6065207,-6.9332521,0],[107.6065399,-6.9330001,0],[107.6065556,-6.9327947,0],[107.6066275,-6.9318519,0]]},"properties":{"name":"Jalan Mohammad Toha","styleUrl":"#6810","stroke-opacity":1,"stroke":"#562B63","stroke-width":4},"id":"6809"},{"type":"Feature","geometry":{"type":"LineString","coordinates":[[107.6075166,-6.9225267,0],[107.6075532,-6.9224801,0],[107.6075645,-6.9224452,0],[107.6076223,-6.9218665,0],[107.6076488,-6.9214983,0],[107.6076487,-6.9214444,0],[107.6076364,-6.9214042,0],[107.607634,-6.9213964,0],[107.6076058,-6.9213365,0],[107.6075741,-6.9213048,0],[107.607526,-6.921273,0]]},"properties":{"name":"Route Segment","styleUrl":"#6814","stroke-opacity":1,"stroke":"#562B63","stroke-width":4},"id":"6813"},{"type":"Feature","geometry":{"type":"LineString","coordinates":[[107.6067877,-6.9301452,0],[107.6067936,-6.9300552,0],[107.6068275,-6.9296881,0],[107.6068882,-6.9290306,0],[107.607029,-6.9274996,0]]},"properties":{"name":"Jalan Mohammad Toha","styleUrl":"#6818","stroke-opacity":1,"stroke":"#562B63","stroke-width":4},"id":"6817"},{"type":"Feature","geometry":{"type":"LineString","coordinates":[[107.6055894,-6.9071347,0],[107.6053829,-6.907135,0]]},"properties":{"name":"Jalan Pajajaran","styleUrl":"#6822","stroke-opacity":1,"stroke":"#562B63","stroke-width":4},"id":"6821"},{"type":"Feature","geometry":{"type":"LineString","coordinates":[[107.6378065,-6.9660751,0],[107.6378022,-6.9660949,0],[107.6377583,-6.9662997,0],[107.6377398,-6.9663836,0],[107.637718,-6.9664881,0],[107.6376914,-6.9666121,0],[107.63764,-6.9668648,0],[107.6376161,-6.9669718,0],[107.6376092,-6.9670029,0],[107.6375686,-6.9671846,0],[107.6374709,-6.9676213,0],[107.6374449,-6.9677377,0],[107.6373154,-6.9683172,0],[107.6372888,-6.9684363,0],[107.6370571,-6.9694733,0],[107.6370479,-6.9695143,0],[107.6369304,-6.9700405,0],[107.6369161,-6.9701041,0],[107.6368934,-6.9701783,0]]},"properties":{"name":"Jalan Raya Bojongsoang","styleUrl":"#6826","stroke-opacity":1,"stroke":"#562B63","stroke-width":4},"id":"6825"},{"type":"Feature","geometry":{"type":"LineString","coordinates":[[107.6088785,-6.9103019,0],[107.6088445,-6.9102299,0],[107.6087817,-6.9101077,0],[107.608484,-6.9095465,0],[107.6083912,-6.9093671,0]]},"properties":{"name":"Jalan Wastukencana","styleUrl":"#6830","stroke-opacity":1,"stroke":"#562B63","stroke-width":4},"id":"6829"},{"type":"Feature","geometry":{"type":"LineString","coordinates":[[107.6312405,-7.0048462,0],[107.6312185,-7.0050869,0],[107.6312026,-7.0051603,0],[107.6311757,-7.0052422,0],[107.631148,-7.0052776,0],[107.6309071,-7.0054785,0],[107.6303516,-7.0059344,0],[107.6303208,-7.0059523,0],[107.6302832,-7.0059623,0],[107.6302443,-7.0059663,0],[107.6297938,-7.0059487,0],[107.6291782,-7.0059567,0],[107.6287137,-7.0059605,0],[107.6280322,-7.0059523,0],[107.6272639,-7.0059498,0],[107.6268268,-7.0059464,0],[107.6261913,-7.0059527,0]]},"properties":{"name":"Jalan Jaksa Naranata","styleUrl":"#6834","stroke-opacity":1,"stroke":"#562B63","stroke-width":4},"id":"6833"},{"type":"Feature","geometry":{"type":"LineString","coordinates":[[107.60248,-6.9044983,0],[107.6024687,-6.9045461,0],[107.6024526,-6.9045901,0],[107.6024341,-6.9046263,0],[107.6024097,-6.9046673,0],[107.6023869,-6.9046979,0],[107.6023547,-6.9047352,0],[107.6023239,-6.9047618,0],[107.6022877,-6.9047871,0],[107.6022483,-6.904811,0],[107.6022126,-6.9048244,0],[107.6021723,-6.9048351,0],[107.6021289,-6.9048417,0],[107.6015193,-6.9048777,0]]},"properties":{"name":"Jalan Dokter Cipto Mangunkusumo","styleUrl":"#6838","stroke-opacity":1,"stroke":"#562B63","stroke-width":4},"id":"6837"},{"type":"Feature","geometry":{"type":"LineString","coordinates":[[107.6024466,-6.9041854,0],[107.6025371,-6.9042372,0],[107.6026381,-6.9042582,0]]},"properties":{"name":"Jalan Dokter Abdul Rivai","styleUrl":"#6842","stroke-opacity":1,"stroke":"#562B63","stroke-width":4},"id":"6841"},{"type":"Feature","geometry":{"type":"LineString","coordinates":[[107.6042585,-6.9043799,0],[107.6042031,-6.9043784,0],[107.6041906,-6.9043785,0],[107.6038123,-6.904381,0],[107.6037017,-6.9043817,0],[107.6032139,-6.9043917,0],[107.60315,-6.9044117,0],[107.603087,-6.9044423,0],[107.6030408,-6.9044641,0],[107.602977,-6.9044876,0],[107.6029215,-6.9045028,0],[107.6025713,-6.9045005,0]]},"properties":{"name":"Jalan Dokter Abdul Rivai","styleUrl":"#6846","stroke-opacity":1,"stroke":"#562B63","stroke-width":4},"id":"6845"},{"type":"Feature","geometry":{"type":"LineString","coordinates":[[107.6330945,-6.9481961,0],[107.6323136,-6.9484371,0],[107.632106,-6.9485021,0],[107.6314597,-6.9487033,0],[107.6309601,-6.9488589,0],[107.6307204,-6.9489241,0],[107.630177,-6.949072,0],[107.6300682,-6.9490915,0],[107.6296209,-6.9491718,0],[107.6292262,-6.9492482,0],[107.6291488,-6.9492632,0],[107.6289847,-6.9492968,0],[107.6287343,-6.9493471,0]]},"properties":{"name":"Jalan Soekarno-Hatta","styleUrl":"#6850","stroke-opacity":1,"stroke":"#562B63","stroke-width":4},"id":"6849"},{"type":"Feature","geometry":{"type":"LineString","coordinates":[[107.6336417,-6.9483304,0],[107.633508,-6.9482767,0],[107.6333517,-6.9482302,0],[107.6330945,-6.9481961,0]]},"properties":{"name":"Route Segment","styleUrl":"#6854","stroke-opacity":1,"stroke":"#562B63","stroke-width":4},"id":"6853"},{"type":"Feature","geometry":{"type":"LineString","coordinates":[[107.5979376,-6.9117836,0],[107.5979313,-6.9116207,0]]},"properties":{"name":"Jalan HOS. Cokroaminoto","styleUrl":"#6858","stroke-opacity":1,"stroke":"#562B63","stroke-width":4},"id":"6857"},{"type":"Feature","geometry":{"type":"LineString","coordinates":[[107.6219865,-6.9493019,0],[107.6215623,-6.9492646,0]]},"properties":{"name":"Jalan Soekarno-Hatta","styleUrl":"#6862","stroke-opacity":1,"stroke":"#562B63","stroke-width":4},"id":"6861"},{"type":"Feature","geometry":{"type":"LineString","coordinates":[[107.6215623,-6.9492646,0],[107.6214774,-6.9492594,0]]},"properties":{"name":"Jalan Soekarno-Hatta","styleUrl":"#6866","stroke-opacity":1,"stroke":"#562B63","stroke-width":4},"id":"6865"},{"type":"Feature","geometry":{"type":"LineString","coordinates":[[107.6320736,-6.9900649,0],[107.6320352,-6.9901805,0],[107.6319793,-6.9903512,0],[107.6318697,-6.9907532,0],[107.6318415,-6.9908464,0],[107.6317423,-6.9911484,0],[107.6316708,-6.99136,0],[107.6316525,-6.9914167,0],[107.6315815,-6.9916369,0],[107.6315,-6.9919241,0],[107.6314065,-6.992229,0],[107.6313361,-6.9924993,0]]},"properties":{"name":"Jalan Terusan Bojongsoang","styleUrl":"#6870","stroke-opacity":1,"stroke":"#562B63","stroke-width":4},"id":"6869"},{"type":"Feature","geometry":{"type":"LineString","coordinates":[[107.6043435,-6.9046277,0],[107.6043346,-6.9045425,0],[107.6043345,-6.9045219,0],[107.6043315,-6.9044861,0],[107.6043182,-6.9044457,0],[107.6042946,-6.9044123,0],[107.6042585,-6.9043799,0]]},"properties":{"name":"Jalan Cihampelas","styleUrl":"#6874","stroke-opacity":1,"stroke":"#562B63","stroke-width":4},"id":"6873"},{"type":"Feature","geometry":{"type":"LineString","coordinates":[[107.604454,-6.9042842,0],[107.6045194,-6.9042857,0]]},"properties":{"name":"Jalan Wastukencana","styleUrl":"#6878","stroke-opacity":1,"stroke":"#562B63","stroke-width":4},"id":"6877"},{"type":"Feature","geometry":{"type":"LineString","coordinates":[[107.60432,-6.9042886,0],[107.604454,-6.9042842,0]]},"properties":{"name":"Jalan Abdul Rivai","styleUrl":"#6882","stroke-opacity":1,"stroke":"#562B63","stroke-width":4},"id":"6881"},{"type":"Feature","geometry":{"type":"LineString","coordinates":[[107.6075644,-6.9054686,0],[107.607609,-6.9055867,0],[107.6076511,-6.9057161,0],[107.6076853,-6.905845,0]]},"properties":{"name":"Jalan Wastukencana","styleUrl":"#6886","stroke-opacity":1,"stroke":"#562B63","stroke-width":4},"id":"6885"},{"type":"Feature","geometry":{"type":"LineString","coordinates":[[107.6083912,-6.9093671,0],[107.6081746,-6.9090746,0]]},"properties":{"name":"Jalan Wastukencana","styleUrl":"#6890","stroke-opacity":1,"stroke":"#562B63","stroke-width":4},"id":"6889"},{"type":"Feature","geometry":{"type":"LineString","coordinates":[[107.6059177,-6.9273911,0],[107.6059915,-6.926739,0],[107.6060152,-6.9265391,0],[107.6060307,-6.9263876,0],[107.6060915,-6.925705,0]]},"properties":{"name":"Jalan Dewi Sartika","styleUrl":"#6894","stroke-opacity":1,"stroke":"#562B63","stroke-width":4},"id":"6893"},{"type":"Feature","geometry":{"type":"LineString","coordinates":[[107.5978766,-6.9065641,0],[107.5979724,-6.9065929,0],[107.5982086,-6.9066577,0],[107.5983319,-6.9066735,0],[107.5988139,-6.9067333,0],[107.598834,-6.9067352,0]]},"properties":{"name":"Jalan Pajajaran","styleUrl":"#6898","stroke-opacity":1,"stroke":"#562B63","stroke-width":4},"id":"6897"},{"type":"Feature","geometry":{"type":"LineString","coordinates":[[107.6081746,-6.9090746,0],[107.6079826,-6.9088722,0],[107.6079276,-6.9088024,0],[107.6078627,-6.9086803,0],[107.6078276,-6.9085634,0],[107.6077911,-6.9084463,0],[107.6076596,-6.9080052,0]]},"properties":{"name":"Jalan Wastukencana","styleUrl":"#6902","stroke-opacity":1,"stroke":"#562B63","stroke-width":4},"id":"6901"},{"type":"Feature","geometry":{"type":"LineString","coordinates":[[107.6029269,-6.904267,0],[107.6031396,-6.9043088,0],[107.6032112,-6.9043137,0],[107.6041669,-6.9042924,0],[107.6041892,-6.9042919,0],[107.60432,-6.9042886,0]]},"properties":{"name":"Jalan Dokter Abdul Rivai","styleUrl":"#6906","stroke-opacity":1,"stroke":"#562B63","stroke-width":4},"id":"6905"},{"type":"Feature","geometry":{"type":"LineString","coordinates":[[107.6077246,-6.9060495,0],[107.6077494,-6.9061802,0],[107.6077784,-6.906285,0],[107.6078246,-6.906372,0],[107.607872,-6.9064327,0],[107.6079412,-6.9065104,0]]},"properties":{"name":"Jalan Wastukencana","styleUrl":"#6910","stroke-opacity":1,"stroke":"#562B63","stroke-width":4},"id":"6909"},{"type":"Feature","geometry":{"type":"LineString","coordinates":[[107.6060915,-6.925705,0],[107.6061529,-6.9250296,0],[107.6062171,-6.9243269,0],[107.6062246,-6.9242449,0],[107.606232,-6.9241526,0],[107.606261,-6.9238597,0],[107.6062949,-6.9235169,0]]},"properties":{"name":"Jalan Dewi Sartika","styleUrl":"#6914","stroke-opacity":1,"stroke":"#562B63","stroke-width":4},"id":"6913"},{"type":"Feature","geometry":{"type":"LineString","coordinates":[[107.6090178,-6.9137787,0],[107.6090205,-6.9136767,0],[107.6090245,-6.9135277,0],[107.609039,-6.9130013,0],[107.609046,-6.9127463,0],[107.6090488,-6.912686,0],[107.6090912,-6.9111612,0],[107.6090945,-6.9110414,0],[107.6090968,-6.9109499,0],[107.6090979,-6.9109073,0],[107.609097,-6.9108182,0],[107.6090871,-6.9107051,0],[107.6090715,-6.9106208,0],[107.609044,-6.9105515,0]]},"properties":{"name":"Jalan Wastukencana","styleUrl":"#6918","stroke-opacity":1,"stroke":"#562B63","stroke-width":4},"id":"6917"},{"type":"Feature","geometry":{"type":"LineString","coordinates":[[107.6061633,-6.9376173,0],[107.6061721,-6.9375296,0]]},"properties":{"name":"Jalan Mohammad Toha","styleUrl":"#6922","stroke-opacity":1,"stroke":"#562B63","stroke-width":4},"id":"6921"},{"type":"Feature","geometry":{"type":"LineString","coordinates":[[107.6070945,-6.9151362,0],[107.6071194,-6.9149776,0],[107.6071865,-6.9145473,0],[107.6071931,-6.9145156,0]]},"properties":{"name":"Jalan Perintis Kemerdekaan","styleUrl":"#6926","stroke-opacity":1,"stroke":"#562B63","stroke-width":4},"id":"6925"},{"type":"Feature","geometry":{"type":"LineString","coordinates":[[107.5976288,-6.9073749,0],[107.5976491,-6.9072078,0],[107.5976499,-6.9070355,0],[107.5976396,-6.9068592,0],[107.5976232,-6.9066483,0],[107.5976301,-6.9066034,0],[107.5976524,-6.9065823,0],[107.5976833,-6.9065748,0],[107.5977255,-6.9065767,0],[107.597784,-6.9065777,0],[107.5978766,-6.9065641,0]]},"properties":{"name":"Jalan HOS. Cokroaminoto","styleUrl":"#6930","stroke-opacity":1,"stroke":"#562B63","stroke-width":4},"id":"6929"},{"type":"Feature","geometry":{"type":"LineString","coordinates":[[107.6089385,-6.9138394,0],[107.608945,-6.9138185,0],[107.6089576,-6.9138005,0],[107.6089751,-6.9137871,0],[107.6089958,-6.9137796,0],[107.6090178,-6.9137787,0]]},"properties":{"name":"Jalan Perintis Kemerdekaan","styleUrl":"#6934","stroke-opacity":1,"stroke":"#562B63","stroke-width":4},"id":"6933"},{"type":"Feature","geometry":{"type":"LineString","coordinates":[[107.619664,-6.9491378,0],[107.6192566,-6.9491082,0],[107.6191444,-6.9491,0],[107.6190348,-6.9490929,0],[107.6183449,-6.9490419,0],[107.6180229,-6.9490185,0],[107.6177428,-6.9489982,0],[107.6176728,-6.9489931,0],[107.6161768,-6.9488844,0],[107.6149066,-6.9487921,0],[107.6146214,-6.9487713,0],[107.6144956,-6.9487622,0],[107.6140649,-6.9487309,0],[107.6138203,-6.9487131,0],[107.6135696,-6.9486949,0],[107.612919,-6.9486476,0],[107.6124407,-6.9486128,0]]},"properties":{"name":"Jalan Soekarno-Hatta","styleUrl":"#6938","stroke-opacity":1,"stroke":"#562B63","stroke-width":4},"id":"6937"},{"type":"Feature","geometry":{"type":"LineString","coordinates":[[107.6094437,-6.9483822,0],[107.6094101,-6.9482727,0]]},"properties":{"name":"Jalan Mohammad Toha","styleUrl":"#6942","stroke-opacity":1,"stroke":"#562B63","stroke-width":4},"id":"6941"},{"type":"Feature","geometry":{"type":"LineString","coordinates":[[107.6086676,-6.9461425,0],[107.6086093,-6.945971,0],[107.6085871,-6.9459059,0],[107.608562,-6.9458321,0],[107.6085284,-6.9457333,0],[107.6084824,-6.9455982,0],[107.6084779,-6.9455849,0],[107.6084496,-6.9455018,0],[107.608427,-6.9454354,0],[107.608407,-6.9453744,0],[107.6083491,-6.945205,0],[107.6082597,-6.9449435,0],[107.6082426,-6.9448934,0],[107.6082103,-6.9447985,0],[107.6080915,-6.9444492,0],[107.6079672,-6.944084,0],[107.6078706,-6.9438055,0],[107.607766,-6.9435054,0],[107.6077347,-6.9434128,0],[107.607677,-6.9432421,0],[107.6076477,-6.9431556,0]]},"properties":{"name":"Jalan Mohammad Toha","styleUrl":"#6946","stroke-opacity":1,"stroke":"#562B63","stroke-width":4},"id":"6945"},{"type":"Feature","geometry":{"type":"LineString","coordinates":[[107.601582,-6.9069752,0],[107.6019252,-6.9070015,0],[107.6022676,-6.9070278,0],[107.6024088,-6.9070386,0],[107.6028154,-6.9070698,0],[107.6030906,-6.9070909,0],[107.6042739,-6.9071474,0],[107.6043882,-6.9071529,0]]},"properties":{"name":"Jalan Pajajaran","styleUrl":"#6950","stroke-opacity":1,"stroke":"#562B63","stroke-width":4},"id":"6949"},{"type":"Feature","geometry":{"type":"LineString","coordinates":[[107.6062949,-6.9235169,0],[107.6063477,-6.9228989,0],[107.6063756,-6.9225645,0],[107.6063778,-6.922496,0],[107.6064017,-6.9224398,0],[107.6064249,-6.922423,0]]},"properties":{"name":"Jalan Dewi Sartika","styleUrl":"#6954","stroke-opacity":1,"stroke":"#562B63","stroke-width":4},"id":"6953"},{"type":"Feature","geometry":{"type":"LineString","coordinates":[[107.6065203,-6.9224203,0],[107.607062,-6.9224762,0],[107.6073353,-6.9225078,0],[107.6074316,-6.9225178,0],[107.6075166,-6.9225267,0]]},"properties":{"name":"Jalan Dalem Kaum","styleUrl":"#6958","stroke-opacity":1,"stroke":"#562B63","stroke-width":4},"id":"6957"},{"type":"Feature","geometry":{"type":"LineString","coordinates":[[107.6072498,-6.9211778,0],[107.6072416,-6.9211767,0],[107.6071663,-6.9211679,0],[107.6071455,-6.9211653,0]]},"properties":{"name":"Jalan Asia Afrika","styleUrl":"#6962","stroke-opacity":1,"stroke":"#562B63","stroke-width":4},"id":"6961"},{"type":"Feature","geometry":{"type":"LineString","coordinates":[[107.6066712,-6.9189713,0],[107.6066529,-6.9187736,0],[107.6066404,-6.9187122,0],[107.6065971,-6.9184998,0],[107.6065387,-6.9182135,0],[107.6064269,-6.9177836,0],[107.6063193,-6.9173781,0],[107.6061407,-6.9166856,0],[107.6061393,-6.916603,0],[107.6061807,-6.9164983,0],[107.6064568,-6.916225,0],[107.6064947,-6.9161623,0],[107.6065161,-6.9160865,0],[107.6065461,-6.9155971,0],[107.6065499,-6.9154703,0]]},"properties":{"name":"Jalan Banceuy","styleUrl":"#6966","stroke-opacity":1,"stroke":"#562B63","stroke-width":4},"id":"6965"},{"type":"Feature","geometry":{"type":"LineString","coordinates":[[107.604907,-6.904268,0],[107.6050035,-6.9041885,0],[107.6051531,-6.9040927,0],[107.605225,-6.9040549,0],[107.6052645,-6.9040341,0],[107.605369,-6.9039986,0],[107.6054495,-6.9039862,0],[107.6055461,-6.9039795,0],[107.6056396,-6.9039773,0],[107.6058035,-6.9039995,0],[107.6059967,-6.9040381,0],[107.6061616,-6.9040807,0],[107.606306,-6.9041384,0],[107.6063615,-6.9041606,0],[107.6065841,-6.9042698,0]]},"properties":{"name":"Jalan Wastukencana","styleUrl":"#6970","stroke-opacity":1,"stroke":"#562B63","stroke-width":4},"id":"6969"},{"type":"Feature","geometry":{"type":"LineString","coordinates":[[107.607029,-6.9274996,0],[107.6062469,-6.9274175,0]]},"properties":{"name":"Jalan Pungkur","styleUrl":"#6974","stroke-opacity":1,"stroke":"#562B63","stroke-width":4},"id":"6973"},{"type":"Feature","geometry":{"type":"LineString","coordinates":[[107.6043867,-6.9048271,0],[107.6043543,-6.9047176,0],[107.6043435,-6.9046277,0]]},"properties":{"name":"Jalan Cihampelas","styleUrl":"#6978","stroke-opacity":1,"stroke":"#562B63","stroke-width":4},"id":"6977"},{"type":"Feature","geometry":{"type":"LineString","coordinates":[[107.5979313,-6.9116207,0],[107.5979188,-6.9114098,0],[107.5978317,-6.9099424,0],[107.5978292,-6.9098535,0],[107.5978012,-6.909452,0],[107.5977548,-6.9089032,0],[107.5976971,-6.9081996,0],[107.5976895,-6.9081074,0],[107.5976818,-6.9080152,0],[107.5976288,-6.9073749,0]]},"properties":{"name":"Jalan HOS. Cokroaminoto","styleUrl":"#6982","stroke-opacity":1,"stroke":"#562B63","stroke-width":4},"id":"6981"},{"type":"Feature","geometry":{"type":"LineString","coordinates":[[107.597963,-6.9122655,0],[107.5979376,-6.9117836,0]]},"properties":{"name":"Jalan HOS. Cokroaminoto","styleUrl":"#6986","stroke-opacity":1,"stroke":"#562B63","stroke-width":4},"id":"6985"},{"type":"Feature","geometry":{"type":"LineString","coordinates":[[107.6061274,-6.9154985,0],[107.6055816,-6.9156321,0],[107.6054049,-6.9156698,0],[107.605226,-6.9157035,0],[107.6046673,-6.9158052,0],[107.6045054,-6.9158364,0]]},"properties":{"name":"Jalan Suniaraja","styleUrl":"#6990","stroke-opacity":1,"stroke":"#562B63","stroke-width":4},"id":"6989"},{"type":"Feature","geometry":{"type":"LineString","coordinates":[[107.6386544,-6.96173,0],[107.6388746,-6.9608818,0],[107.6389072,-6.9607563,0],[107.6389532,-6.9605452,0],[107.6389608,-6.9605126,0],[107.6390287,-6.9602311,0],[107.6392259,-6.9591283,0],[107.6392947,-6.958834,0],[107.6393441,-6.9586076,0],[107.6393629,-6.9585142,0],[107.639447,-6.9581577,0],[107.6394754,-6.9580198,0],[107.6394923,-6.9578909,0],[107.639482,-6.9576866,0],[107.6394759,-6.9575669,0],[107.6394371,-6.9571907,0],[107.6394114,-6.9570471,0],[107.639375,-6.9568613,0],[107.6392458,-6.956081,0],[107.6391537,-6.9553841,0],[107.6391164,-6.9549488,0],[107.6390551,-6.9545675,0],[107.6390094,-6.9543976,0],[107.638933,-6.9541863,0]]},"properties":{"name":"Jalan Buah Batu","styleUrl":"#6994","stroke-opacity":1,"stroke":"#562B63","stroke-width":4},"id":"6993"},{"type":"Feature","geometry":{"type":"LineString","coordinates":[[107.6025713,-6.9045005,0],[107.60248,-6.9044983,0]]},"properties":{"name":"Jalan Abdul Rivai","styleUrl":"#6998","stroke-opacity":1,"stroke":"#562B63","stroke-width":4},"id":"6997"},{"type":"Feature","geometry":{"type":"LineString","coordinates":[[107.6026381,-6.9042582,0],[107.6029269,-6.904267,0]]},"properties":{"name":"Jalan Dokter Abdul Rivai","styleUrl":"#7002","stroke-opacity":1,"stroke":"#562B63","stroke-width":4},"id":"7001"},{"type":"Feature","geometry":{"type":"LineString","coordinates":[[107.6076596,-6.9080052,0],[107.607602,-6.9079117,0],[107.607563,-6.9078579,0],[107.607537,-6.907823,0],[107.607465,-6.9077399,0],[107.6073865,-6.9076628,0]]},"properties":{"name":"Jalan Pajajaran","styleUrl":"#7006","stroke-opacity":1,"stroke":"#562B63","stroke-width":4},"id":"7005"},{"type":"Feature","geometry":{"type":"LineString","coordinates":[[107.6061483,-6.9378682,0],[107.6061566,-6.9377293,0],[107.6061595,-6.9376808,0],[107.6061633,-6.9376173,0]]},"properties":{"name":"Jalan Mohammad Toha","styleUrl":"#7010","stroke-opacity":1,"stroke":"#562B63","stroke-width":4},"id":"7009"},{"type":"Feature","geometry":{"type":"LineString","coordinates":[[107.6350741,-6.9497625,0],[107.6350155,-6.9497023,0],[107.634757,-6.9494368,0],[107.6343379,-6.9490065,0],[107.6341242,-6.9487869,0],[107.6336417,-6.9483304,0]]},"properties":{"name":"Jalan Buah Batu","styleUrl":"#7014","stroke-opacity":1,"stroke":"#562B63","stroke-width":4},"id":"7013"},{"type":"Feature","geometry":{"type":"LineString","coordinates":[[107.6387331,-6.9537311,0],[107.6387208,-6.9537047,0],[107.6385338,-6.9533572,0],[107.6384235,-6.9531971,0],[107.6380692,-6.9528378,0],[107.6377919,-6.9525527,0],[107.6373856,-6.9521134,0],[107.6369653,-6.9517047,0],[107.6368024,-6.9515373,0],[107.6364761,-6.9512022,0],[107.6364115,-6.9511359,0],[107.6360573,-6.9507711,0]]},"properties":{"name":"Jalan Buah Batu","styleUrl":"#7018","stroke-opacity":1,"stroke":"#562B63","stroke-width":4},"id":"7017"},{"type":"Feature","geometry":{"type":"LineString","coordinates":[[107.6336213,-6.982891,0],[107.633572,-6.9830355,0],[107.6335615,-6.9830663,0],[107.6335302,-6.9831657,0],[107.6335161,-6.9832054,0],[107.6334542,-6.9834001,0],[107.6334443,-6.9834337,0],[107.6333645,-6.9836962,0],[107.633295,-6.9839307,0],[107.63319,-6.9842659,0],[107.6331142,-6.9845196,0],[107.6330944,-6.984586,0],[107.6330745,-6.9846524,0],[107.6329877,-6.9849885,0],[107.6329841,-6.98501,0],[107.632947,-6.985235,0],[107.6328922,-6.9855671,0],[107.6328659,-6.9857289,0],[107.6328247,-6.9859824,0],[107.6327896,-6.9861987,0],[107.6327571,-6.9863987,0],[107.6326896,-6.9868137,0],[107.6324776,-6.987975,0],[107.6324363,-6.9883896,0],[107.6324078,-6.9888436,0],[107.632341,-6.9892213,0],[107.6323057,-6.9893722,0],[107.63227,-6.9894981,0],[107.6322368,-6.9895932,0]]},"properties":{"name":"Jalan Terusan Bojongsoang","styleUrl":"#7022","stroke-opacity":1,"stroke":"#562B63","stroke-width":4},"id":"7021"},{"type":"Feature","geometry":{"type":"LineString","coordinates":[[107.6053829,-6.907135,0],[107.6051824,-6.9071438,0],[107.6047535,-6.9071527,0],[107.6045501,-6.9071569,0],[107.6045,-6.907158,0]]},"properties":{"name":"Jalan Pajajaran","styleUrl":"#7026","stroke-opacity":1,"stroke":"#562B63","stroke-width":4},"id":"7025"},{"type":"Feature","geometry":{"type":"LineString","coordinates":[[107.6061749,-6.938344,0],[107.6061574,-6.9383237,0],[107.6061507,-6.9383009,0],[107.6061483,-6.9378682,0]]},"properties":{"name":"Jalan Mohammad Toha","styleUrl":"#7030","stroke-opacity":1,"stroke":"#562B63","stroke-width":4},"id":"7029"},{"type":"Feature","geometry":{"type":"LineString","coordinates":[[107.6388667,-6.9540248,0],[107.6387331,-6.9537311,0]]},"properties":{"name":"Jalan Buah Batu","styleUrl":"#7034","stroke-opacity":1,"stroke":"#562B63","stroke-width":4},"id":"7033"},{"type":"Feature","geometry":{"type":"LineString","coordinates":[[107.638933,-6.9541863,0],[107.6388667,-6.9540248,0]]},"properties":{"name":"Jalan Buah Batu","styleUrl":"#7038","stroke-opacity":1,"stroke":"#562B63","stroke-width":4},"id":"7037"},{"type":"Feature","geometry":{"type":"LineString","coordinates":[[107.6336213,-6.982891,0],[107.6335984,-6.9828182,0],[107.6335852,-6.9827739,0],[107.6335642,-6.9827308,0],[107.6335392,-6.9826922,0],[107.6335062,-6.9826547,0],[107.6334707,-6.9826159,0],[107.6334271,-6.982576,0]]},"properties":{"name":"Route Segment","styleUrl":"#7042","stroke-opacity":1,"stroke":"#562B63","stroke-width":4},"id":"7041"},{"type":"Feature","geometry":{"type":"LineString","coordinates":[[107.6322368,-6.9895932,0],[107.6320736,-6.9900649,0]]},"properties":{"name":"Jalan Terusan Bojongsoang","styleUrl":"#7046","stroke-opacity":1,"stroke":"#562B63","stroke-width":4},"id":"7045"},{"type":"Feature","geometry":{"type":"LineString","coordinates":[[107.6313361,-6.9924993,0],[107.6310419,-6.9935157,0]]},"properties":{"name":"Jalan Terusan Bojongsoang","styleUrl":"#7050","stroke-opacity":1,"stroke":"#562B63","stroke-width":4},"id":"7049"},{"type":"Feature","geometry":{"type":"LineString","coordinates":[[107.6061721,-6.9375296,0],[107.6061838,-6.9374395,0]]},"properties":{"name":"Jalan Mohammad Toha","styleUrl":"#7054","stroke-opacity":1,"stroke":"#562B63","stroke-width":4},"id":"7053"},{"type":"Feature","geometry":{"type":"LineString","coordinates":[[107.6065499,-6.9154703,0],[107.6063683,-6.9154661,0],[107.6061274,-6.9154985,0]]},"properties":{"name":"Jalan Suniaraja","styleUrl":"#7058","stroke-opacity":1,"stroke":"#562B63","stroke-width":4},"id":"7057"},{"type":"Feature","geometry":{"type":"LineString","coordinates":[[107.6062104,-6.9372527,0],[107.6062336,-6.9369656,0],[107.6062386,-6.9369386,0],[107.6062529,-6.9369183,0]]},"properties":{"name":"Jalan Mohammad Toha","styleUrl":"#7062","stroke-opacity":1,"stroke":"#562B63","stroke-width":4},"id":"7061"},{"type":"Feature","geometry":{"type":"LineString","coordinates":[[107.6039561,-6.9125447,0],[107.6039141,-6.912591,0],[107.6038637,-6.912628,0],[107.6038068,-6.9126542,0]]},"properties":{"name":"Jalan Cicendo","styleUrl":"#7066","stroke-opacity":1,"stroke":"#562B63","stroke-width":4},"id":"7065"},{"type":"Feature","geometry":{"type":"LineString","coordinates":[[107.606909,-6.9153005,0],[107.6070047,-6.9152495,0],[107.6070566,-6.9152024,0],[107.6070945,-6.9151362,0]]},"properties":{"name":"Jalan Stasiun Timur","styleUrl":"#7070","stroke-opacity":1,"stroke":"#562B63","stroke-width":4},"id":"7069"},{"type":"Feature","geometry":{"type":"LineString","coordinates":[[107.6360573,-6.9507711,0],[107.6356442,-6.9503479,0],[107.6355777,-6.9502796,0],[107.6355108,-6.9502109,0],[107.6350741,-6.9497625,0]]},"properties":{"name":"Jalan Buah Batu","styleUrl":"#7074","stroke-opacity":1,"stroke":"#562B63","stroke-width":4},"id":"7073"},{"type":"Feature","geometry":{"type":"LineString","coordinates":[[107.598834,-6.9067352,0],[107.5992128,-6.9067863,0],[107.599567,-6.9068341,0],[107.5998642,-6.9068525,0],[107.599992,-6.906861,0],[107.6006155,-6.9069026,0],[107.6008643,-6.9069205,0],[107.6009527,-6.906927,0],[107.6011922,-6.9069453,0],[107.6012851,-6.9069524,0],[107.601582,-6.9069752,0]]},"properties":{"name":"Jalan Pajajaran","styleUrl":"#7078","stroke-opacity":1,"stroke":"#562B63","stroke-width":4},"id":"7077"},{"type":"Feature","geometry":{"type":"LineString","coordinates":[[107.6043882,-6.9071529,0],[107.604396,-6.9071341,0],[107.6044099,-6.9071192,0],[107.6044282,-6.9071102,0]]},"properties":{"name":"Jalan Pajajaran","styleUrl":"#7082","stroke-opacity":1,"stroke":"#562B63","stroke-width":4},"id":"7081"},{"type":"Feature","geometry":{"type":"LineString","coordinates":[[107.6045,-6.907158,0],[107.6044996,-6.907174,0],[107.6044946,-6.9071893,0],[107.6044854,-6.9072025,0],[107.6044728,-6.9072125,0],[107.6044578,-6.9072185,0],[107.6044417,-6.9072201,0]]},"properties":{"name":"Jalan Pajajaran","styleUrl":"#7086","stroke-opacity":1,"stroke":"#562B63","stroke-width":4},"id":"7085"},{"type":"Feature","geometry":{"type":"LineString","coordinates":[[107.6379817,-6.9653009,0],[107.6379464,-6.9652051,0],[107.6379858,-6.9650105,0],[107.6380282,-6.9647853,0],[107.6381529,-6.9641225,0],[107.6383128,-6.963242,0],[107.6383875,-6.9628855,0],[107.6385351,-6.9621689,0]]},"properties":{"name":"Jalan Buah Batu","styleUrl":"#7090","stroke-opacity":1,"stroke":"#562B63","stroke-width":4},"id":"7089"},{"type":"Feature","geometry":{"type":"LineString","coordinates":[[107.607556,-6.9054463,0],[107.6075644,-6.9054686,0]]},"properties":{"name":"Jalan Wastukencana","styleUrl":"#7094","stroke-opacity":1,"stroke":"#562B63","stroke-width":4},"id":"7093"},{"type":"Feature","geometry":{"type":"LineString","coordinates":[[107.6239296,-6.9494823,0],[107.6236959,-6.9494674,0],[107.6235803,-6.9494601,0],[107.6233149,-6.9494323,0],[107.6232386,-6.9494267,0],[107.6227995,-6.9493807,0],[107.6224799,-6.9493473,0],[107.6222456,-6.9493211,0],[107.6220608,-6.949308,0],[107.6219865,-6.9493019,0]]},"properties":{"name":"Jalan Soekarno-Hatta","styleUrl":"#7098","stroke-opacity":1,"stroke":"#562B63","stroke-width":4},"id":"7097"},{"type":"Feature","geometry":{"type":"LineString","coordinates":[[107.609044,-6.9105515,0],[107.6088785,-6.9103019,0]]},"properties":{"name":"Jalan Wastukencana","styleUrl":"#7102","stroke-opacity":1,"stroke":"#562B63","stroke-width":4},"id":"7101"},{"type":"Feature","geometry":{"type":"LineString","coordinates":[[107.6045054,-6.9158364,0],[107.6045124,-6.9157548,0],[107.6045263,-6.9155905,0],[107.604546,-6.9153572,0]]},"properties":{"name":"Jalan Otto Iskandardinata","styleUrl":"#7106","stroke-opacity":1,"stroke":"#562B63","stroke-width":4},"id":"7105"},{"type":"Feature","geometry":{"type":"LineString","coordinates":[[107.6310419,-6.9935157,0],[107.6309877,-6.9937096,0],[107.6309524,-6.9938605,0],[107.6309343,-6.9939642,0],[107.6308714,-6.9943251,0],[107.6308112,-6.9946948,0],[107.6307767,-6.9949068,0],[107.6307642,-6.9949973,0],[107.6307513,-6.9951191,0],[107.6307466,-6.995583,0],[107.6307627,-6.9957461,0],[107.6308707,-6.9965927,0],[107.6309236,-6.9968209,0],[107.6309996,-6.9971489,0],[107.6310282,-6.9973015,0],[107.6310792,-6.997611,0],[107.6311094,-6.9977754,0],[107.6311198,-6.9978516,0],[107.6311368,-6.9979105,0],[107.6312073,-6.9980755,0],[107.631235,-6.9981448,0],[107.6312562,-6.998198,0],[107.6313266,-6.9983338,0],[107.6314265,-6.9985454,0],[107.6316025,-6.9989284,0],[107.6316216,-6.9989678,0],[107.6316458,-6.9990175,0],[107.6316699,-6.9990672,0],[107.6318386,-6.9995318,0],[107.6318678,-6.9996123,0],[107.6318943,-6.9996808,0],[107.6319395,-6.999798,0],[107.6319033,-7.0000422,0],[107.6318805,-7.0001847,0],[107.6318753,-7.0002118,0],[107.6318593,-7.0002949,0],[107.6316539,-7.001362,0],[107.6316364,-7.0014605,0],[107.6313964,-7.0027517,0],[107.6313132,-7.0032895,0],[107.6312931,-7.0035251,0],[107.6312636,-7.0039683,0],[107.6312603,-7.0040341,0],[107.6312535,-7.004168,0],[107.6312522,-7.0043111,0],[107.6312529,-7.0043683,0],[107.6312562,-7.0044362,0],[107.6312529,-7.0045307,0],[107.6312482,-7.0046066,0],[107.6312405,-7.0048462,0]]},"properties":{"name":"Jalan Terusan Bojongsoang","styleUrl":"#7110","stroke-opacity":1,"stroke":"#562B63","stroke-width":4},"id":"7109"},{"type":"Feature","geometry":{"type":"LineString","coordinates":[[107.6094101,-6.9482727,0],[107.6093038,-6.9479813,0]]},"properties":{"name":"Jalan Mohammad Toha","styleUrl":"#7114","stroke-opacity":1,"stroke":"#562B63","stroke-width":4},"id":"7113"},{"type":"Feature","geometry":{"type":"LineString","coordinates":[[107.6385997,-6.961924,0],[107.6386544,-6.96173,0]]},"properties":{"name":"Jalan Buah Batu","styleUrl":"#7118","stroke-opacity":1,"stroke":"#562B63","stroke-width":4},"id":"7117"},{"type":"Feature","geometry":{"type":"LineString","coordinates":[[107.6385736,-6.962021,0],[107.6385997,-6.961924,0]]},"properties":{"name":"Jalan Buah Batu","styleUrl":"#7122","stroke-opacity":1,"stroke":"#562B63","stroke-width":4},"id":"7121"},{"type":"Feature","geometry":{"type":"LineString","coordinates":[[107.6385351,-6.9621689,0],[107.638552,-6.9621002,0],[107.6385736,-6.962021,0]]},"properties":{"name":"Jalan Buah Batu","styleUrl":"#7126","stroke-opacity":1,"stroke":"#562B63","stroke-width":4},"id":"7125"},{"type":"Feature","geometry":{"type":"LineString","coordinates":[[107.6368934,-6.9701783,0],[107.636772,-6.9706398,0],[107.6367317,-6.9707871,0],[107.6366528,-6.9710806,0],[107.6366044,-6.9712606,0],[107.6365553,-6.9714433,0],[107.6364823,-6.9717147,0],[107.6363461,-6.9721812,0],[107.636329,-6.9722306,0],[107.6362682,-6.9724362,0]]},"properties":{"name":"Jalan Raya Bojongsoang","styleUrl":"#7130","stroke-opacity":1,"stroke":"#562B63","stroke-width":4},"id":"7129"},{"type":"Feature","geometry":{"type":"LineString","coordinates":[[107.6362682,-6.9724362,0],[107.6362346,-6.9725688,0],[107.636209,-6.9726819,0],[107.6361683,-6.9728419,0],[107.6361478,-6.9729226,0],[107.6360627,-6.9732596,0],[107.6359274,-6.9737582,0],[107.6356773,-6.9746727,0]]},"properties":{"name":"Jalan Raya Bojongsoang","styleUrl":"#7134","stroke-opacity":1,"stroke":"#562B63","stroke-width":4},"id":"7133"},{"type":"Feature","geometry":{"type":"LineString","coordinates":[[107.6356773,-6.9746727,0],[107.6355974,-6.9749692,0],[107.6355497,-6.9751353,0],[107.6355355,-6.9751827,0],[107.6355279,-6.9752078,0],[107.6354421,-6.9755257,0],[107.6354001,-6.9756899,0],[107.6353506,-6.9758765,0],[107.6353405,-6.9759145,0],[107.6352574,-6.9762278,0],[107.6352127,-6.9763963,0],[107.6348432,-6.9777891,0],[107.6345295,-6.9789719,0],[107.6345019,-6.9790759,0]]},"properties":{"name":"Jalan Raya Bojongsoang","styleUrl":"#7138","stroke-opacity":1,"stroke":"#562B63","stroke-width":4},"id":"7137"},{"type":"Feature","geometry":{"type":"LineString","coordinates":[[107.6345019,-6.9790759,0],[107.6344946,-6.9791121,0],[107.6343461,-6.9796139,0],[107.634329,-6.9796715,0],[107.6342743,-6.9798563,0],[107.6342581,-6.9799109,0],[107.6341755,-6.9801901,0],[107.6341706,-6.9802082,0],[107.6341456,-6.9803001,0],[107.6341275,-6.9803984,0],[107.6341206,-6.9804782,0],[107.6341262,-6.9806244,0],[107.6341369,-6.980772,0],[107.6341523,-6.9810824,0],[107.634147,-6.981186,0],[107.6341207,-6.9813165,0],[107.6340806,-6.9814577,0],[107.6340129,-6.9816639,0],[107.6339781,-6.9817662,0],[107.6339127,-6.981957,0],[107.6338707,-6.9820795,0],[107.6337877,-6.9822572,0]]},"properties":{"name":"Jalan Raya Bojongsoang","styleUrl":"#7142","stroke-opacity":1,"stroke":"#562B63","stroke-width":4},"id":"7141"},{"type":"Feature","geometry":{"type":"LineString","coordinates":[[107.6064066,-6.9149399,0],[107.6065239,-6.9149519,0],[107.6066003,-6.9149924,0],[107.6066521,-6.9150384,0],[107.6067855,-6.9152656,0],[107.6068306,-6.9152963,0],[107.606909,-6.9153005,0]]},"properties":{"name":"Jalan Stasiun Timur","styleUrl":"#7146","stroke-opacity":1,"stroke":"#562B63","stroke-width":4},"id":"7145"},{"type":"Feature","geometry":{"type":"LineString","coordinates":[[107.6214774,-6.9492594,0],[107.6214461,-6.9492577,0]]},"properties":{"name":"Jalan Soekarno-Hatta","styleUrl":"#7150","stroke-opacity":1,"stroke":"#562B63","stroke-width":4},"id":"7149"},{"type":"Feature","geometry":{"type":"LineString","coordinates":[[107.6047378,-6.9043028,0],[107.604907,-6.904268,0]]},"properties":{"name":"Jalan Wastukencana","styleUrl":"#7154","stroke-opacity":1,"stroke":"#562B63","stroke-width":4},"id":"7153"},{"type":"Feature","geometry":{"type":"LineString","coordinates":[[107.6045194,-6.9042857,0],[107.6045928,-6.9042871,0],[107.6046289,-6.9042878,0],[107.6047378,-6.9043028,0]]},"properties":{"name":"Jalan Wastukencana","styleUrl":"#7158","stroke-opacity":1,"stroke":"#562B63","stroke-width":4},"id":"7157"},{"type":"Feature","geometry":{"type":"LineString","coordinates":[[107.6074587,-6.9052269,0],[107.607556,-6.9054463,0]]},"properties":{"name":"Jalan Wastukencana","styleUrl":"#7162","stroke-opacity":1,"stroke":"#562B63","stroke-width":4},"id":"7161"},{"type":"Feature","geometry":{"type":"LineString","coordinates":[[107.6069278,-6.9211397,0],[107.6066723,-6.9211072,0],[107.6064546,-6.9210818,0]]},"properties":{"name":"Jalan Asia Afrika","styleUrl":"#7166","stroke-opacity":1,"stroke":"#562B63","stroke-width":4},"id":"7165"},{"type":"Feature","geometry":{"type":"LineString","coordinates":[[107.6038068,-6.9126542,0],[107.6036069,-6.9126386,0],[107.6032421,-6.9126106,0],[107.6029824,-6.9125986,0],[107.6029303,-6.9125954,0],[107.6027169,-6.9125813,0],[107.6024779,-6.9125651,0],[107.6023535,-6.9125612,0],[107.6022827,-6.9125558,0],[107.6020122,-6.91254,0]]},"properties":{"name":"Jalan Kebon Kawung","styleUrl":"#7170","stroke-opacity":1,"stroke":"#562B63","stroke-width":4},"id":"7169"},{"type":"Feature","geometry":{"type":"LineString","coordinates":[[107.6020122,-6.91254,0],[107.6019305,-6.9125353,0]]},"properties":{"name":"Jalan Kebon Kawung","styleUrl":"#7174","stroke-opacity":1,"stroke":"#562B63","stroke-width":4},"id":"7173"},{"type":"Feature","geometry":{"type":"LineString","coordinates":[[107.6097349,-6.9483987,0],[107.6094437,-6.9483822,0]]},"properties":{"name":"Jalan Soekarno-Hatta","styleUrl":"#7178","stroke-opacity":1,"stroke":"#562B63","stroke-width":4},"id":"7177"},{"type":"Feature","geometry":{"type":"LineString","coordinates":[[107.6124407,-6.9486128,0],[107.6123629,-6.9486072,0],[107.612094,-6.9485877,0],[107.6112361,-6.9485253,0],[107.6097349,-6.9483987,0]]},"properties":{"name":"Jalan Soekarno-Hatta","styleUrl":"#7182","stroke-opacity":1,"stroke":"#562B63","stroke-width":4},"id":"7181"},{"type":"Feature","geometry":{"type":"LineString","coordinates":[[107.6273502,-6.9495149,0],[107.6270123,-6.9495312,0],[107.6269664,-6.9495328,0],[107.6267032,-6.9495414,0],[107.6266189,-6.949547,0],[107.6264304,-6.9495584,0]]},"properties":{"name":"Jalan Soekarno-Hatta","styleUrl":"#7186","stroke-opacity":1,"stroke":"#562B63","stroke-width":4},"id":"7185"},{"type":"Feature","geometry":{"type":"LineString","coordinates":[[107.6264304,-6.9495584,0],[107.626314,-6.9495624,0],[107.626127,-6.9495688,0],[107.6259917,-6.9495692,0]]},"properties":{"name":"Jalan Soekarno-Hatta","styleUrl":"#7190","stroke-opacity":1,"stroke":"#562B63","stroke-width":4},"id":"7189"},{"type":"Feature","geometry":{"type":"LineString","coordinates":[[107.6015193,-6.9048777,0],[107.601477,-6.9048314,0],[107.6014447,-6.9047821,0],[107.6014325,-6.9047281,0],[107.6014033,-6.9046523,0]]},"properties":{"name":"Jalan Dokter Gunawan Mangunkusumo","styleUrl":"#7194","stroke-opacity":1,"stroke":"#562B63","stroke-width":4},"id":"7193"},{"type":"Feature","geometry":{"type":"LineString","coordinates":[[107.6014361,-6.9042205,0],[107.6014608,-6.9041341,0],[107.6014781,-6.9040737,0],[107.6015129,-6.9040116,0],[107.6015648,-6.9039262,0],[107.6016549,-6.9038742,0],[107.6017533,-6.9038399,0]]},"properties":{"name":"Jalan Dokter Gunawan Mangunkusumo","styleUrl":"#7198","stroke-opacity":1,"stroke":"#562B63","stroke-width":4},"id":"7197"},{"type":"Feature","geometry":{"type":"LineString","coordinates":[[107.6076477,-6.9431556,0],[107.6075689,-6.9429228,0],[107.6074989,-6.9427159,0],[107.6074151,-6.942468,0],[107.6074044,-6.9424365,0],[107.6073267,-6.9422067,0],[107.6072871,-6.9420857,0],[107.6072103,-6.9418515,0],[107.6071736,-6.9417393,0],[107.606932,-6.9410019,0],[107.6068982,-6.9408986,0],[107.6067904,-6.9405695,0],[107.6067424,-6.9404231,0],[107.6066617,-6.9401765,0],[107.6066129,-6.9400276,0],[107.6065833,-6.9399373,0],[107.6065081,-6.9397106,0],[107.6064373,-6.939497,0],[107.6063207,-6.9391297,0],[107.6063015,-6.9390693,0],[107.6062885,-6.939027,0],[107.6062755,-6.9389847,0],[107.6062595,-6.9389365,0],[107.6062399,-6.9388618,0],[107.6062007,-6.9387072,0],[107.6061889,-6.9386548,0],[107.6061828,-6.9385203,0],[107.6061749,-6.938344,0]]},"properties":{"name":"Jalan Mohammad Toha","styleUrl":"#7202","stroke-opacity":1,"stroke":"#562B63","stroke-width":4},"id":"7201"},{"type":"Feature","geometry":{"type":"LineString","coordinates":[[107.6064249,-6.922423,0],[107.6064448,-6.9224162,0],[107.6064668,-6.9224144,0],[107.6065203,-6.9224203,0]]},"properties":{"name":"Jalan Dalem Kaum","styleUrl":"#7206","stroke-opacity":1,"stroke":"#562B63","stroke-width":4},"id":"7205"},{"type":"Feature","geometry":{"type":"LineString","coordinates":[[107.6076853,-6.905845,0],[107.6077246,-6.9060495,0]]},"properties":{"name":"Jalan Wastukencana","styleUrl":"#7210","stroke-opacity":1,"stroke":"#562B63","stroke-width":4},"id":"7209"},{"type":"Feature","geometry":{"type":"LineString","coordinates":[[107.6214461,-6.9492577,0],[107.6203693,-6.9491853,0],[107.6200002,-6.9491604,0],[107.619664,-6.9491378,0]]},"properties":{"name":"Jalan Soekarno-Hatta","styleUrl":"#7214","stroke-opacity":1,"stroke":"#562B63","stroke-width":4},"id":"7213"},{"type":"Feature","geometry":{"type":"LineString","coordinates":[[107.6061838,-6.9374395,0],[107.6061929,-6.9373823,0],[107.6062104,-6.9372527,0]]},"properties":{"name":"Jalan Mohammad Toha","styleUrl":"#7218","stroke-opacity":1,"stroke":"#562B63","stroke-width":4},"id":"7217"},{"type":"Feature","geometry":{"type":"LineString","coordinates":[[107.6287343,-6.9493471,0],[107.6284965,-6.9493933,0],[107.6282574,-6.9494324,0],[107.6281496,-6.9494451,0],[107.6277791,-6.9494888,0],[107.6276835,-6.9494966,0],[107.6274103,-6.9495126,0],[107.6273502,-6.9495149,0]]},"properties":{"name":"Jalan Soekarno-Hatta","styleUrl":"#7222","stroke-opacity":1,"stroke":"#562B63","stroke-width":4},"id":"7221"},{"type":"Feature","geometry":{"type":"LineString","coordinates":[[107.6070138,-6.9046,0],[107.6071411,-6.9047305,0]]},"properties":{"name":"Jalan Wastukencana","styleUrl":"#7226","stroke-opacity":1,"stroke":"#562B63","stroke-width":4},"id":"7225"},{"type":"Feature","geometry":{"type":"LineString","coordinates":[[107.6071411,-6.9047305,0],[107.607265,-6.9048943,0],[107.607283,-6.9049195,0],[107.6074067,-6.905129,0],[107.6074587,-6.9052269,0]]},"properties":{"name":"Jalan Wastukencana","styleUrl":"#7230","stroke-opacity":1,"stroke":"#562B63","stroke-width":4},"id":"7229"},{"type":"Feature","geometry":{"type":"LineString","coordinates":[[107.6073185,-6.9143005,0],[107.6073396,-6.9142915,0],[107.6073918,-6.9142744,0],[107.607494,-6.9142383,0],[107.6075641,-6.9142136,0]]},"properties":{"name":"Jalan Perintis Kemerdekaan","styleUrl":"#7234","stroke-opacity":1,"stroke":"#562B63","stroke-width":4},"id":"7233"},{"type":"Feature","geometry":{"type":"LineString","coordinates":[[107.6093038,-6.9479813,0],[107.6092951,-6.9479579,0],[107.6092415,-6.9478107,0],[107.6091943,-6.9476776,0],[107.6091509,-6.9475613,0],[107.6090997,-6.9474124,0],[107.6090862,-6.9473728,0],[107.6090786,-6.9473503,0],[107.6089872,-6.9470817,0],[107.6087733,-6.946453,0],[107.6086954,-6.946224,0],[107.6086676,-6.9461425,0]]},"properties":{"name":"Jalan Mohammad Toha","styleUrl":"#7238","stroke-opacity":1,"stroke":"#562B63","stroke-width":4},"id":"7237"},{"type":"Feature","geometry":{"type":"LineString","coordinates":[[107.6259917,-6.9495692,0],[107.625861,-6.9495663,0],[107.6252157,-6.9495503,0],[107.6251112,-6.9495455,0],[107.6249117,-6.9495363,0],[107.6245493,-6.9495197,0],[107.624446,-6.949515,0],[107.6242225,-6.9495008,0],[107.6240557,-6.9494902,0],[107.6239296,-6.9494823,0]]},"properties":{"name":"Jalan Soekarno-Hatta","styleUrl":"#7242","stroke-opacity":1,"stroke":"#562B63","stroke-width":4},"id":"7241"},{"type":"Feature","geometry":{"type":"LineString","coordinates":[[107.6378065,-6.9660751,0],[107.6379256,-6.9655493,0]]},"properties":{"name":"Buah Batu","styleUrl":"#7246","stroke-opacity":1,"stroke":"#562B63","stroke-width":4},"id":"7245"},{"type":"Feature","geometry":{"type":"LineString","coordinates":[[107.6069187,-6.9045127,0],[107.6070138,-6.9046,0]]},"properties":{"name":"Jalan Wastukencana","styleUrl":"#7250","stroke-opacity":1,"stroke":"#562B63","stroke-width":4},"id":"7249"},{"type":"Feature","geometry":{"type":"LineString","coordinates":[[107.6065841,-6.9042698,0],[107.6067222,-6.904359,0],[107.6068568,-6.9044553,0],[107.6069187,-6.9045127,0]]},"properties":{"name":"Jalan Wastukencana","styleUrl":"#7254","stroke-opacity":1,"stroke":"#562B63","stroke-width":4},"id":"7253"},{"type":"Feature","geometry":{"type":"LineString","coordinates":[[107.6261375,-7.0067058,0],[107.6261404,-7.0063219,0],[107.6261801,-7.0061732,0]]},"properties":{"name":"Jalan Anggadireja","styleUrl":"#7258","stroke-opacity":1,"stroke":"#562B63","stroke-width":4},"id":"7257"},{"type":"Feature","geometry":{"type":"LineString","coordinates":[[107.6071455,-6.9211653,0],[107.606984,-6.9211463,0],[107.6069278,-6.9211397,0]]},"properties":{"name":"Jalan Asia Afrika","styleUrl":"#7262","stroke-opacity":1,"stroke":"#562B63","stroke-width":4},"id":"7261"},{"type":"Feature","geometry":{"type":"LineString","coordinates":[[107.6066275,-6.9318519,0],[107.6066459,-6.9316529,0],[107.606666,-6.9314348,0],[107.6066798,-6.9312859,0],[107.6067272,-6.9307732,0],[107.6067877,-6.9301452,0]]},"properties":{"name":"Jalan Mohammad Toha","styleUrl":"#7266","stroke-opacity":1,"stroke":"#562B63","stroke-width":4},"id":"7265"},{"type":"Feature","geometry":{"type":"LineString","coordinates":[[107.6261801,-7.0061732,0],[107.6261913,-7.0059527,0]]},"properties":{"name":"Jalan Anggadireja","styleUrl":"#7270","stroke-opacity":1,"stroke":"#562B63","stroke-width":4},"id":"7269"},{"type":"Feature","geometry":{"type":"LineString","coordinates":[[107.607526,-6.921273,0],[107.6073101,-6.9212392,0],[107.6072824,-6.9212236,0],[107.6072498,-6.9211778,0]]},"properties":{"name":"Route Segment","styleUrl":"#7274","stroke-opacity":1,"stroke":"#562B63","stroke-width":4},"id":"7273"},{"type":"Feature","geometry":{"type":"LineString","coordinates":[[107.6337877,-6.9822572,0],[107.6336032,-6.9824154,0],[107.6335002,-6.9825117,0]]},"properties":{"name":"Jalan Bojongsoang","styleUrl":"#7278","stroke-opacity":1,"stroke":"#562B63","stroke-width":4},"id":"7277"},{"type":"Feature","geometry":{"type":"LineString","coordinates":[[107.6093359,-6.9068089,0],[107.6093419,-6.9069882,0],[107.6093579,-6.9075608,0],[107.6093729,-6.9080757,0],[107.6093744,-6.9081456,0]]},"properties":{"name":"Jalan Purnawarman","styleUrl":"#7282","stroke-opacity":1,"stroke":"#562B63","stroke-width":4},"id":"7281"},{"type":"Feature","geometry":{"type":"LineString","coordinates":[[107.6335002,-6.9825117,0],[107.6334271,-6.982576,0]]},"properties":{"name":"Jalan Bojongsoang","styleUrl":"#7286","stroke-opacity":1,"stroke":"#562B63","stroke-width":4},"id":"7285"},{"type":"Feature","geometry":{"type":"LineString","coordinates":[[107.6379256,-6.9655493,0],[107.6379736,-6.965341,0],[107.6379796,-6.965312,0],[107.6379817,-6.9653009,0]]},"properties":{"name":"Buah Batu","styleUrl":"#7290","stroke-opacity":1,"stroke":"#562B63","stroke-width":4},"id":"7289"},{"type":"Feature","geometry":{"type":"LineString","coordinates":[[107.6062469,-6.9274175,0],[107.6059177,-6.9273911,0]]},"properties":{"name":"Jalan Pungkur","styleUrl":"#7294","stroke-opacity":1,"stroke":"#562B63","stroke-width":4},"id":"7293"},{"type":"Feature","geometry":{"type":"LineString","coordinates":[[107.6017533,-6.9038399,0],[107.6019828,-6.9038744,0],[107.6021004,-6.9039046,0],[107.6021603,-6.9039097,0],[107.6022132,-6.9039225,0],[107.6022582,-6.903939,0],[107.6023051,-6.9039657,0],[107.6023417,-6.9039985,0],[107.6023628,-6.9040229,0],[107.6023856,-6.9040562,0],[107.6024111,-6.9041015,0],[107.6024298,-6.9041401,0],[107.6024466,-6.9041854,0]]},"properties":{"name":"Jalan Doktor Rajiman","styleUrl":"#7298","stroke-opacity":1,"stroke":"#562B63","stroke-width":4},"id":"7297"},{"type":"Feature","geometry":{"type":"LineString","coordinates":[[107.6014033,-6.9046523,0],[107.6014361,-6.9042205,0]]},"properties":{"name":"Jalan Dokter Gunawan Mangunkusumo","styleUrl":"#7302","stroke-opacity":1,"stroke":"#562B63","stroke-width":4},"id":"7301"},{"type":"Feature","geometry":{"type":"Point","coordinates":[107.6274766,-6.9106475,0]},"properties":{"name":"Taman Pramuka","styleUrl":"#8704","icon-scale":1,"icon":"http://maps.google.com/mapfiles/kml/pushpin/ylw-pushpin.png"},"id":"8703"},{"type":"Feature","geometry":{"type":"Point","coordinates":[107.6199195,-6.9011743,0]},"properties":{"name":"Lapangan Gasibu A","styleUrl":"#8709","icon-scale":1,"icon":"http://maps.google.com/mapfiles/kml/pushpin/ylw-pushpin.png"},"id":"8708"},{"type":"Feature","geometry":{"type":"Point","coordinates":[107.7652049,-6.9356267,0]},"properties":{"name":"IPDN A","styleUrl":"#8714","icon-scale":1,"icon":"http://maps.google.com/mapfiles/kml/pushpin/ylw-pushpin.png"},"id":"8713"},{"type":"Feature","geometry":{"type":"Point","coordinates":[107.6288644,-6.9130163,0]},"properties":{"name":"Hotel Grand Tebu","styleUrl":"#8719","icon-scale":1,"icon":"http://maps.google.com/mapfiles/kml/pushpin/ylw-pushpin.png"},"id":"8718"},{"type":"Feature","geometry":{"type":"Point","coordinates":[107.6090862,-6.9473728,0]},"properties":{"name":"Simpang By Pass Soekarno Hatta A","styleUrl":"#8724","icon-scale":1,"icon":"http://maps.google.com/mapfiles/kml/pushpin/ylw-pushpin.png"},"id":"8723"},{"type":"Feature","geometry":{"type":"Point","coordinates":[107.6252887,-6.9343354,0]},"properties":{"name":"Hotel Horison A","styleUrl":"#8729","icon-scale":1,"icon":"http://maps.google.com/mapfiles/kml/pushpin/ylw-pushpin.png"},"id":"8728"},{"type":"Feature","geometry":{"type":"Point","coordinates":[107.6161542,-6.8979225,0]},"properties":{"name":"Panatayudha A","styleUrl":"#8734","icon-scale":1,"icon":"http://maps.google.com/mapfiles/kml/pushpin/ylw-pushpin.png"},"id":"8733"},{"type":"Feature","geometry":{"type":"Point","coordinates":[107.6241876,-6.9010661,0]},"properties":{"name":"PUSDAI A","styleUrl":"#8739","icon-scale":1,"icon":"http://maps.google.com/mapfiles/kml/pushpin/ylw-pushpin.png"},"id":"8738"},{"type":"Feature","geometry":{"type":"Point","coordinates":[107.6301163,-6.9080655,0]},"properties":{"name":"SMPN 14 Bandung (Lapangan Supratman A)","styleUrl":"#8744","icon-scale":1,"icon":"http://maps.google.com/mapfiles/kml/pushpin/ylw-pushpin.png"},"id":"8743"},{"type":"Feature","geometry":{"type":"Point","coordinates":[107.6313457,-6.9183624,0]},"properties":{"name":"Bandung Creative Hub A","styleUrl":"#8749","icon-scale":1,"icon":"http://maps.google.com/mapfiles/kml/pushpin/ylw-pushpin.png"},"id":"8748"},{"type":"Feature","geometry":{"type":"Point","coordinates":[107.6062885,-6.939027,0]},"properties":{"name":"Muhammad Toha 1 (PT INTI A)","styleUrl":"#8754","icon-scale":1,"icon":"http://maps.google.com/mapfiles/kml/pushpin/ylw-pushpin.png"},"id":"8753"},{"type":"Feature","geometry":{"type":"Point","coordinates":[107.6115168,-6.954618,0]},"properties":{"name":"SPBU Moh. Toha","styleUrl":"#8759","icon-scale":1,"icon":"http://maps.google.com/mapfiles/kml/pushpin/ylw-pushpin.png"},"id":"8758"},{"type":"Feature","geometry":{"type":"Point","coordinates":[107.7541846,-6.9410603,0]},"properties":{"name":"Cileunyi A","styleUrl":"#8764","icon-scale":1,"icon":"http://maps.google.com/mapfiles/kml/pushpin/ylw-pushpin.png"},"id":"8763"},{"type":"Feature","geometry":{"type":"Point","coordinates":[107.6180361,-6.8934568,0]},"properties":{"name":"UNPAD Dipatiukur","styleUrl":"#8769","icon-scale":1,"icon":"http://maps.google.com/mapfiles/kml/pushpin/ylw-pushpin.png"},"id":"8768"},{"type":"Feature","geometry":{"type":"Point","coordinates":[107.7732376,-6.932299,0]},"properties":{"name":"UNPAD Jatinangor","styleUrl":"#8774","icon-scale":1,"icon":"http://maps.google.com/mapfiles/kml/pushpin/ylw-pushpin.png"},"id":"8773"},{"type":"Feature","geometry":{"type":"LineString","coordinates":[[107.6193443,-6.8992829,0],[107.6193457,-6.8993497,0]]},"properties":{"name":"Jalan Sentot Alibasyah","styleUrl":"#8779","stroke-opacity":1,"stroke":"#EC008C","stroke-width":4},"id":"8778"},{"type":"Feature","geometry":{"type":"LineString","coordinates":[[107.7528851,-6.9391361,0],[107.7530294,-6.9390441,0],[107.7537452,-6.938697,0],[107.7540066,-6.9385699,0],[107.7541454,-6.9385016,0],[107.7544927,-6.9383149,0],[107.7548022,-6.9381645,0],[107.755132,-6.9380904,0],[107.7553843,-6.9380561,0],[107.7558468,-6.9379992,0],[107.7559524,-6.9379853,0],[107.7560525,-6.9379722,0]]},"properties":{"name":"Jalan Raya Cileunyi","styleUrl":"#8783","stroke-opacity":1,"stroke":"#EC008C","stroke-width":4},"id":"8782"},{"type":"Feature","geometry":{"type":"LineString","coordinates":[[107.6119773,-6.9559046,0],[107.6119023,-6.955933,0]]},"properties":{"name":"Route Segment","styleUrl":"#8787","stroke-opacity":1,"stroke":"#EC008C","stroke-width":4},"id":"8786"},{"type":"Feature","geometry":{"type":"LineString","coordinates":[[107.6062444,-6.9594034,0],[107.6062935,-6.9598183,0],[107.6063891,-6.9601879,0],[107.6064891,-6.9604204,0],[107.6065484,-6.9605246,0],[107.6066342,-6.9606298,0],[107.606712,-6.960735,0],[107.6068276,-6.9608426,0],[107.6069614,-6.9609506,0],[107.6071374,-6.9610507,0],[107.6073557,-6.9611476,0],[107.6075788,-6.9611894,0],[107.6078236,-6.9612087,0],[107.6080064,-6.9612283,0]]},"properties":{"name":"Route Segment","styleUrl":"#8791","stroke-opacity":1,"stroke":"#EC008C","stroke-width":4},"id":"8790"},{"type":"Feature","geometry":{"type":"LineString","coordinates":[[107.6376642,-6.9656491,0],[107.6383542,-6.9657306,0]]},"properties":{"name":"Jalan Tol Padalarang–Cileunyi","styleUrl":"#8795","stroke-opacity":1,"stroke":"#EC008C","stroke-width":4},"id":"8794"},{"type":"Feature","geometry":{"type":"LineString","coordinates":[[107.6428065,-6.9656857,0],[107.6433819,-6.9655597,0],[107.6439457,-6.9654188,0],[107.6444876,-6.9652811,0],[107.6456233,-6.9649793,0],[107.6461997,-6.9648425,0],[107.6464447,-6.9648018,0],[107.6471321,-6.9646894,0],[107.6477031,-6.9646316,0],[107.6480073,-6.9646075,0],[107.6482899,-6.9645955,0],[107.648769,-6.9645835,0],[107.6492481,-6.9646002,0],[107.6494731,-6.9646135,0],[107.6497775,-6.9646261,0],[107.650345,-6.9646987,0],[107.6548013,-6.9653876,0],[107.6570222,-6.9657337,0],[107.6581165,-6.9659094,0],[107.6591915,-6.9661036,0],[107.6597561,-6.9662374,0],[107.6602707,-6.9663703,0],[107.6603107,-6.966378,0]]},"properties":{"name":"Jalan Tol Padalarang–Cileunyi","styleUrl":"#8799","stroke-opacity":1,"stroke":"#EC008C","stroke-width":4},"id":"8798"},{"type":"Feature","geometry":{"type":"LineString","coordinates":[[107.6605722,-6.9664426,0],[107.6617508,-6.9667679,0],[107.6621613,-6.9668812,0],[107.6629525,-6.9670928,0],[107.6637748,-6.9672708,0],[107.6646665,-6.9674083,0],[107.665565,-6.9675082,0],[107.6664515,-6.9675481,0],[107.667055,-6.9675574,0],[107.6691132,-6.9675103,0],[107.6700937,-6.9674908,0],[107.6711041,-6.967534,0]]},"properties":{"name":"Jalan Tol Padalarang–Cileunyi","styleUrl":"#8803","stroke-opacity":1,"stroke":"#EC008C","stroke-width":4},"id":"8802"},{"type":"Feature","geometry":{"type":"LineString","coordinates":[[107.6603107,-6.966378,0],[107.6605722,-6.9664426,0]]},"properties":{"name":"Jalan Tol Padalarang–Cileunyi","styleUrl":"#8807","stroke-opacity":1,"stroke":"#EC008C","stroke-width":4},"id":"8806"},{"type":"Feature","geometry":{"type":"LineString","coordinates":[[107.7274621,-6.9555628,0],[107.730105,-6.9541849,0]]},"properties":{"name":"Jalan Tol Padalarang–Cileunyi","styleUrl":"#8811","stroke-opacity":1,"stroke":"#EC008C","stroke-width":4},"id":"8810"},{"type":"Feature","geometry":{"type":"LineString","coordinates":[[107.616449,-6.8990209,0],[107.6177533,-6.8992555,0],[107.6179657,-6.8992842,0],[107.6181219,-6.8992936,0],[107.6184347,-6.8992984,0]]},"properties":{"name":"Jalan Surapati","styleUrl":"#8815","stroke-opacity":1,"stroke":"#EC008C","stroke-width":4},"id":"8814"},{"type":"Feature","geometry":{"type":"LineString","coordinates":[[107.6780936,-6.9682142,0],[107.6791178,-6.9683208,0],[107.6828364,-6.9687183,0],[107.684564,-6.9688851,0],[107.6861756,-6.9690221,0],[107.6864951,-6.96905,0],[107.6888908,-6.969272,0],[107.6900884,-6.9694124,0],[107.6909182,-6.9695025,0],[107.6921685,-6.9696105,0],[107.6929032,-6.9696526,0],[107.6940014,-6.9696718,0],[107.6952538,-6.9696387,0],[107.6962926,-6.9695695,0],[107.6970049,-6.9694949,0],[107.6978674,-6.9693954,0],[107.6986982,-6.9692535,0],[107.6991637,-6.9691642,0],[107.7003715,-6.9688969,0],[107.7007549,-6.9688011,0]]},"properties":{"name":"Jalan Tol Padalarang–Cileunyi","styleUrl":"#8819","stroke-opacity":1,"stroke":"#EC008C","stroke-width":4},"id":"8818"},{"type":"Feature","geometry":{"type":"LineString","coordinates":[[107.7044746,-6.9675629,0],[107.7045311,-6.9675384,0],[107.7048064,-6.967419,0]]},"properties":{"name":"Jalan Tol Padalarang–Cileunyi","styleUrl":"#8823","stroke-opacity":1,"stroke":"#EC008C","stroke-width":4},"id":"8822"},{"type":"Feature","geometry":{"type":"LineString","coordinates":[[107.6713565,-6.9675464,0],[107.672646,-6.9676726,0],[107.6778229,-6.968186,0]]},"properties":{"name":"Jalan Tol Padalarang–Cileunyi","styleUrl":"#8827","stroke-opacity":1,"stroke":"#EC008C","stroke-width":4},"id":"8826"},{"type":"Feature","geometry":{"type":"LineString","coordinates":[[107.6778229,-6.968186,0],[107.6780936,-6.9682142,0]]},"properties":{"name":"Jalan Tol Padalarang–Cileunyi","styleUrl":"#8831","stroke-opacity":1,"stroke":"#EC008C","stroke-width":4},"id":"8830"},{"type":"Feature","geometry":{"type":"LineString","coordinates":[[107.6711041,-6.967534,0],[107.6713565,-6.9675464,0]]},"properties":{"name":"Jalan Tol Padalarang–Cileunyi","styleUrl":"#8835","stroke-opacity":1,"stroke":"#EC008C","stroke-width":4},"id":"8834"},{"type":"Feature","geometry":{"type":"LineString","coordinates":[[107.7048064,-6.967419,0],[107.7063273,-6.9666885,0],[107.707713,-6.9659768,0],[107.7079453,-6.9658455,0],[107.7100313,-6.964752,0],[107.7114696,-6.9640051,0],[107.71226,-6.9635947,0],[107.7158084,-6.9617315,0],[107.7169965,-6.9611014,0],[107.7181569,-6.9604752,0],[107.7189587,-6.9600552,0],[107.7192018,-6.9599278,0],[107.7238903,-6.9574717,0],[107.7274621,-6.9555628,0]]},"properties":{"name":"Jalan Tol Padalarang–Cileunyi","styleUrl":"#8839","stroke-opacity":1,"stroke":"#EC008C","stroke-width":4},"id":"8838"},{"type":"Feature","geometry":{"type":"LineString","coordinates":[[107.6138569,-6.9608687,0],[107.6145694,-6.9608244,0],[107.6152712,-6.9608006,0],[107.6158234,-6.9607949,0],[107.6163738,-6.9608351,0],[107.6169258,-6.9608827,0],[107.6174131,-6.9609627,0],[107.618434,-6.9611867,0],[107.6188986,-6.961326,0],[107.6194087,-6.9615161,0],[107.6204529,-6.9619211,0]]},"properties":{"name":"Jalan Tol Padalarang–Cileunyi","styleUrl":"#8843","stroke-opacity":1,"stroke":"#EC008C","stroke-width":4},"id":"8842"},{"type":"Feature","geometry":{"type":"LineString","coordinates":[[107.6133971,-6.9608951,0],[107.6138569,-6.9608687,0]]},"properties":{"name":"Jalan Tol Padalarang–Cileunyi","styleUrl":"#8847","stroke-opacity":1,"stroke":"#EC008C","stroke-width":4},"id":"8846"},{"type":"Feature","geometry":{"type":"LineString","coordinates":[[107.6277893,-6.9093251,0],[107.627806,-6.909308,0],[107.6278178,-6.909296,0],[107.6278883,-6.9092241,0],[107.6283467,-6.9087552,0],[107.6284809,-6.9086325,0],[107.6286271,-6.9085102,0],[107.6290698,-6.9082008,0],[107.6291731,-6.9081286,0]]},"properties":{"name":"Jalan Cendana","styleUrl":"#8851","stroke-opacity":1,"stroke":"#EC008C","stroke-width":4},"id":"8850"},{"type":"Feature","geometry":{"type":"LineString","coordinates":[[107.6180383,-6.8938553,0],[107.6179971,-6.8939395,0],[107.6178302,-6.8942182,0],[107.6177817,-6.8942718,0],[107.6176835,-6.8943336,0]]},"properties":{"name":"Jalan Dipatiukur","styleUrl":"#8855","stroke-opacity":1,"stroke":"#EC008C","stroke-width":4},"id":"8854"},{"type":"Feature","geometry":{"type":"LineString","coordinates":[[107.616019,-6.8975661,0],[107.6160824,-6.8976971,0],[107.6161206,-6.8977917,0],[107.6161489,-6.8978851,0],[107.6161542,-6.8979225,0],[107.6161572,-6.8979434,0],[107.6161675,-6.8980166,0],[107.6161662,-6.8981131,0],[107.6161577,-6.8981816,0],[107.6161352,-6.898308,0]]},"properties":{"name":"Jalan Penata Yudha","styleUrl":"#8859","stroke-opacity":1,"stroke":"#EC008C","stroke-width":4},"id":"8858"},{"type":"Feature","geometry":{"type":"LineString","coordinates":[[107.6300393,-6.9157014,0],[107.6300714,-6.9157678,0]]},"properties":{"name":"Jalan Laswi","styleUrl":"#8863","stroke-opacity":1,"stroke":"#EC008C","stroke-width":4},"id":"8862"},{"type":"Feature","geometry":{"type":"LineString","coordinates":[[107.6225805,-6.9371274,0],[107.6222978,-6.9373184,0],[107.6222364,-6.9373473,0],[107.6215455,-6.9376726,0],[107.620815,-6.9379417,0],[107.620486,-6.9380409,0]]},"properties":{"name":"Jalan BKR","styleUrl":"#8867","stroke-opacity":1,"stroke":"#EC008C","stroke-width":4},"id":"8866"},{"type":"Feature","geometry":{"type":"LineString","coordinates":[[107.6253638,-6.9010341,0],[107.6256055,-6.901026,0],[107.6259572,-6.9010164,0],[107.6261054,-6.901032,0],[107.6261791,-6.9010486,0],[107.6262639,-6.9010862,0]]},"properties":{"name":"Jalan Diponegoro","styleUrl":"#8871","stroke-opacity":1,"stroke":"#EC008C","stroke-width":4},"id":"8870"},{"type":"Feature","geometry":{"type":"LineString","coordinates":[[107.6262639,-6.9010862,0],[107.6263592,-6.9011544,0],[107.6264108,-6.901205,0],[107.6265006,-6.9013156,0],[107.626915,-6.9018846,0],[107.6273065,-6.9024786,0],[107.6277159,-6.9031136,0],[107.6282881,-6.9039847,0],[107.6283288,-6.9040475,0],[107.628396,-6.904151,0],[107.6284378,-6.904217,0],[107.6287507,-6.9046965,0],[107.6292146,-6.9054074,0],[107.6297079,-6.9061604,0],[107.629935,-6.9065072,0]]},"properties":{"name":"Jalan Supratman","styleUrl":"#8875","stroke-opacity":1,"stroke":"#EC008C","stroke-width":4},"id":"8874"},{"type":"Feature","geometry":{"type":"LineString","coordinates":[[107.6305913,-6.9077531,0],[107.6306929,-6.90769,0]]},"properties":{"name":"Jalan Lapang Supratman","styleUrl":"#8879","stroke-opacity":1,"stroke":"#EC008C","stroke-width":4},"id":"8878"},{"type":"Feature","geometry":{"type":"LineString","coordinates":[[107.6295758,-6.9147576,0],[107.629671,-6.9148582,0]]},"properties":{"name":"Jalan L.L. RE. Martadinata","styleUrl":"#8883","stroke-opacity":1,"stroke":"#EC008C","stroke-width":4},"id":"8882"},{"type":"Feature","geometry":{"type":"LineString","coordinates":[[107.6295758,-6.9147576,0],[107.6294559,-6.914423,0],[107.6292504,-6.9137992,0],[107.6291718,-6.9135678,0],[107.6291311,-6.9134798,0],[107.6290892,-6.913389,0],[107.6289845,-6.913192,0],[107.6288644,-6.9130163,0],[107.628731,-6.9128285,0],[107.6286968,-6.9127848,0],[107.6286154,-6.9126809,0]]},"properties":{"name":"Jalan L.L. RE. Martadinata","styleUrl":"#8887","stroke-opacity":1,"stroke":"#EC008C","stroke-width":4},"id":"8886"},{"type":"Feature","geometry":{"type":"LineString","coordinates":[[107.7537453,-6.9404081,0],[107.7536983,-6.94024,0],[107.7536254,-6.9400197,0],[107.7535816,-6.9399509,0],[107.7535341,-6.9398922,0],[107.7534452,-6.9398116,0]]},"properties":{"name":"Route Segment","styleUrl":"#8891","stroke-opacity":1,"stroke":"#EC008C","stroke-width":4},"id":"8890"},{"type":"Feature","geometry":{"type":"LineString","coordinates":[[107.6109823,-6.9562337,0],[107.6108289,-6.956309,0]]},"properties":{"name":"Route Segment","styleUrl":"#8895","stroke-opacity":1,"stroke":"#EC008C","stroke-width":4},"id":"8894"},{"type":"Feature","geometry":{"type":"LineString","coordinates":[[107.6116113,-6.9549027,0],[107.6116834,-6.9550038,0],[107.6117349,-6.955158,0],[107.6118082,-6.9554079,0],[107.6118897,-6.9556394,0]]},"properties":{"name":"Jalan Mohammad Toha","styleUrl":"#8899","stroke-opacity":1,"stroke":"#EC008C","stroke-width":4},"id":"8898"},{"type":"Feature","geometry":{"type":"LineString","coordinates":[[107.6098249,-6.9611724,0],[107.6133971,-6.9608951,0]]},"properties":{"name":"Jalan Tol Padalarang–Cileunyi","styleUrl":"#8903","stroke-opacity":1,"stroke":"#EC008C","stroke-width":4},"id":"8902"},{"type":"Feature","geometry":{"type":"LineString","coordinates":[[107.6160286,-6.8989397,0],[107.6160579,-6.8989434,0],[107.616449,-6.8990209,0]]},"properties":{"name":"Jalan Surapati","styleUrl":"#8907","stroke-opacity":1,"stroke":"#EC008C","stroke-width":4},"id":"8906"},{"type":"Feature","geometry":{"type":"LineString","coordinates":[[107.6286154,-6.9126809,0],[107.628535,-6.9125792,0],[107.6283442,-6.9123228,0],[107.6282733,-6.9122224,0],[107.6281737,-6.9121136,0],[107.6278567,-6.9118039,0],[107.6278029,-6.9117514,0],[107.6276535,-6.9116065,0],[107.6271643,-6.9111479,0],[107.6270678,-6.9110574,0]]},"properties":{"name":"Jalan L.L. RE. Martadinata","styleUrl":"#8911","stroke-opacity":1,"stroke":"#EC008C","stroke-width":4},"id":"8910"},{"type":"Feature","geometry":{"type":"LineString","coordinates":[[107.6168823,-6.8955917,0],[107.6166188,-6.8959561,0],[107.6162817,-6.8963301,0],[107.6159883,-6.8966062,0],[107.6155865,-6.8969383,0]]},"properties":{"name":"Jalan Dipatiukur","styleUrl":"#8915","stroke-opacity":1,"stroke":"#EC008C","stroke-width":4},"id":"8914"},{"type":"Feature","geometry":{"type":"LineString","coordinates":[[107.6300729,-6.9067176,0],[107.6302047,-6.9069265,0]]},"properties":{"name":"Jalan Supratman","styleUrl":"#8919","stroke-opacity":1,"stroke":"#EC008C","stroke-width":4},"id":"8918"},{"type":"Feature","geometry":{"type":"LineString","coordinates":[[107.6184347,-6.8992984,0],[107.6189625,-6.8992907,0],[107.6189804,-6.8992903,0],[107.6190876,-6.8992881,0],[107.6192835,-6.8992841,0],[107.6193443,-6.8992829,0]]},"properties":{"name":"Jalan Surapati","styleUrl":"#8923","stroke-opacity":1,"stroke":"#EC008C","stroke-width":4},"id":"8922"},{"type":"Feature","geometry":{"type":"LineString","coordinates":[[107.6090371,-6.9377023,0],[107.6089837,-6.9377027,0],[107.6088735,-6.9376992,0],[107.6084233,-6.9376849,0],[107.6081426,-6.937676,0],[107.6074822,-6.9376551,0],[107.6067777,-6.9376327,0],[107.6064422,-6.9376269,0]]},"properties":{"name":"Jalan BKR","styleUrl":"#8927","stroke-opacity":1,"stroke":"#EC008C","stroke-width":4},"id":"8926"},{"type":"Feature","geometry":{"type":"LineString","coordinates":[[107.6174318,-6.8947388,0],[107.6172839,-6.8949841,0],[107.617258,-6.8950233,0],[107.6172155,-6.8950876,0],[107.6168823,-6.8955917,0]]},"properties":{"name":"Jalan Dipatiukur","styleUrl":"#8931","stroke-opacity":1,"stroke":"#EC008C","stroke-width":4},"id":"8930"},{"type":"Feature","geometry":{"type":"LineString","coordinates":[[107.612765,-6.9378378,0],[107.6126835,-6.937834,0],[107.6122038,-6.9378169,0],[107.6104681,-6.9377552,0],[107.6099479,-6.9377367,0]]},"properties":{"name":"Jalan BKR","styleUrl":"#8935","stroke-opacity":1,"stroke":"#EC008C","stroke-width":4},"id":"8934"},{"type":"Feature","geometry":{"type":"LineString","coordinates":[[107.6094437,-6.9483822,0],[107.6094101,-6.9482727,0]]},"properties":{"name":"Jalan Mohammad Toha","styleUrl":"#8939","stroke-opacity":1,"stroke":"#EC008C","stroke-width":4},"id":"8938"},{"type":"Feature","geometry":{"type":"LineString","coordinates":[[107.6086676,-6.9461425,0],[107.6086093,-6.945971,0],[107.6085871,-6.9459059,0],[107.608562,-6.9458321,0],[107.6085284,-6.9457333,0],[107.6084824,-6.9455982,0],[107.6084779,-6.9455849,0],[107.6084496,-6.9455018,0],[107.608427,-6.9454354,0],[107.608407,-6.9453744,0],[107.6083491,-6.945205,0],[107.6082597,-6.9449435,0],[107.6082426,-6.9448934,0],[107.6082103,-6.9447985,0],[107.6080915,-6.9444492,0],[107.6079672,-6.944084,0],[107.6078706,-6.9438055,0],[107.607766,-6.9435054,0],[107.6077347,-6.9434128,0],[107.607677,-6.9432421,0],[107.6076477,-6.9431556,0]]},"properties":{"name":"Jalan Mohammad Toha","styleUrl":"#8943","stroke-opacity":1,"stroke":"#EC008C","stroke-width":4},"id":"8942"},{"type":"Feature","geometry":{"type":"LineString","coordinates":[[107.6302047,-6.9069265,0],[107.6306929,-6.90769,0]]},"properties":{"name":"Jalan Supratman","styleUrl":"#8947","stroke-opacity":1,"stroke":"#EC008C","stroke-width":4},"id":"8946"},{"type":"Feature","geometry":{"type":"LineString","coordinates":[[107.6261515,-6.9309754,0],[107.6258277,-6.9322856,0],[107.6258213,-6.9323117,0],[107.6257675,-6.932523,0]]},"properties":{"name":"Jalan Pelajar Pejuang 45","styleUrl":"#8951","stroke-opacity":1,"stroke":"#EC008C","stroke-width":4},"id":"8950"},{"type":"Feature","geometry":{"type":"LineString","coordinates":[[107.6255287,-6.9335306,0],[107.6254673,-6.9337607,0],[107.6253996,-6.9339927,0],[107.6253661,-6.9341125,0],[107.6253131,-6.9342776,0],[107.6252887,-6.9343354,0],[107.6252568,-6.9344147,0],[107.6252253,-6.9344866,0],[107.6251797,-6.9345751,0],[107.6251233,-6.9346683,0],[107.6250543,-6.9347675,0],[107.6248605,-6.9350024,0]]},"properties":{"name":"Jalan Pelajar Pejuang 45","styleUrl":"#8955","stroke-opacity":1,"stroke":"#EC008C","stroke-width":4},"id":"8954"},{"type":"Feature","geometry":{"type":"LineString","coordinates":[[107.620486,-6.9380409,0],[107.6202343,-6.9381005,0]]},"properties":{"name":"Jalan BKR","styleUrl":"#8959","stroke-opacity":1,"stroke":"#EC008C","stroke-width":4},"id":"8958"},{"type":"Feature","geometry":{"type":"LineString","coordinates":[[107.6202343,-6.9381005,0],[107.6197515,-6.9381729,0],[107.6195826,-6.9381826,0],[107.6193344,-6.9381968,0],[107.6190662,-6.9381955,0],[107.6187806,-6.9381795,0],[107.6185574,-6.9381661,0],[107.6180007,-6.938125,0],[107.6171204,-6.9380799,0],[107.6167712,-6.9380574,0],[107.6166344,-6.9380533,0],[107.6162382,-6.9380256,0],[107.6160946,-6.9380178,0],[107.6138239,-6.9378694,0]]},"properties":{"name":"Jalan BKR","styleUrl":"#8963","stroke-opacity":1,"stroke":"#EC008C","stroke-width":4},"id":"8962"},{"type":"Feature","geometry":{"type":"LineString","coordinates":[[107.6064422,-6.9376269,0],[107.6063967,-6.9376401,0],[107.6063538,-6.9376599,0],[107.6063143,-6.9376859,0],[107.6062905,-6.9377063,0],[107.6062689,-6.937729,0],[107.6062496,-6.9377537,0],[107.606233,-6.9377801,0],[107.6062191,-6.9378081,0]]},"properties":{"name":"Route Segment","styleUrl":"#8967","stroke-opacity":1,"stroke":"#EC008C","stroke-width":4},"id":"8966"},{"type":"Feature","geometry":{"type":"LineString","coordinates":[[107.6305913,-6.9077531,0],[107.6302838,-6.9079553,0],[107.6301163,-6.9080655,0],[107.6299488,-6.9081756,0],[107.6297436,-6.9082432,0],[107.629633,-6.9082512,0],[107.6295506,-6.9082404,0],[107.6294925,-6.9082151,0],[107.629441,-6.9081795,0],[107.6293885,-6.9081299,0]]},"properties":{"name":"Jalan Lapang Supratman","styleUrl":"#8971","stroke-opacity":1,"stroke":"#EC008C","stroke-width":4},"id":"8970"},{"type":"Feature","geometry":{"type":"LineString","coordinates":[[107.6199195,-6.9011743,0],[107.6208401,-6.9011493,0],[107.6213033,-6.9011378,0],[107.6216766,-6.9011285,0],[107.6221254,-6.9011174,0],[107.6224081,-6.9011103,0],[107.6234934,-6.9010834,0],[107.6236693,-6.901079,0],[107.6238119,-6.9010754,0],[107.6241876,-6.9010661,0],[107.6246942,-6.9010535,0],[107.6249276,-6.9010477,0]]},"properties":{"name":"Jalan Diponegoro","styleUrl":"#8975","stroke-opacity":1,"stroke":"#EC008C","stroke-width":4},"id":"8974"},{"type":"Feature","geometry":{"type":"LineString","coordinates":[[107.6299139,-6.9154306,0],[107.629994,-6.9156036,0],[107.6300393,-6.9157014,0]]},"properties":{"name":"Jalan L.L. RE. Martadinata","styleUrl":"#8979","stroke-opacity":1,"stroke":"#EC008C","stroke-width":4},"id":"8978"},{"type":"Feature","geometry":{"type":"LineString","coordinates":[[107.6274553,-6.9097114,0],[107.6274737,-6.9097338,0],[107.6275239,-6.9098264,0],[107.6275876,-6.9099568,0],[107.6276091,-6.9100234,0],[107.6276252,-6.9100913,0],[107.6276368,-6.9101834,0],[107.6276346,-6.9102897,0],[107.6276024,-6.9104242,0],[107.6275467,-6.9105478,0],[107.6274766,-6.9106475,0],[107.6271193,-6.9109997,0],[107.6270678,-6.9110574,0]]},"properties":{"name":"Jalan Taman Pramuka","styleUrl":"#8983","stroke-opacity":1,"stroke":"#EC008C","stroke-width":4},"id":"8982"},{"type":"Feature","geometry":{"type":"LineString","coordinates":[[107.629935,-6.9065072,0],[107.6300729,-6.9067176,0]]},"properties":{"name":"Jalan Supratman","styleUrl":"#8987","stroke-opacity":1,"stroke":"#EC008C","stroke-width":4},"id":"8986"},{"type":"Feature","geometry":{"type":"LineString","coordinates":[[107.7534452,-6.9398116,0],[107.7529385,-6.9394875,0]]},"properties":{"name":"Route Segment","styleUrl":"#8991","stroke-opacity":1,"stroke":"#EC008C","stroke-width":4},"id":"8990"},{"type":"Feature","geometry":{"type":"LineString","coordinates":[[107.7560525,-6.9379722,0],[107.7561221,-6.9379622,0],[107.7562242,-6.9379454,0],[107.7565469,-6.9378853,0]]},"properties":{"name":"Jalan Raya Cileunyi","styleUrl":"#8995","stroke-opacity":1,"stroke":"#EC008C","stroke-width":4},"id":"8994"},{"type":"Feature","geometry":{"type":"LineString","coordinates":[[107.757483,-6.9377149,0],[107.7577043,-6.937687,0],[107.7582127,-6.9376098,0],[107.7585168,-6.9375541,0],[107.7586054,-6.9375379,0],[107.7588445,-6.937496,0],[107.7590379,-6.9374409,0],[107.7590783,-6.9374301,0],[107.7595382,-6.9373062,0],[107.7595587,-6.9373015,0],[107.7599873,-6.937175,0],[107.7604905,-6.9370351,0],[107.761654,-6.9366998,0],[107.7626147,-6.9363829,0],[107.7626714,-6.9363701,0],[107.7628702,-6.9363032,0],[107.7629,-6.9362934,0],[107.7630053,-6.936259,0],[107.7631116,-6.9362247,0],[107.7631647,-6.9362102,0],[107.7632513,-6.9361805,0],[107.7633547,-6.936147,0],[107.7635931,-6.9360716,0],[107.7637875,-6.9360169,0],[107.7640041,-6.935955,0],[107.7640219,-6.9359499,0],[107.7642048,-6.9358995,0],[107.7644009,-6.9358469,0],[107.764435,-6.9358375,0],[107.7644797,-6.9358254,0],[107.7646673,-6.9357773,0],[107.7648658,-6.9357188,0],[107.7652049,-6.9356267,0],[107.7652681,-6.9356096,0],[107.7655658,-6.9355271,0],[107.7658823,-6.9354498,0],[107.7660558,-6.9353947,0],[107.7663089,-6.9353249,0],[107.7664134,-6.9352954,0],[107.7664597,-6.9352793,0],[107.7666588,-6.9352102,0],[107.7671166,-6.9350782,0],[107.7673132,-6.9350212,0],[107.7674101,-6.9349647,0],[107.7675131,-6.9348887,0]]},"properties":{"name":"Jalan Raya Jatinangor","styleUrl":"#8999","stroke-opacity":1,"stroke":"#EC008C","stroke-width":4},"id":"8998"},{"type":"Feature","geometry":{"type":"LineString","coordinates":[[107.6180361,-6.8934568,0],[107.6180362,-6.8934861,0],[107.6180383,-6.8938553,0]]},"properties":{"name":"Jalan Dipatiukur","styleUrl":"#9003","stroke-opacity":1,"stroke":"#EC008C","stroke-width":4},"id":"9002"},{"type":"Feature","geometry":{"type":"LineString","coordinates":[[107.6193536,-6.8995642,0],[107.6193611,-6.8998371,0],[107.6193648,-6.89993,0]]},"properties":{"name":"Jalan Sentot Alibasyah","styleUrl":"#9007","stroke-opacity":1,"stroke":"#EC008C","stroke-width":4},"id":"9006"},{"type":"Feature","geometry":{"type":"LineString","coordinates":[[107.6193648,-6.89993,0],[107.6193767,-6.9002364,0],[107.6194077,-6.9010307,0],[107.6194103,-6.9010674,0],[107.619419,-6.9011883,0]]},"properties":{"name":"Jalan Sentot Alibasyah","styleUrl":"#9011","stroke-opacity":1,"stroke":"#EC008C","stroke-width":4},"id":"9010"},{"type":"Feature","geometry":{"type":"LineString","coordinates":[[107.6228382,-6.9369209,0],[107.6228092,-6.9369445,0],[107.6227837,-6.9369651,0]]},"properties":{"name":"Jalan Pelajar Pejuang 45","styleUrl":"#9015","stroke-opacity":1,"stroke":"#EC008C","stroke-width":4},"id":"9014"},{"type":"Feature","geometry":{"type":"LineString","coordinates":[[107.6248605,-6.9350024,0],[107.6246392,-6.935218,0],[107.6242435,-6.9356055,0],[107.6240525,-6.9357906,0],[107.6237769,-6.9360502,0],[107.6237206,-6.9361054,0],[107.6236477,-6.9361789,0]]},"properties":{"name":"Jalan Pelajar Pejuang 45","styleUrl":"#9019","stroke-opacity":1,"stroke":"#EC008C","stroke-width":4},"id":"9018"},{"type":"Feature","geometry":{"type":"LineString","coordinates":[[107.6176835,-6.8943336,0],[107.6175117,-6.8946008,0],[107.6174318,-6.8947388,0]]},"properties":{"name":"Jalan Dipatiukur","styleUrl":"#9023","stroke-opacity":1,"stroke":"#EC008C","stroke-width":4},"id":"9022"},{"type":"Feature","geometry":{"type":"LineString","coordinates":[[107.6116113,-6.9549027,0],[107.6115903,-6.9548395,0],[107.6115567,-6.9547392,0],[107.6115404,-6.9546891,0],[107.6115168,-6.954618,0],[107.6115056,-6.9545841,0],[107.6114306,-6.9543571,0],[107.6114039,-6.9542777,0],[107.6113779,-6.9541994,0],[107.6113491,-6.9541126,0],[107.6113021,-6.953971,0],[107.6112433,-6.9537939,0],[107.6112087,-6.9536897,0],[107.6111523,-6.9535196,0],[107.6111025,-6.9533696,0],[107.6110127,-6.9530992,0],[107.6109821,-6.9530069,0],[107.6109598,-6.9529395,0],[107.610882,-6.9527052,0],[107.6108172,-6.9525101,0],[107.6107154,-6.9522033,0],[107.610704,-6.9521688,0],[107.6106927,-6.9521348,0],[107.6106289,-6.9519383,0],[107.6105529,-6.9517136,0],[107.6105221,-6.9516206,0],[107.6103079,-6.9509754,0],[107.6101654,-6.950546,0],[107.6101111,-6.9503823,0],[107.609996,-6.9500355,0]]},"properties":{"name":"Jalan Mohammad Toha","styleUrl":"#9027","stroke-opacity":1,"stroke":"#EC008C","stroke-width":4},"id":"9026"},{"type":"Feature","geometry":{"type":"LineString","coordinates":[[107.6062191,-6.9378081,0],[107.6061991,-6.9382951,0],[107.6061936,-6.9383233,0],[107.6061749,-6.938344,0]]},"properties":{"name":"Jalan Mohammad Toha","styleUrl":"#9031","stroke-opacity":1,"stroke":"#EC008C","stroke-width":4},"id":"9030"},{"type":"Feature","geometry":{"type":"LineString","coordinates":[[107.6306365,-6.921787,0],[107.6305761,-6.9219243,0]]},"properties":{"name":"Jalan Laswi","styleUrl":"#9035","stroke-opacity":1,"stroke":"#EC008C","stroke-width":4},"id":"9034"},{"type":"Feature","geometry":{"type":"LineString","coordinates":[[107.6314414,-6.9186602,0],[107.6311398,-6.9198103,0],[107.6310905,-6.9199961,0],[107.6310798,-6.9200365,0],[107.6310462,-6.9201628,0],[107.6308494,-6.9209038,0],[107.6307512,-6.9212738,0],[107.6306365,-6.921787,0]]},"properties":{"name":"Jalan Laswi","styleUrl":"#9039","stroke-opacity":1,"stroke":"#EC008C","stroke-width":4},"id":"9038"},{"type":"Feature","geometry":{"type":"LineString","coordinates":[[107.7529385,-6.9394875,0],[107.7528917,-6.9394393,0],[107.7528665,-6.939405,0],[107.752848,-6.9393592,0],[107.7528383,-6.9393028,0],[107.7528389,-6.9392537,0],[107.7528454,-6.9392089,0],[107.7528588,-6.9391713,0],[107.7528851,-6.9391361,0]]},"properties":{"name":"Route Segment","styleUrl":"#9043","stroke-opacity":1,"stroke":"#EC008C","stroke-width":4},"id":"9042"},{"type":"Feature","geometry":{"type":"LineString","coordinates":[[107.6240011,-6.9634006,0],[107.6242839,-6.9634978,0]]},"properties":{"name":"Jalan Tol Padalarang–Cileunyi","styleUrl":"#9047","stroke-opacity":1,"stroke":"#EC008C","stroke-width":4},"id":"9046"},{"type":"Feature","geometry":{"type":"LineString","coordinates":[[107.6242839,-6.9634978,0],[107.6253366,-6.963833,0],[107.6258435,-6.9639721,0],[107.626347,-6.9640978,0],[107.6267896,-6.9641948,0],[107.6271874,-6.9642858,0],[107.627711,-6.9643758,0],[107.6282532,-6.9644618,0],[107.6286813,-6.9645136,0],[107.6293116,-6.9645915,0],[107.629938,-6.9646675,0]]},"properties":{"name":"Jalan Tol Padalarang–Cileunyi","styleUrl":"#9051","stroke-opacity":1,"stroke":"#EC008C","stroke-width":4},"id":"9050"},{"type":"Feature","geometry":{"type":"LineString","coordinates":[[107.6108289,-6.956309,0],[107.6106066,-6.9564192,0],[107.6105951,-6.9564249,0],[107.6101198,-6.9566866,0]]},"properties":{"name":"Route Segment","styleUrl":"#9055","stroke-opacity":1,"stroke":"#EC008C","stroke-width":4},"id":"9054"},{"type":"Feature","geometry":{"type":"LineString","coordinates":[[107.6097904,-6.9568141,0],[107.6094291,-6.9568824,0],[107.6090911,-6.9569245,0],[107.6085312,-6.9569907,0]]},"properties":{"name":"Route Segment","styleUrl":"#9059","stroke-opacity":1,"stroke":"#EC008C","stroke-width":4},"id":"9058"},{"type":"Feature","geometry":{"type":"LineString","coordinates":[[107.6101198,-6.9566866,0],[107.6098531,-6.956786,0],[107.6097904,-6.9568141,0]]},"properties":{"name":"Route Segment","styleUrl":"#9063","stroke-opacity":1,"stroke":"#EC008C","stroke-width":4},"id":"9062"},{"type":"Feature","geometry":{"type":"LineString","coordinates":[[107.730105,-6.9541849,0],[107.7328205,-6.9527237,0],[107.7394411,-6.9491034,0],[107.7398865,-6.9488629,0],[107.7408358,-6.9483505,0],[107.7429104,-6.9472221,0],[107.7447624,-6.9463008,0],[107.7464588,-6.9455793,0]]},"properties":{"name":"Jalan Tol Padalarang–Cileunyi","styleUrl":"#9067","stroke-opacity":1,"stroke":"#EC008C","stroke-width":4},"id":"9066"},{"type":"Feature","geometry":{"type":"LineString","coordinates":[[107.7464588,-6.9455793,0],[107.7466437,-6.9454658,0],[107.7468001,-6.9453773,0],[107.7470107,-6.9452678,0],[107.7473345,-6.9451187,0],[107.7482395,-6.9446799,0]]},"properties":{"name":"Simpang Susun Cileunyi","styleUrl":"#9071","stroke-opacity":1,"stroke":"#EC008C","stroke-width":4},"id":"9070"},{"type":"Feature","geometry":{"type":"LineString","coordinates":[[107.7007549,-6.9688011,0],[107.70103,-6.9687285,0]]},"properties":{"name":"Jalan Tol Padalarang–Cileunyi","styleUrl":"#9075","stroke-opacity":1,"stroke":"#EC008C","stroke-width":4},"id":"9074"},{"type":"Feature","geometry":{"type":"LineString","coordinates":[[107.70103,-6.9687285,0],[107.7018043,-6.9685122,0],[107.7020499,-6.9684354,0],[107.7031454,-6.9680792,0],[107.7039354,-6.9677807,0],[107.7044746,-6.9675629,0]]},"properties":{"name":"Jalan Tol Padalarang–Cileunyi","styleUrl":"#9079","stroke-opacity":1,"stroke":"#EC008C","stroke-width":4},"id":"9078"},{"type":"Feature","geometry":{"type":"LineString","coordinates":[[107.6419915,-6.9658012,0],[107.6428065,-6.9656857,0]]},"properties":{"name":"Jalan Tol Padalarang–Cileunyi","styleUrl":"#9083","stroke-opacity":1,"stroke":"#EC008C","stroke-width":4},"id":"9082"},{"type":"Feature","geometry":{"type":"LineString","coordinates":[[107.6383542,-6.9657306,0],[107.6397387,-6.9658628,0],[107.6408974,-6.9658788,0],[107.6415324,-6.9658455,0],[107.6419915,-6.9658012,0]]},"properties":{"name":"Jalan Tol Padalarang–Cileunyi","styleUrl":"#9087","stroke-opacity":1,"stroke":"#EC008C","stroke-width":4},"id":"9086"},{"type":"Feature","geometry":{"type":"LineString","coordinates":[[107.7573864,-6.937727,0],[107.757483,-6.9377149,0]]},"properties":{"name":"Jalan Raya Jatinangor","styleUrl":"#9091","stroke-opacity":1,"stroke":"#EC008C","stroke-width":4},"id":"9090"},{"type":"Feature","geometry":{"type":"LineString","coordinates":[[107.7565469,-6.9378853,0],[107.7570266,-6.9377907,0],[107.7573864,-6.937727,0]]},"properties":{"name":"Jalan Raya Jatinangor","styleUrl":"#9095","stroke-opacity":1,"stroke":"#EC008C","stroke-width":4},"id":"9094"},{"type":"Feature","geometry":{"type":"LineString","coordinates":[[107.6236477,-6.9361789,0],[107.6235824,-6.9362369,0],[107.6235086,-6.9363093,0],[107.6231803,-6.9366396,0],[107.6229766,-6.9368169,0]]},"properties":{"name":"Jalan Pelajar Pejuang 45","styleUrl":"#9099","stroke-opacity":1,"stroke":"#EC008C","stroke-width":4},"id":"9098"},{"type":"Feature","geometry":{"type":"LineString","coordinates":[[107.7675131,-6.9348887,0],[107.7675751,-6.9347793,0],[107.7676277,-6.934685,0],[107.767735,-6.9344928,0],[107.7678125,-6.9344095,0],[107.7678271,-6.9343939,0],[107.7679063,-6.934321,0],[107.7681579,-6.9342545,0],[107.7684973,-6.9341574,0],[107.768833,-6.9340581,0],[107.7696761,-6.9338458,0],[107.7703987,-6.9336234,0],[107.7708274,-6.9334914,0],[107.7709455,-6.9334391,0],[107.7713808,-6.9332463,0],[107.7714431,-6.9332174,0],[107.7717685,-6.9330746,0],[107.7718032,-6.9330569,0],[107.7719379,-6.9329884,0],[107.7721153,-6.9329191,0],[107.7721536,-6.9329079,0],[107.7722148,-6.9328822,0]]},"properties":{"name":"Jalan Raya Jatinangor","styleUrl":"#9103","stroke-opacity":1,"stroke":"#EC008C","stroke-width":4},"id":"9102"},{"type":"Feature","geometry":{"type":"LineString","coordinates":[[107.6301738,-6.9159696,0],[107.6307277,-6.917074,0],[107.631021,-6.9176755,0]]},"properties":{"name":"Jalan Laswi","styleUrl":"#9107","stroke-opacity":1,"stroke":"#EC008C","stroke-width":4},"id":"9106"},{"type":"Feature","geometry":{"type":"LineString","coordinates":[[107.6277593,-6.9094173,0],[107.6277374,-6.9094385,0],[107.6277185,-6.9094567,0],[107.6274553,-6.9097114,0]]},"properties":{"name":"Jalan Cendana","styleUrl":"#9111","stroke-opacity":1,"stroke":"#EC008C","stroke-width":4},"id":"9110"},{"type":"Feature","geometry":{"type":"LineString","coordinates":[[107.6095322,-6.9486416,0],[107.6094437,-6.9483822,0]]},"properties":{"name":"Jalan Mohammad Toha","styleUrl":"#9115","stroke-opacity":1,"stroke":"#EC008C","stroke-width":4},"id":"9114"},{"type":"Feature","geometry":{"type":"LineString","coordinates":[[107.609996,-6.9500355,0],[107.6098084,-6.9494703,0],[107.6097027,-6.9491518,0],[107.6096343,-6.9489457,0],[107.6095822,-6.9487887,0],[107.6095322,-6.9486416,0]]},"properties":{"name":"Jalan Mohammad Toha","styleUrl":"#9119","stroke-opacity":1,"stroke":"#EC008C","stroke-width":4},"id":"9118"},{"type":"Feature","geometry":{"type":"LineString","coordinates":[[107.631021,-6.9176755,0],[107.6313457,-6.9183624,0],[107.6314478,-6.9185784,0]]},"properties":{"name":"Jalan Laswi","styleUrl":"#9123","stroke-opacity":1,"stroke":"#EC008C","stroke-width":4},"id":"9122"},{"type":"Feature","geometry":{"type":"LineString","coordinates":[[107.7500827,-6.943838,0],[107.7501644,-6.9437736,0],[107.7502379,-6.9437034,0],[107.7503219,-6.9436003,0],[107.7503868,-6.9434949,0],[107.7504375,-6.9433927,0],[107.750497,-6.9432424,0],[107.7506748,-6.9427502,0],[107.750726,-6.9426504,0],[107.7508076,-6.9425196,0],[107.7509278,-6.9423953,0],[107.7510431,-6.9423266,0],[107.7511863,-6.9422715,0],[107.7513252,-6.9422468,0],[107.751485,-6.9422345,0],[107.7520438,-6.9422049,0],[107.7521489,-6.9422007,0],[107.7522465,-6.9421996,0],[107.7523906,-6.9422036,0]]},"properties":{"name":"Simpang Susun Cileunyi","styleUrl":"#9127","stroke-opacity":1,"stroke":"#EC008C","stroke-width":4},"id":"9126"},{"type":"Feature","geometry":{"type":"LineString","coordinates":[[107.7541065,-6.9418043,0],[107.754163,-6.9417663,0],[107.7542124,-6.941722,0],[107.7542539,-6.9416709,0],[107.7542888,-6.9416176,0],[107.7543165,-6.9415433,0],[107.7543297,-6.9414684,0],[107.7543261,-6.941382,0],[107.7543165,-6.9413312,0],[107.7542878,-6.9412663,0],[107.7542181,-6.9411235,0],[107.7541846,-6.9410603,0],[107.7540569,-6.9408199,0]]},"properties":{"name":"Simpang Susun Cileunyi","styleUrl":"#9131","stroke-opacity":1,"stroke":"#EC008C","stroke-width":4},"id":"9130"},{"type":"Feature","geometry":{"type":"LineString","coordinates":[[107.7482395,-6.9446799,0],[107.7485419,-6.9445421,0],[107.7489168,-6.9443776,0],[107.7496027,-6.9440818,0],[107.7497522,-6.9440159,0],[107.7498739,-6.9439583,0],[107.7499691,-6.9439075,0],[107.7500827,-6.943838,0]]},"properties":{"name":"Simpang Susun Cileunyi","styleUrl":"#9135","stroke-opacity":1,"stroke":"#EC008C","stroke-width":4},"id":"9134"},{"type":"Feature","geometry":{"type":"LineString","coordinates":[[107.6249276,-6.9010477,0],[107.6251186,-6.9010417,0],[107.6252333,-6.9010382,0]]},"properties":{"name":"Jalan Diponegoro","styleUrl":"#9139","stroke-opacity":1,"stroke":"#EC008C","stroke-width":4},"id":"9138"},{"type":"Feature","geometry":{"type":"LineString","coordinates":[[107.7526686,-6.9422553,0],[107.7529058,-6.9422841,0],[107.7529797,-6.9422849,0],[107.7530559,-6.9422836,0],[107.7531339,-6.942277,0],[107.7532371,-6.9422492,0],[107.7533072,-6.9422247,0],[107.7533786,-6.9421952,0],[107.7535068,-6.9421311,0],[107.7541065,-6.9418043,0]]},"properties":{"name":"Simpang Susun Cileunyi","styleUrl":"#9143","stroke-opacity":1,"stroke":"#EC008C","stroke-width":4},"id":"9142"},{"type":"Feature","geometry":{"type":"LineString","coordinates":[[107.6193457,-6.8993497,0],[107.6193483,-6.8994321,0]]},"properties":{"name":"Jalan Sentot Alibasyah","styleUrl":"#9147","stroke-opacity":1,"stroke":"#EC008C","stroke-width":4},"id":"9146"},{"type":"Feature","geometry":{"type":"LineString","coordinates":[[107.6272531,-6.9263701,0],[107.6272658,-6.9263152,0]]},"properties":{"name":"Jalan Layang Laswi - Pelajar Pejuang 45","styleUrl":"#9151","stroke-opacity":1,"stroke":"#EC008C","stroke-width":4},"id":"9150"},{"type":"Feature","geometry":{"type":"LineString","coordinates":[[107.6272531,-6.9263701,0],[107.627255,-6.9266332,0]]},"properties":{"name":"Jalan Layang Laswi - Pelajar Pejuang 45","styleUrl":"#9155","stroke-opacity":1,"stroke":"#EC008C","stroke-width":4},"id":"9154"},{"type":"Feature","geometry":{"type":"LineString","coordinates":[[107.6293885,-6.9081299,0],[107.6293346,-6.9081101,0],[107.6292995,-6.9081037,0],[107.6292676,-6.9081042,0],[107.6292361,-6.9081084,0],[107.6291731,-6.9081286,0]]},"properties":{"name":"Jalan Cendana","styleUrl":"#9159","stroke-opacity":1,"stroke":"#EC008C","stroke-width":4},"id":"9158"},{"type":"Feature","geometry":{"type":"LineString","coordinates":[[107.6155865,-6.8969383,0],[107.616019,-6.8975661,0]]},"properties":{"name":"Jalan Penata Yudha","styleUrl":"#9163","stroke-opacity":1,"stroke":"#EC008C","stroke-width":4},"id":"9162"},{"type":"Feature","geometry":{"type":"LineString","coordinates":[[107.6094101,-6.9482727,0],[107.6093038,-6.9479813,0]]},"properties":{"name":"Jalan Mohammad Toha","styleUrl":"#9167","stroke-opacity":1,"stroke":"#EC008C","stroke-width":4},"id":"9166"},{"type":"Feature","geometry":{"type":"LineString","coordinates":[[107.628628,-6.9230919,0],[107.6286681,-6.9230526,0]]},"properties":{"name":"Jalan Layang Laswi - Pelajar Pejuang 45","styleUrl":"#9171","stroke-opacity":1,"stroke":"#EC008C","stroke-width":4},"id":"9170"},{"type":"Feature","geometry":{"type":"LineString","coordinates":[[107.6288476,-6.9230097,0],[107.6286681,-6.9230526,0]]},"properties":{"name":"Jalan Layang Laswi - Pelajar Pejuang 45","styleUrl":"#9175","stroke-opacity":1,"stroke":"#EC008C","stroke-width":4},"id":"9174"},{"type":"Feature","geometry":{"type":"LineString","coordinates":[[107.6277893,-6.9093251,0],[107.6277593,-6.9094173,0]]},"properties":{"name":"Jalan Cendana","styleUrl":"#9179","stroke-opacity":1,"stroke":"#EC008C","stroke-width":4},"id":"9178"},{"type":"Feature","geometry":{"type":"LineString","coordinates":[[107.6292923,-6.9227879,0],[107.6291685,-6.9228503,0],[107.628989,-6.9229361,0],[107.6288476,-6.9230097,0]]},"properties":{"name":"Jalan Laswi","styleUrl":"#9183","stroke-opacity":1,"stroke":"#EC008C","stroke-width":4},"id":"9182"},{"type":"Feature","geometry":{"type":"LineString","coordinates":[[107.6305761,-6.9219243,0],[107.6305225,-6.9220301,0],[107.6304603,-6.92214,0],[107.6303771,-6.9222199,0],[107.6302684,-6.9222995,0],[107.6301928,-6.9223398,0],[107.6295282,-6.9226745,0],[107.6292923,-6.9227879,0]]},"properties":{"name":"Jalan Laswi","styleUrl":"#9187","stroke-opacity":1,"stroke":"#EC008C","stroke-width":4},"id":"9186"},{"type":"Feature","geometry":{"type":"LineString","coordinates":[[107.629671,-6.9148582,0],[107.6299139,-6.9154306,0]]},"properties":{"name":"Jalan L.L. RE. Martadinata","styleUrl":"#9191","stroke-opacity":1,"stroke":"#EC008C","stroke-width":4},"id":"9190"},{"type":"Feature","geometry":{"type":"LineString","coordinates":[[107.6086585,-6.9611877,0],[107.6090755,-6.9611618,0]]},"properties":{"name":"Route Segment","styleUrl":"#9195","stroke-opacity":1,"stroke":"#EC008C","stroke-width":4},"id":"9194"},{"type":"Feature","geometry":{"type":"LineString","coordinates":[[107.6080064,-6.9612283,0],[107.6086585,-6.9611877,0]]},"properties":{"name":"Simpang Susun Mohammad Toha","styleUrl":"#9199","stroke-opacity":1,"stroke":"#EC008C","stroke-width":4},"id":"9198"},{"type":"Feature","geometry":{"type":"LineString","coordinates":[[107.6090755,-6.9611618,0],[107.6094898,-6.9611361,0],[107.6098249,-6.9611724,0]]},"properties":{"name":"Route Segment","styleUrl":"#9203","stroke-opacity":1,"stroke":"#EC008C","stroke-width":4},"id":"9202"},{"type":"Feature","geometry":{"type":"LineString","coordinates":[[107.6099479,-6.9377367,0],[107.6093092,-6.9377139,0],[107.6092855,-6.9377131,0],[107.6091524,-6.9377062,0]]},"properties":{"name":"Jalan BKR","styleUrl":"#9207","stroke-opacity":1,"stroke":"#EC008C","stroke-width":4},"id":"9206"},{"type":"Feature","geometry":{"type":"LineString","coordinates":[[107.627255,-6.9266332,0],[107.6271945,-6.9268751,0],[107.6270688,-6.9273448,0]]},"properties":{"name":"Jalan Pelajar Pejuang 45","styleUrl":"#9211","stroke-opacity":1,"stroke":"#EC008C","stroke-width":4},"id":"9210"},{"type":"Feature","geometry":{"type":"LineString","coordinates":[[107.6270688,-6.9273448,0],[107.627064,-6.9273638,0],[107.6265339,-6.9294495,0],[107.6265262,-6.92948,0],[107.6265152,-6.9295231,0]]},"properties":{"name":"Jalan Pelajar Pejuang 45","styleUrl":"#9215","stroke-opacity":1,"stroke":"#EC008C","stroke-width":4},"id":"9214"},{"type":"Feature","geometry":{"type":"LineString","coordinates":[[107.625745,-6.9326113,0],[107.625725,-6.9326898,0],[107.6256828,-6.9328555,0],[107.6255654,-6.9333784,0],[107.6255287,-6.9335306,0]]},"properties":{"name":"Jalan Pelajar Pejuang 45","styleUrl":"#9219","stroke-opacity":1,"stroke":"#EC008C","stroke-width":4},"id":"9218"},{"type":"Feature","geometry":{"type":"LineString","coordinates":[[107.6227837,-6.9369651,0],[107.6227463,-6.9369955,0]]},"properties":{"name":"Jalan Pelajar Pejuang 45","styleUrl":"#9223","stroke-opacity":1,"stroke":"#EC008C","stroke-width":4},"id":"9222"},{"type":"Feature","geometry":{"type":"LineString","coordinates":[[107.772336,-6.9327185,0],[107.7723704,-6.9326766,0],[107.7724642,-6.9326029,0],[107.7731967,-6.9323151,0],[107.7732376,-6.932299,0]]},"properties":{"name":"Pangkalan DAMRI Jatinangor","styleUrl":"#9227","stroke-opacity":1,"stroke":"#EC008C","stroke-width":4},"id":"9226"},{"type":"Feature","geometry":{"type":"LineString","coordinates":[[107.6204529,-6.9619211,0],[107.6224734,-6.9628093,0],[107.6231866,-6.9631092,0],[107.6240011,-6.9634006,0]]},"properties":{"name":"Jalan Tol Padalarang–Cileunyi","styleUrl":"#9231","stroke-opacity":1,"stroke":"#EC008C","stroke-width":4},"id":"9230"},{"type":"Feature","geometry":{"type":"LineString","coordinates":[[107.629938,-6.9646675,0],[107.6371405,-6.9655837,0],[107.6376642,-6.9656491,0]]},"properties":{"name":"Jalan Tol Padalarang–Cileunyi","styleUrl":"#9235","stroke-opacity":1,"stroke":"#EC008C","stroke-width":4},"id":"9234"},{"type":"Feature","geometry":{"type":"LineString","coordinates":[[107.6300714,-6.9157678,0],[107.6301117,-6.9158472,0],[107.6301738,-6.9159696,0]]},"properties":{"name":"Jalan Laswi","styleUrl":"#9239","stroke-opacity":1,"stroke":"#EC008C","stroke-width":4},"id":"9238"},{"type":"Feature","geometry":{"type":"LineString","coordinates":[[107.6257675,-6.932523,0],[107.625745,-6.9326113,0]]},"properties":{"name":"Jalan Pelajar Pejuang 45","styleUrl":"#9243","stroke-opacity":1,"stroke":"#EC008C","stroke-width":4},"id":"9242"},{"type":"Feature","geometry":{"type":"LineString","coordinates":[[107.6272658,-6.9263152,0],[107.6276211,-6.9249504,0],[107.6278169,-6.9242262,0],[107.6279175,-6.923876,0],[107.6280744,-6.9236071,0],[107.628234,-6.9234154,0],[107.6285505,-6.9231465,0],[107.628628,-6.9230919,0]]},"properties":{"name":"Jalan Layang Laswi - Pelajar Pejuang 45","styleUrl":"#9247","stroke-opacity":1,"stroke":"#EC008C","stroke-width":4},"id":"9246"},{"type":"Feature","geometry":{"type":"LineString","coordinates":[[107.6229766,-6.9368169,0],[107.6228382,-6.9369209,0]]},"properties":{"name":"Jalan Pelajar Pejuang 45","styleUrl":"#9251","stroke-opacity":1,"stroke":"#EC008C","stroke-width":4},"id":"9250"},{"type":"Feature","geometry":{"type":"LineString","coordinates":[[107.6265152,-6.9295231,0],[107.6265047,-6.9295649,0],[107.6261794,-6.9308642,0],[107.6261515,-6.9309754,0]]},"properties":{"name":"Jalan Pelajar Pejuang 45","styleUrl":"#9255","stroke-opacity":1,"stroke":"#EC008C","stroke-width":4},"id":"9254"},{"type":"Feature","geometry":{"type":"LineString","coordinates":[[107.6138239,-6.9378694,0],[107.6132552,-6.9378454,0],[107.6128951,-6.9378373,0],[107.6128117,-6.9378367,0],[107.612765,-6.9378378,0]]},"properties":{"name":"Jalan BKR","styleUrl":"#9259","stroke-opacity":1,"stroke":"#EC008C","stroke-width":4},"id":"9258"},{"type":"Feature","geometry":{"type":"LineString","coordinates":[[107.6076477,-6.9431556,0],[107.6075689,-6.9429228,0],[107.6074989,-6.9427159,0],[107.6074151,-6.942468,0],[107.6074044,-6.9424365,0],[107.6073267,-6.9422067,0],[107.6072871,-6.9420857,0],[107.6072103,-6.9418515,0],[107.6071736,-6.9417393,0],[107.606932,-6.9410019,0],[107.6068982,-6.9408986,0],[107.6067904,-6.9405695,0],[107.6067424,-6.9404231,0],[107.6066617,-6.9401765,0],[107.6066129,-6.9400276,0],[107.6065833,-6.9399373,0],[107.6065081,-6.9397106,0],[107.6064373,-6.939497,0],[107.6063207,-6.9391297,0],[107.6063015,-6.9390693,0],[107.6062885,-6.939027,0],[107.6062755,-6.9389847,0],[107.6062595,-6.9389365,0],[107.6062399,-6.9388618,0],[107.6062007,-6.9387072,0],[107.6061889,-6.9386548,0],[107.6061828,-6.9385203,0],[107.6061749,-6.938344,0]]},"properties":{"name":"Jalan Mohammad Toha","styleUrl":"#9263","stroke-opacity":1,"stroke":"#EC008C","stroke-width":4},"id":"9262"},{"type":"Feature","geometry":{"type":"LineString","coordinates":[[107.619419,-6.9011883,0],[107.6195383,-6.9011835,0],[107.6199195,-6.9011743,0]]},"properties":{"name":"Jalan Diponegoro","styleUrl":"#9267","stroke-opacity":1,"stroke":"#EC008C","stroke-width":4},"id":"9266"},{"type":"Feature","geometry":{"type":"LineString","coordinates":[[107.6252333,-6.9010382,0],[107.625303,-6.901036,0],[107.6253638,-6.9010341,0]]},"properties":{"name":"Jalan Diponegoro","styleUrl":"#9271","stroke-opacity":1,"stroke":"#EC008C","stroke-width":4},"id":"9270"},{"type":"Feature","geometry":{"type":"LineString","coordinates":[[107.6227463,-6.9369955,0],[107.6226977,-6.937034,0],[107.6225805,-6.9371274,0]]},"properties":{"name":"Jalan BKR","styleUrl":"#9275","stroke-opacity":1,"stroke":"#EC008C","stroke-width":4},"id":"9274"},{"type":"Feature","geometry":{"type":"LineString","coordinates":[[107.6161352,-6.898308,0],[107.6160286,-6.8989397,0]]},"properties":{"name":"Jalan Penata Yudha","styleUrl":"#9279","stroke-opacity":1,"stroke":"#EC008C","stroke-width":4},"id":"9278"},{"type":"Feature","geometry":{"type":"LineString","coordinates":[[107.6091524,-6.9377062,0],[107.6090371,-6.9377023,0]]},"properties":{"name":"Jalan BKR","styleUrl":"#9283","stroke-opacity":1,"stroke":"#EC008C","stroke-width":4},"id":"9282"},{"type":"Feature","geometry":{"type":"LineString","coordinates":[[107.6314478,-6.9185784,0],[107.6314414,-6.9186602,0]]},"properties":{"name":"Jalan Laswi","styleUrl":"#9287","stroke-opacity":1,"stroke":"#EC008C","stroke-width":4},"id":"9286"},{"type":"Feature","geometry":{"type":"LineString","coordinates":[[107.6093038,-6.9479813,0],[107.6092951,-6.9479579,0],[107.6092415,-6.9478107,0],[107.6091943,-6.9476776,0],[107.6091509,-6.9475613,0],[107.6090997,-6.9474124,0],[107.6090862,-6.9473728,0],[107.6090786,-6.9473503,0],[107.6089872,-6.9470817,0],[107.6087733,-6.946453,0],[107.6086954,-6.946224,0],[107.6086676,-6.9461425,0]]},"properties":{"name":"Jalan Mohammad Toha","styleUrl":"#9291","stroke-opacity":1,"stroke":"#EC008C","stroke-width":4},"id":"9290"},{"type":"Feature","geometry":{"type":"LineString","coordinates":[[107.6085312,-6.9569907,0],[107.6081813,-6.9571073,0],[107.6077749,-6.9572641,0],[107.6075633,-6.9573828,0],[107.607347,-6.9575274,0],[107.6071385,-6.9576995,0],[107.6069192,-6.9579126,0],[107.606703,-6.9581866,0],[107.6065542,-6.9584225,0],[107.6064008,-6.9587544,0],[107.6063119,-6.9590451,0],[107.6062444,-6.9594034,0]]},"properties":{"name":"Route Segment","styleUrl":"#9295","stroke-opacity":1,"stroke":"#EC008C","stroke-width":4},"id":"9294"},{"type":"Feature","geometry":{"type":"LineString","coordinates":[[107.6119023,-6.955933,0],[107.6116445,-6.9560155,0],[107.6115943,-6.9560327,0],[107.6110917,-6.9561978,0],[107.6109823,-6.9562337,0]]},"properties":{"name":"Route Segment","styleUrl":"#9299","stroke-opacity":1,"stroke":"#EC008C","stroke-width":4},"id":"9298"},{"type":"Feature","geometry":{"type":"LineString","coordinates":[[107.6119014,-6.955675,0],[107.611923,-6.9557408,0],[107.6119415,-6.9557973,0]]},"properties":{"name":"Jalan Mohammad Toha","styleUrl":"#9303","stroke-opacity":1,"stroke":"#EC008C","stroke-width":4},"id":"9302"},{"type":"Feature","geometry":{"type":"LineString","coordinates":[[107.6118897,-6.9556394,0],[107.6119014,-6.955675,0]]},"properties":{"name":"Jalan Mohammad Toha","styleUrl":"#9307","stroke-opacity":1,"stroke":"#EC008C","stroke-width":4},"id":"9306"},{"type":"Feature","geometry":{"type":"LineString","coordinates":[[107.6119415,-6.9557973,0],[107.6119773,-6.9559046,0]]},"properties":{"name":"Jalan Mohammad Toha","styleUrl":"#9311","stroke-opacity":1,"stroke":"#EC008C","stroke-width":4},"id":"9310"},{"type":"Feature","geometry":{"type":"LineString","coordinates":[[107.7722148,-6.9328822,0],[107.7722997,-6.9327627,0],[107.772336,-6.9327185,0]]},"properties":{"name":"Pangkalan DAMRI Jatinangor","styleUrl":"#9315","stroke-opacity":1,"stroke":"#EC008C","stroke-width":4},"id":"9314"},{"type":"Feature","geometry":{"type":"LineString","coordinates":[[107.7540569,-6.9408199,0],[107.7538374,-6.9405922,0],[107.753818,-6.940561,0],[107.7537775,-6.9405013,0],[107.7537453,-6.9404081,0]]},"properties":{"name":"Route Segment","styleUrl":"#9319","stroke-opacity":1,"stroke":"#EC008C","stroke-width":4},"id":"9318"},{"type":"Feature","geometry":{"type":"LineString","coordinates":[[107.7523906,-6.9422036,0],[107.7524946,-6.9422111,0],[107.7525451,-6.9422183,0],[107.7525975,-6.9422299,0],[107.7526686,-6.9422553,0]]},"properties":{"name":"Simpang Susun Cileunyi","styleUrl":"#9323","stroke-opacity":1,"stroke":"#EC008C","stroke-width":4},"id":"9322"},{"type":"Feature","geometry":{"type":"LineString","coordinates":[[107.6193483,-6.8994321,0],[107.6193491,-6.8994587,0],[107.6193536,-6.8995642,0]]},"properties":{"name":"Jalan Sentot Alibasyah","styleUrl":"#9327","stroke-opacity":1,"stroke":"#EC008C","stroke-width":4},"id":"9326"},{"type":"Feature","geometry":{"type":"Point","coordinates":[107.609811,-6.916445,0]},"properties":{"name":"Lembong","styleUrl":"#5896","icon-scale":1,"icon":"http://maps.google.com/mapfiles/kml/pushpin/ylw-pushpin.png"},"id":"5895"},{"type":"Feature","geometry":{"type":"Point","coordinates":[107.5028237,-6.8629469,0]},"properties":{"name":"RS Karisma Cimareme A","styleUrl":"#5901","icon-scale":1,"icon":"http://maps.google.com/mapfiles/kml/pushpin/ylw-pushpin.png"},"id":"5900"},{"type":"Feature","geometry":{"type":"Point","coordinates":[107.5098225,-6.8633262,0]},"properties":{"name":"RS IMC A","styleUrl":"#5906","icon-scale":1,"icon":"http://maps.google.com/mapfiles/kml/pushpin/ylw-pushpin.png"},"id":"5905"},{"type":"Feature","geometry":{"type":"Point","coordinates":[107.5190095,-6.8675906,0]},"properties":{"name":"Masjid Ar Ridwan A","styleUrl":"#5911","icon-scale":1,"icon":"http://maps.google.com/mapfiles/kml/pushpin/ylw-pushpin.png"},"id":"5910"},{"type":"Feature","geometry":{"type":"Point","coordinates":[107.5442734,-6.8748788,0]},"properties":{"name":"BRI Cimahi","styleUrl":"#5916","icon-scale":1,"icon":"http://maps.google.com/mapfiles/kml/pushpin/ylw-pushpin.png"},"id":"5915"},{"type":"Feature","geometry":{"type":"Point","coordinates":[107.4962927,-6.8423604,0]},"properties":{"name":"Stasiun Kereta Cepat Padalarang","styleUrl":"#5921","icon-scale":1,"icon":"http://maps.google.com/mapfiles/kml/pushpin/ylw-pushpin.png"},"id":"5920"},{"type":"Feature","geometry":{"type":"Point","coordinates":[107.6071455,-6.9211653,0]},"properties":{"name":"Alun-Alun Bandung","styleUrl":"#5926","icon-scale":1,"icon":"http://maps.google.com/mapfiles/kml/pushpin/ylw-pushpin.png"},"id":"5925"},{"type":"Feature","geometry":{"type":"Point","coordinates":[107.5701462,-6.9109306,0]},"properties":{"name":"Rajawali Barat","styleUrl":"#5931","icon-scale":1,"icon":"http://maps.google.com/mapfiles/kml/pushpin/ylw-pushpin.png"},"id":"5930"},{"type":"Feature","geometry":{"type":"Point","coordinates":[107.5753653,-6.9129722,0]},"properties":{"name":"Plaza Telkom Rajawali","styleUrl":"#5936","icon-scale":1,"icon":"http://maps.google.com/mapfiles/kml/pushpin/ylw-pushpin.png"},"id":"5935"},{"type":"Feature","geometry":{"type":"Point","coordinates":[107.607935,-6.9140241,0]},"properties":{"name":"Perintis Kemerdekaan","styleUrl":"#5941","icon-scale":1,"icon":"http://maps.google.com/mapfiles/kml/pushpin/ylw-pushpin.png"},"id":"5940"},{"type":"Feature","geometry":{"type":"Point","coordinates":[107.5781901,-6.9137773,0]},"properties":{"name":"Rajawali 1","styleUrl":"#5946","icon-scale":1,"icon":"http://maps.google.com/mapfiles/kml/pushpin/ylw-pushpin.png"},"id":"5945"},{"type":"Feature","geometry":{"type":"Point","coordinates":[107.5828928,-6.9149105,0]},"properties":{"name":"Dunguscariang","styleUrl":"#5951","icon-scale":1,"icon":"http://maps.google.com/mapfiles/kml/pushpin/ylw-pushpin.png"},"id":"5950"},{"type":"Feature","geometry":{"type":"Point","coordinates":[107.5917121,-6.9165436,0]},"properties":{"name":"SMA Trinitas","styleUrl":"#5956","icon-scale":1,"icon":"http://maps.google.com/mapfiles/kml/pushpin/ylw-pushpin.png"},"id":"5955"},{"type":"Feature","geometry":{"type":"Point","coordinates":[107.5966005,-6.9163694,0]},"properties":{"name":"Rumah Sakit Kebon Jati","styleUrl":"#5961","icon-scale":1,"icon":"http://maps.google.com/mapfiles/kml/pushpin/ylw-pushpin.png"},"id":"5960"},{"type":"Feature","geometry":{"type":"Point","coordinates":[107.599627,-6.9162422,0]},"properties":{"name":"SMA Pasundan","styleUrl":"#5966","icon-scale":1,"icon":"http://maps.google.com/mapfiles/kml/pushpin/ylw-pushpin.png"},"id":"5965"},{"type":"Feature","geometry":{"type":"Point","coordinates":[107.4986651,-6.8573652,0]},"properties":{"name":"STEI LPPM A","styleUrl":"#5971","icon-scale":1,"icon":"http://maps.google.com/mapfiles/kml/pushpin/ylw-pushpin.png"},"id":"5970"},{"type":"Feature","geometry":{"type":"Point","coordinates":[107.5263898,-6.8685422,0]},"properties":{"name":"Padasuka Indah A","styleUrl":"#5976","icon-scale":1,"icon":"http://maps.google.com/mapfiles/kml/pushpin/ylw-pushpin.png"},"id":"5975"},{"type":"Feature","geometry":{"type":"Point","coordinates":[107.5319386,-6.8688013,0]},"properties":{"name":"Ranca Belut A","styleUrl":"#5981","icon-scale":1,"icon":"http://maps.google.com/mapfiles/kml/pushpin/ylw-pushpin.png"},"id":"5980"},{"type":"Feature","geometry":{"type":"Point","coordinates":[107.5363908,-6.8704221,0]},"properties":{"name":"PLN Cisangkan A","styleUrl":"#5986","icon-scale":1,"icon":"http://maps.google.com/mapfiles/kml/pushpin/ylw-pushpin.png"},"id":"5985"},{"type":"Feature","geometry":{"type":"Point","coordinates":[107.5503819,-6.8797123,0]},"properties":{"name":"RSUD Cibabat A","styleUrl":"#5991","icon-scale":1,"icon":"http://maps.google.com/mapfiles/kml/pushpin/ylw-pushpin.png"},"id":"5990"},{"type":"Feature","geometry":{"type":"Point","coordinates":[107.5542851,-6.8859958,0]},"properties":{"name":"Dinas Sosial","styleUrl":"#5996","icon-scale":1,"icon":"http://maps.google.com/mapfiles/kml/pushpin/ylw-pushpin.png"},"id":"5995"},{"type":"Feature","geometry":{"type":"Point","coordinates":[107.5580359,-6.8921818,0]},"properties":{"name":"Jalan Budi","styleUrl":"#6001","icon-scale":1,"icon":"http://maps.google.com/mapfiles/kml/pushpin/ylw-pushpin.png"},"id":"6000"},{"type":"Feature","geometry":{"type":"Point","coordinates":[107.5648032,-6.9033346,0]},"properties":{"name":"SMAN 13 Bandung A","styleUrl":"#6006","icon-scale":1,"icon":"http://maps.google.com/mapfiles/kml/pushpin/ylw-pushpin.png"},"id":"6005"},{"type":"Feature","geometry":{"type":"Point","coordinates":[107.5663258,-6.905851,0]},"properties":{"name":"Paledang","styleUrl":"#6011","icon-scale":1,"icon":"http://maps.google.com/mapfiles/kml/pushpin/ylw-pushpin.png"},"id":"6010"},{"type":"Feature","geometry":{"type":"Point","coordinates":[107.4668097,-6.8663512,0]},"properties":{"name":"IKEA Kota Baru Parahyangan","styleUrl":"#6016","icon-scale":1,"icon":"http://maps.google.com/mapfiles/kml/pushpin/ylw-pushpin.png"},"id":"6015"},{"type":"Feature","geometry":{"type":"Point","coordinates":[107.4712124,-6.8663744,0]},"properties":{"name":"Parahyangan Timur","styleUrl":"#6021","icon-scale":1,"icon":"http://maps.google.com/mapfiles/kml/pushpin/ylw-pushpin.png"},"id":"6020"},{"type":"Feature","geometry":{"type":"Point","coordinates":[107.4734039,-6.8665328,0]},"properties":{"name":"Rumah Sakit Cahaya Kawaluyaan","styleUrl":"#6026","icon-scale":1,"icon":"http://maps.google.com/mapfiles/kml/pushpin/ylw-pushpin.png"},"id":"6025"},{"type":"Feature","geometry":{"type":"Point","coordinates":[107.4783521,-6.8648529,0]},"properties":{"name":"Masjid Al Irsyad","styleUrl":"#6031","icon-scale":1,"icon":"http://maps.google.com/mapfiles/kml/pushpin/ylw-pushpin.png"},"id":"6030"},{"type":"Feature","geometry":{"type":"Point","coordinates":[107.4805786,-6.8619949,0]},"properties":{"name":"Tatar Wangsakerta A","styleUrl":"#6036","icon-scale":1,"icon":"http://maps.google.com/mapfiles/kml/pushpin/ylw-pushpin.png"},"id":"6035"},{"type":"Feature","geometry":{"type":"Point","coordinates":[107.4897438,-6.8568342,0]},"properties":{"name":"Bale Pare A","styleUrl":"#6041","icon-scale":1,"icon":"http://maps.google.com/mapfiles/kml/pushpin/ylw-pushpin.png"},"id":"6040"},{"type":"Feature","geometry":{"type":"Point","coordinates":[107.4654195,-6.8655811,0]},"properties":{"name":"Wahoo Waterworld","styleUrl":"#6046","icon-scale":1,"icon":"http://maps.google.com/mapfiles/kml/pushpin/ylw-pushpin.png"},"id":"6045"},{"type":"Feature","geometry":{"type":"LineString","coordinates":[[107.6092086,-6.9161842,0],[107.6092295,-6.9161907,0],[107.6094526,-6.9162909,0],[107.6097121,-6.9164037,0],[107.609811,-6.916445,0],[107.6099117,-6.9164912,0],[107.610072,-6.9165602,0]]},"properties":{"name":"Jalan Lembong","styleUrl":"#6051","stroke-opacity":1,"stroke":"#ED1C24","stroke-width":4},"id":"6050"},{"type":"Feature","geometry":{"type":"LineString","coordinates":[[107.5983921,-6.91631,0],[107.5986452,-6.9162913,0],[107.5987499,-6.9162865,0],[107.5988546,-6.916282,0],[107.5991941,-6.9162673,0],[107.5995626,-6.9162453,0],[107.599627,-6.9162422,0],[107.6002509,-6.9162121,0],[107.600424,-6.9162116,0],[107.6005777,-6.9162099,0],[107.6016247,-6.9162094,0],[107.6019524,-6.9161976,0],[107.6022035,-6.9161755,0]]},"properties":{"name":"Jalan Kebon Jati","styleUrl":"#6055","stroke-opacity":1,"stroke":"#ED1C24","stroke-width":4},"id":"6054"},{"type":"Feature","geometry":{"type":"LineString","coordinates":[[107.5933422,-6.9164938,0],[107.5942457,-6.9164499,0],[107.5955023,-6.9164053,0],[107.5955245,-6.9164047,0],[107.5955809,-6.9164032,0],[107.5958327,-6.9163912,0],[107.5958562,-6.9163894,0]]},"properties":{"name":"Jalan Kebon Jati","styleUrl":"#6059","stroke-opacity":1,"stroke":"#ED1C24","stroke-width":4},"id":"6058"},{"type":"Feature","geometry":{"type":"LineString","coordinates":[[107.5758021,-6.913142,0],[107.5762053,-6.9133088,0],[107.5762519,-6.9133265,0],[107.5765322,-6.9134206,0],[107.5766744,-6.9134545,0],[107.5768473,-6.9134956,0],[107.5771173,-6.9135481,0],[107.5775341,-6.9136343,0],[107.5776073,-6.9136496,0]]},"properties":{"name":"Jalan Rajawali Timur","styleUrl":"#6063","stroke-opacity":1,"stroke":"#ED1C24","stroke-width":4},"id":"6062"},{"type":"Feature","geometry":{"type":"LineString","coordinates":[[107.6090123,-6.9139197,0],[107.6090098,-6.9140203,0],[107.6090062,-6.9141638,0],[107.6089951,-6.9144714,0],[107.608993,-6.9145426,0],[107.6089869,-6.9147562,0],[107.6089856,-6.9148401,0],[107.608978,-6.9151089,0],[107.6089778,-6.9151148,0],[107.6089766,-6.9151405,0],[107.6089755,-6.9151645,0],[107.6089744,-6.91522,0]]},"properties":{"name":"Jalan Braga","styleUrl":"#6067","stroke-opacity":1,"stroke":"#ED1C24","stroke-width":4},"id":"6066"},{"type":"Feature","geometry":{"type":"LineString","coordinates":[[107.6071931,-6.9145156,0],[107.6072105,-6.9144549,0],[107.6072378,-6.9143977,0],[107.6072741,-6.9143458,0],[107.6073185,-6.9143005,0]]},"properties":{"name":"Jalan Perintis Kemerdekaan","styleUrl":"#6071","stroke-opacity":1,"stroke":"#ED1C24","stroke-width":4},"id":"6070"},{"type":"Feature","geometry":{"type":"LineString","coordinates":[[107.6075641,-6.9142136,0],[107.6078626,-6.9140606,0],[107.607935,-6.9140241,0],[107.6079799,-6.9140014,0],[107.6081711,-6.9139136,0],[107.6082715,-6.9138902,0],[107.6089385,-6.9138394,0]]},"properties":{"name":"Jalan Perintis Kemerdekaan","styleUrl":"#6075","stroke-opacity":1,"stroke":"#ED1C24","stroke-width":4},"id":"6074"},{"type":"Feature","geometry":{"type":"LineString","coordinates":[[107.5690911,-6.9104213,0],[107.5691322,-6.9104701,0],[107.5691544,-6.910494,0],[107.5691885,-6.9105173,0],[107.569271,-6.9105673,0],[107.5693569,-6.9106219,0]]},"properties":{"name":"Jalan Rajawali Barat","styleUrl":"#6079","stroke-opacity":1,"stroke":"#ED1C24","stroke-width":4},"id":"6078"},{"type":"Feature","geometry":{"type":"LineString","coordinates":[[107.6045889,-6.9148224,0],[107.6045944,-6.9147921,0],[107.6046031,-6.9147807,0],[107.6046151,-6.914765,0],[107.6046317,-6.9147543,0],[107.6046427,-6.9147472,0],[107.6046716,-6.9147379,0],[107.6047205,-6.914736,0],[107.6064066,-6.9149399,0]]},"properties":{"name":"Jalan Stasiun Timur","styleUrl":"#6083","stroke-opacity":1,"stroke":"#ED1C24","stroke-width":4},"id":"6082"},{"type":"Feature","geometry":{"type":"LineString","coordinates":[[107.604546,-6.9153572,0],[107.6045814,-6.9149387,0],[107.6045889,-6.9148224,0]]},"properties":{"name":"Jalan Otto Iskandardinata","styleUrl":"#6087","stroke-opacity":1,"stroke":"#ED1C24","stroke-width":4},"id":"6086"},{"type":"Feature","geometry":{"type":"LineString","coordinates":[[107.4973395,-6.8515925,0],[107.4973802,-6.8516677,0],[107.4974241,-6.85176,0],[107.4974862,-6.8519233,0],[107.4975063,-6.8519776,0]]},"properties":{"name":"Jalan Raya Padalarang","styleUrl":"#6091","stroke-opacity":1,"stroke":"#ED1C24","stroke-width":4},"id":"6090"},{"type":"Feature","geometry":{"type":"LineString","coordinates":[[107.4980377,-6.8447794,0],[107.4980289,-6.8448354,0],[107.4979763,-6.8452064,0],[107.4979497,-6.8453886,0],[107.4979184,-6.8456015,0],[107.4978748,-6.8459643,0],[107.4978228,-6.8463567,0],[107.497797,-6.8465254,0],[107.4977652,-6.846731,0],[107.4977044,-6.8471374,0],[107.4976247,-6.8477076,0],[107.4975847,-6.8479924,0],[107.4975239,-6.8484377,0],[107.4975122,-6.8485235,0],[107.4974616,-6.8488561,0],[107.497384,-6.8493691,0],[107.4973653,-6.8495065,0],[107.4973504,-6.8496195,0],[107.4972993,-6.8499522,0],[107.4972836,-6.8500571,0],[107.4972495,-6.8502835,0],[107.4971882,-6.8507054,0],[107.4971618,-6.8508663,0],[107.4971058,-6.8512547,0],[107.4971035,-6.8512732,0]]},"properties":{"name":"Jalan Panaris","styleUrl":"#6095","stroke-opacity":1,"stroke":"#ED1C24","stroke-width":4},"id":"6094"},{"type":"Feature","geometry":{"type":"LineString","coordinates":[[107.5666016,-6.9063054,0],[107.5669287,-6.9068461,0],[107.5673283,-6.9075068,0],[107.5675554,-6.9078822,0],[107.5677524,-6.908213,0],[107.5680933,-6.9087725,0],[107.568442,-6.9093481,0],[107.5686667,-6.9097197,0],[107.5690329,-6.910325,0],[107.5690593,-6.9103687,0],[107.5690911,-6.9104213,0]]},"properties":{"name":"Jalan Jend. H. Amir Machmud","styleUrl":"#6099","stroke-opacity":1,"stroke":"#ED1C24","stroke-width":4},"id":"6098"},{"type":"Feature","geometry":{"type":"LineString","coordinates":[[107.541619,-6.8732394,0],[107.5423764,-6.8737035,0],[107.5428429,-6.8739782,0],[107.543171,-6.8741715,0],[107.5435214,-6.8743778,0]]},"properties":{"name":"Jalan Jend. H. Amir Machmud","styleUrl":"#6103","stroke-opacity":1,"stroke":"#ED1C24","stroke-width":4},"id":"6102"},{"type":"Feature","geometry":{"type":"LineString","coordinates":[[107.4843016,-6.858936,0],[107.484316,-6.8588447,0],[107.4843572,-6.8587619,0]]},"properties":{"name":"Jalan Kota Baru Parahyangan","styleUrl":"#6107","stroke-opacity":1,"stroke":"#ED1C24","stroke-width":4},"id":"6106"},{"type":"Feature","geometry":{"type":"LineString","coordinates":[[107.4940543,-6.8517636,0],[107.4940828,-6.8517621,0],[107.4941082,-6.8517594,0],[107.4941315,-6.851755,0],[107.4941572,-6.8517482,0],[107.4941813,-6.85174,0],[107.4942078,-6.8517287,0],[107.4942327,-6.851716,0],[107.4942529,-6.8517024,0],[107.4942697,-6.8516875,0],[107.4942868,-6.8516703,0],[107.4943012,-6.8516526,0],[107.4946927,-6.8510954,0],[107.4947508,-6.8510173,0],[107.4952692,-6.8503346,0]]},"properties":{"name":"Jalan Kota Baru Parahyangan","styleUrl":"#6111","stroke-opacity":1,"stroke":"#ED1C24","stroke-width":4},"id":"6110"},{"type":"Feature","geometry":{"type":"LineString","coordinates":[[107.4698236,-6.8663608,0],[107.4709548,-6.8663543,0],[107.4710013,-6.8663564,0],[107.4712124,-6.8663744,0],[107.4715875,-6.8664065,0],[107.4724782,-6.8666043,0],[107.4727666,-6.8666285,0],[107.4730216,-6.8666102,0],[107.4732532,-6.8665769,0],[107.4734039,-6.8665328,0],[107.473782,-6.8664222,0],[107.4743417,-6.8662699,0],[107.4746263,-6.8661924,0],[107.4748755,-6.8661558,0],[107.4750387,-6.866138,0],[107.4751899,-6.8661306,0],[107.4752676,-6.8661302,0],[107.4760018,-6.8660868,0],[107.4764356,-6.866007,0]]},"properties":{"name":"Jalan Parahyangan","styleUrl":"#6115","stroke-opacity":1,"stroke":"#ED1C24","stroke-width":4},"id":"6114"},{"type":"Feature","geometry":{"type":"LineString","coordinates":[[107.4764356,-6.866007,0],[107.4770717,-6.8658522,0]]},"properties":{"name":"Jalan Parahyangan","styleUrl":"#6119","stroke-opacity":1,"stroke":"#ED1C24","stroke-width":4},"id":"6118"},{"type":"Feature","geometry":{"type":"LineString","coordinates":[[107.4692162,-6.8663547,0],[107.4698236,-6.8663608,0]]},"properties":{"name":"Jalan Parahyangan","styleUrl":"#6123","stroke-opacity":1,"stroke":"#ED1C24","stroke-width":4},"id":"6122"},{"type":"Feature","geometry":{"type":"LineString","coordinates":[[107.4770717,-6.8658522,0],[107.4771828,-6.865811,0],[107.4774403,-6.8657151,0],[107.4776325,-6.8656175,0],[107.477789,-6.8655128,0],[107.4778845,-6.8654372,0],[107.4779539,-6.8653639,0],[107.4780049,-6.8652943,0],[107.4782493,-6.8649836,0],[107.4783521,-6.8648529,0],[107.478623,-6.8644852,0],[107.4787665,-6.8642969,0],[107.4793221,-6.8635501,0],[107.4794588,-6.8633663,0],[107.4796486,-6.863124,0],[107.4798236,-6.8628897,0],[107.4799998,-6.862669,0],[107.4800828,-6.862553,0],[107.4801029,-6.862525,0],[107.4802167,-6.862388,0],[107.4803343,-6.8622504,0],[107.4804332,-6.8621429,0],[107.4805167,-6.862052,0],[107.4805786,-6.8619949,0],[107.4805918,-6.8619827,0],[107.4807916,-6.8617955,0],[107.4810422,-6.8615614,0],[107.4812216,-6.8613836,0],[107.4812976,-6.8613194,0],[107.4814863,-6.861144,0],[107.4817917,-6.8608628,0],[107.4818339,-6.8608239,0],[107.4821886,-6.8605153,0],[107.4824943,-6.8602586,0],[107.4826237,-6.86015,0],[107.482933,-6.85992,0],[107.4832819,-6.8596702,0],[107.4836672,-6.8594023,0],[107.4838823,-6.8592668,0],[107.4839107,-6.8592489,0],[107.4841227,-6.8591076,0],[107.484169,-6.8590739,0],[107.484233,-6.8590098,0],[107.4843016,-6.858936,0]]},"properties":{"name":"Jalan Parahyangan","styleUrl":"#6127","stroke-opacity":1,"stroke":"#ED1C24","stroke-width":4},"id":"6126"},{"type":"Feature","geometry":{"type":"LineString","coordinates":[[107.6122092,-6.9201091,0],[107.6121953,-6.9202135,0],[107.612155,-6.9205282,0],[107.6121207,-6.9208351,0],[107.6120718,-6.9213137,0],[107.6120281,-6.9216096,0],[107.6120118,-6.9217387,0]]},"properties":{"name":"Jalan Tamblong","styleUrl":"#6131","stroke-opacity":1,"stroke":"#ED1C24","stroke-width":4},"id":"6130"},{"type":"Feature","geometry":{"type":"LineString","coordinates":[[107.5456552,-6.8757181,0],[107.5456997,-6.8757329,0],[107.5457412,-6.8757501,0],[107.5458623,-6.8758235,0],[107.5459002,-6.8758465,0],[107.5468207,-6.8764052,0],[107.547019,-6.8765292,0],[107.5470332,-6.8765381,0]]},"properties":{"name":"Jalan Jend. H. Amir Machmud","styleUrl":"#6135","stroke-opacity":1,"stroke":"#ED1C24","stroke-width":4},"id":"6134"},{"type":"Feature","geometry":{"type":"LineString","coordinates":[[107.6109278,-6.9169939,0],[107.6111029,-6.9170839,0],[107.6113003,-6.9171832,0],[107.6113378,-6.917202,0],[107.6114765,-6.9172727,0],[107.6115788,-6.9173248,0],[107.6118099,-6.9174381,0],[107.611899,-6.9174826,0]]},"properties":{"name":"Jalan Lembong","styleUrl":"#6139","stroke-opacity":1,"stroke":"#ED1C24","stroke-width":4},"id":"6138"},{"type":"Feature","geometry":{"type":"LineString","coordinates":[[107.5616845,-6.8983006,0],[107.5589596,-6.8938395,0]]},"properties":{"name":"Jalan Layang Cimindi","styleUrl":"#6143","stroke-opacity":1,"stroke":"#ED1C24","stroke-width":4},"id":"6142"},{"type":"Feature","geometry":{"type":"LineString","coordinates":[[107.5156622,-6.866132,0],[107.5160919,-6.8663299,0]]},"properties":{"name":"Route Segment","styleUrl":"#6147","stroke-opacity":1,"stroke":"#ED1C24","stroke-width":4},"id":"6146"},{"type":"Feature","geometry":{"type":"LineString","coordinates":[[107.5169868,-6.8667469,0],[107.5172135,-6.866858,0],[107.5174342,-6.8669686,0],[107.5176534,-6.8670757,0],[107.5178625,-6.8671767,0],[107.5179976,-6.8672401,0],[107.5183058,-6.8673783,0],[107.5183672,-6.8673963,0],[107.5185528,-6.8674486,0],[107.5190095,-6.8675906,0],[107.5190798,-6.8676144,0],[107.5191264,-6.8676288,0],[107.5191731,-6.8676432,0],[107.5195447,-6.8677576,0],[107.5196849,-6.8678007,0],[107.5200389,-6.8679097,0],[107.5201726,-6.8679508,0],[107.5207876,-6.868147,0],[107.5208297,-6.8681604,0],[107.5209164,-6.8681885,0],[107.5212073,-6.8682829,0],[107.521271,-6.8683036,0],[107.5214983,-6.8683763,0],[107.5216087,-6.8684028,0],[107.5217268,-6.8684273,0],[107.521842,-6.8684414,0],[107.5220823,-6.8684515,0]]},"properties":{"name":"Route Segment","styleUrl":"#6151","stroke-opacity":1,"stroke":"#ED1C24","stroke-width":4},"id":"6150"},{"type":"Feature","geometry":{"type":"LineString","coordinates":[[107.611899,-6.9174826,0],[107.6119825,-6.9175496,0],[107.6120711,-6.9175975,0],[107.6122347,-6.9176867,0],[107.6123097,-6.9177292,0],[107.6123714,-6.9177806,0],[107.6123982,-6.9178198,0],[107.6124143,-6.9178664,0],[107.6124291,-6.917923,0],[107.6124287,-6.9180727,0],[107.6124237,-6.918134,0],[107.6124184,-6.9181952,0],[107.6124025,-6.9182678,0]]},"properties":{"name":"Route Segment","styleUrl":"#6155","stroke-opacity":1,"stroke":"#ED1C24","stroke-width":4},"id":"6154"},{"type":"Feature","geometry":{"type":"LineString","coordinates":[[107.6027054,-6.916124,0],[107.6031066,-6.9160901,0]]},"properties":{"name":"Jalan Suniaraja","styleUrl":"#6159","stroke-opacity":1,"stroke":"#ED1C24","stroke-width":4},"id":"6158"},{"type":"Feature","geometry":{"type":"LineString","coordinates":[[107.6024135,-6.9161558,0],[107.6025153,-6.9161423,0],[107.6027054,-6.916124,0]]},"properties":{"name":"Jalan Suniaraja","styleUrl":"#6163","stroke-opacity":1,"stroke":"#ED1C24","stroke-width":4},"id":"6162"},{"type":"Feature","geometry":{"type":"LineString","coordinates":[[107.5693569,-6.9106219,0],[107.5694743,-6.9106678,0],[107.569668,-6.9107436,0],[107.5699681,-6.910861,0],[107.5701462,-6.9109306,0],[107.5702926,-6.9109879,0],[107.5704868,-6.9110639,0],[107.5705813,-6.9111009,0],[107.570662,-6.9111324,0],[107.5710798,-6.9112958,0],[107.5715519,-6.9114805,0],[107.5717818,-6.9115704,0],[107.5718363,-6.9115918,0],[107.5720087,-6.9116592,0],[107.5725782,-6.9118819,0],[107.5729282,-6.9120185,0]]},"properties":{"name":"Jalan Rajawali Barat","styleUrl":"#6167","stroke-opacity":1,"stroke":"#ED1C24","stroke-width":4},"id":"6166"},{"type":"Feature","geometry":{"type":"LineString","coordinates":[[107.5776073,-6.9136496,0],[107.5781901,-6.9137773,0],[107.578358,-6.913811,0],[107.5783915,-6.9138177,0],[107.5785703,-6.9138613,0],[107.5787813,-6.9139093,0],[107.5797157,-6.9141156,0],[107.57975,-6.9141241,0],[107.5799582,-6.9141715,0],[107.580286,-6.914244,0],[107.5811424,-6.9144359,0],[107.581181,-6.9144436,0],[107.5812342,-6.9144543,0],[107.5813503,-6.9144835,0],[107.581468,-6.9145105,0],[107.5817104,-6.914566,0],[107.5817935,-6.9145894,0],[107.5822948,-6.9147358,0],[107.5825032,-6.9147967,0]]},"properties":{"name":"Jalan Rajawali Timur","styleUrl":"#6171","stroke-opacity":1,"stroke":"#ED1C24","stroke-width":4},"id":"6170"},{"type":"Feature","geometry":{"type":"LineString","coordinates":[[107.6070945,-6.9151362,0],[107.6071194,-6.9149776,0],[107.6071865,-6.9145473,0],[107.6071931,-6.9145156,0]]},"properties":{"name":"Jalan Perintis Kemerdekaan","styleUrl":"#6175","stroke-opacity":1,"stroke":"#ED1C24","stroke-width":4},"id":"6174"},{"type":"Feature","geometry":{"type":"LineString","coordinates":[[107.5833434,-6.9150421,0],[107.5835693,-6.9151171,0],[107.5840303,-6.9152702,0],[107.5843054,-6.9153628,0],[107.5852167,-6.9156963,0]]},"properties":{"name":"Jalan Rajawali Timur","styleUrl":"#6179","stroke-opacity":1,"stroke":"#ED1C24","stroke-width":4},"id":"6178"},{"type":"Feature","geometry":{"type":"LineString","coordinates":[[107.5858296,-6.9159179,0],[107.5862132,-6.9160211,0],[107.5869745,-6.9161187,0],[107.5871346,-6.9161385,0],[107.5875979,-6.9161866,0],[107.5884105,-6.9162695,0],[107.5887476,-6.9163133,0],[107.5891032,-6.9163578,0],[107.5895623,-6.9164063,0],[107.5900726,-6.9164713,0],[107.5904668,-6.9165055,0]]},"properties":{"name":"Jalan Rajawali Timur","styleUrl":"#6183","stroke-opacity":1,"stroke":"#ED1C24","stroke-width":4},"id":"6182"},{"type":"Feature","geometry":{"type":"LineString","coordinates":[[107.5852167,-6.9156963,0],[107.5853751,-6.9157549,0],[107.5856065,-6.9158405,0],[107.5858296,-6.9159179,0]]},"properties":{"name":"Jalan Rajawali Timur","styleUrl":"#6187","stroke-opacity":1,"stroke":"#ED1C24","stroke-width":4},"id":"6186"},{"type":"Feature","geometry":{"type":"LineString","coordinates":[[107.6072498,-6.9211778,0],[107.6072416,-6.9211767,0],[107.6071663,-6.9211679,0],[107.6071455,-6.9211653,0]]},"properties":{"name":"Jalan Asia Afrika","styleUrl":"#6191","stroke-opacity":1,"stroke":"#ED1C24","stroke-width":4},"id":"6190"},{"type":"Feature","geometry":{"type":"LineString","coordinates":[[107.5981927,-6.916324,0],[107.5982715,-6.9163189,0]]},"properties":{"name":"Jalan Kebon Jati","styleUrl":"#6195","stroke-opacity":1,"stroke":"#ED1C24","stroke-width":4},"id":"6194"},{"type":"Feature","geometry":{"type":"LineString","coordinates":[[107.5910563,-6.9165244,0],[107.5914837,-6.9165375,0],[107.5917121,-6.9165436,0],[107.5918399,-6.916547,0],[107.5918967,-6.9165485,0],[107.5921131,-6.9165479,0],[107.5922517,-6.9165482,0],[107.592535,-6.9165468,0],[107.5927745,-6.9165275,0],[107.5933422,-6.9164938,0]]},"properties":{"name":"Jalan Kebon Jati","styleUrl":"#6199","stroke-opacity":1,"stroke":"#ED1C24","stroke-width":4},"id":"6198"},{"type":"Feature","geometry":{"type":"LineString","coordinates":[[107.575721,-6.9131092,0],[107.5758021,-6.913142,0]]},"properties":{"name":"Jalan Rajawali Barat","styleUrl":"#6203","stroke-opacity":1,"stroke":"#ED1C24","stroke-width":4},"id":"6202"},{"type":"Feature","geometry":{"type":"LineString","coordinates":[[107.561879,-6.8986119,0],[107.5616845,-6.8983006,0]]},"properties":{"name":"Jalan Layang Cimindi","styleUrl":"#6207","stroke-opacity":1,"stroke":"#ED1C24","stroke-width":4},"id":"6206"},{"type":"Feature","geometry":{"type":"LineString","coordinates":[[107.5439581,-6.8746902,0],[107.5440471,-6.8747433,0],[107.5441415,-6.8748005,0],[107.5442734,-6.8748788,0],[107.544369,-6.8749357,0],[107.544421,-6.8749667,0],[107.5446406,-6.875103,0],[107.5447713,-6.8751823,0],[107.5448011,-6.8752004,0],[107.5450897,-6.8753753,0],[107.5451296,-6.8753995,0],[107.5454809,-6.8756124,0],[107.5456005,-6.875685,0],[107.5456552,-6.8757181,0]]},"properties":{"name":"Jalan Jend. H. Amir Machmud","styleUrl":"#6211","stroke-opacity":1,"stroke":"#ED1C24","stroke-width":4},"id":"6210"},{"type":"Feature","geometry":{"type":"LineString","coordinates":[[107.4971959,-6.8514713,0],[107.4972695,-6.8515233,0],[107.4973395,-6.8515925,0]]},"properties":{"name":"Jalan Raya Padalarang","styleUrl":"#6215","stroke-opacity":1,"stroke":"#ED1C24","stroke-width":4},"id":"6214"},{"type":"Feature","geometry":{"type":"LineString","coordinates":[[107.5410215,-6.8728785,0],[107.5411233,-6.8729412,0],[107.5412215,-6.8730016,0]]},"properties":{"name":"Jalan Jend. H. Amir Machmud","styleUrl":"#6219","stroke-opacity":1,"stroke":"#ED1C24","stroke-width":4},"id":"6218"},{"type":"Feature","geometry":{"type":"LineString","coordinates":[[107.4962036,-6.8508025,0],[107.4967304,-6.8511712,0],[107.4968808,-6.8512765,0],[107.4969413,-6.8513159,0]]},"properties":{"name":"Jalan Raya Padalarang","styleUrl":"#6223","stroke-opacity":1,"stroke":"#ED1C24","stroke-width":4},"id":"6222"},{"type":"Feature","geometry":{"type":"LineString","coordinates":[[107.5620012,-6.8987045,0],[107.5620174,-6.8987312,0],[107.5621826,-6.8990042,0],[107.5622982,-6.8991952,0],[107.5625724,-6.8996485,0],[107.5628847,-6.9001643,0],[107.563072,-6.9004738,0],[107.5632153,-6.9007184,0],[107.5636794,-6.9014774,0],[107.5637732,-6.9016307,0],[107.563792,-6.9016635,0],[107.5640291,-6.9020553,0],[107.5641386,-6.9022362,0],[107.5641814,-6.902307,0],[107.5644255,-6.9027102,0],[107.5645114,-6.9028522,0],[107.56478,-6.903296,0],[107.5648032,-6.9033346,0],[107.565195,-6.9039875,0],[107.565423,-6.9043586,0],[107.5654748,-6.9044437,0],[107.5657296,-6.9048651,0]]},"properties":{"name":"Jalan Jend. H. Amir Machmud","styleUrl":"#6227","stroke-opacity":1,"stroke":"#ED1C24","stroke-width":4},"id":"6226"},{"type":"Feature","geometry":{"type":"LineString","coordinates":[[107.5034117,-6.8632727,0],[107.5034772,-6.8633105,0],[107.5035566,-6.8633604,0],[107.5037925,-6.8634899,0],[107.5039209,-6.8635608,0],[107.5043597,-6.8637873,0],[107.5044255,-6.8638215,0],[107.5047344,-6.8639832,0]]},"properties":{"name":"Jalan Nasional III","styleUrl":"#6231","stroke-opacity":1,"stroke":"#ED1C24","stroke-width":4},"id":"6230"},{"type":"Feature","geometry":{"type":"LineString","coordinates":[[107.4975473,-6.8521126,0],[107.4975711,-6.8522828,0],[107.4976172,-6.8525845,0],[107.4976105,-6.8526293,0]]},"properties":{"name":"Jalan Raya Padalarang","styleUrl":"#6235","stroke-opacity":1,"stroke":"#ED1C24","stroke-width":4},"id":"6234"},{"type":"Feature","geometry":{"type":"LineString","coordinates":[[107.5261248,-6.8684369,0],[107.5262229,-6.8684691,0],[107.5263122,-6.8685064,0],[107.5263898,-6.8685422,0],[107.5264225,-6.8685573,0],[107.5266094,-6.8686384,0],[107.5270877,-6.8688731,0],[107.5271548,-6.868908,0],[107.5273141,-6.8689718,0],[107.5274989,-6.8690436,0],[107.5275841,-6.8690682,0],[107.527662,-6.8690849,0],[107.5277986,-6.8691038,0],[107.5278876,-6.8691021,0],[107.5279891,-6.8690928,0],[107.5281475,-6.8690695,0],[107.5281996,-6.8690592,0],[107.5283978,-6.8690203,0],[107.5284509,-6.8690086,0],[107.5285738,-6.8689815,0],[107.5288591,-6.8689212,0],[107.5289883,-6.8688991,0],[107.5293786,-6.8688406,0],[107.5300087,-6.868775,0],[107.5302545,-6.8687509,0],[107.5303683,-6.8687397,0],[107.5306127,-6.8687157,0],[107.5307996,-6.8686984,0],[107.5309254,-6.8686864,0],[107.5311366,-6.8686647,0],[107.5311768,-6.86866,0],[107.5313217,-6.8686505,0],[107.5314385,-6.8686555,0],[107.5315089,-6.8686615,0],[107.5315735,-6.8686772,0],[107.5317099,-6.8687176,0],[107.5318119,-6.8687546,0],[107.5318553,-6.8687705,0],[107.531878,-6.8687794,0],[107.5319386,-6.8688013,0],[107.5322086,-6.8688988,0],[107.5324551,-6.8689856,0],[107.5327957,-6.8691022,0],[107.5330853,-6.8692167,0]]},"properties":{"name":"Jalan Jend. H. Amir Machmud","styleUrl":"#6239","stroke-opacity":1,"stroke":"#ED1C24","stroke-width":4},"id":"6238"},{"type":"Feature","geometry":{"type":"LineString","coordinates":[[107.4975063,-6.8519776,0],[107.4975473,-6.8521126,0]]},"properties":{"name":"Jalan Raya Padalarang","styleUrl":"#6243","stroke-opacity":1,"stroke":"#ED1C24","stroke-width":4},"id":"6242"},{"type":"Feature","geometry":{"type":"LineString","coordinates":[[107.496525,-6.8427291,0],[107.4967008,-6.8428702,0],[107.4969585,-6.8430995,0],[107.4971931,-6.8433132,0],[107.4973786,-6.8434878,0],[107.4975781,-6.8436854,0],[107.497982,-6.8440435,0],[107.498048,-6.8441045,0],[107.498056,-6.8441191,0],[107.4980804,-6.8441637,0],[107.4980972,-6.8442255,0],[107.4981043,-6.8443239,0],[107.498095,-6.8444568,0]]},"properties":{"name":"Jalan Cihaliwung","styleUrl":"#6247","stroke-opacity":1,"stroke":"#ED1C24","stroke-width":4},"id":"6246"},{"type":"Feature","geometry":{"type":"LineString","coordinates":[[107.4987182,-6.8581066,0],[107.4987288,-6.8582512,0],[107.4987562,-6.8584531,0],[107.4987799,-6.8586327,0],[107.4988095,-6.8588159,0],[107.498846,-6.8589418,0],[107.4988952,-6.8590747,0],[107.4989519,-6.859192,0],[107.499024,-6.8593264,0],[107.4991209,-6.8594557,0],[107.4992202,-6.8595603,0],[107.4993675,-6.8597221,0],[107.4995891,-6.8599902,0],[107.4997744,-6.8601871,0],[107.4998426,-6.8602605,0],[107.5001629,-6.8605893,0],[107.500195,-6.8606217,0],[107.5003415,-6.860773,0],[107.5004973,-6.8609384,0],[107.5006628,-6.8611039,0],[107.5010639,-6.8614908,0],[107.5012224,-6.8616525,0],[107.5014146,-6.8618608,0],[107.5015639,-6.8620124,0],[107.5016093,-6.8620563,0],[107.5018806,-6.8623184,0],[107.5021156,-6.8625154,0],[107.5022805,-6.8626367,0],[107.5025833,-6.8628122,0],[107.5028237,-6.8629469,0],[107.502934,-6.8630015,0],[107.5031549,-6.8631253,0],[107.5031733,-6.8631354,0],[107.5032331,-6.8631683,0],[107.5033168,-6.8632144,0],[107.5034117,-6.8632727,0]]},"properties":{"name":"Jalan Nasional III","styleUrl":"#6251","stroke-opacity":1,"stroke":"#ED1C24","stroke-width":4},"id":"6250"},{"type":"Feature","geometry":{"type":"LineString","coordinates":[[107.5470332,-6.8765381,0],[107.5471154,-6.8765898,0]]},"properties":{"name":"Jalan Jend. H. Amir Machmud","styleUrl":"#6255","stroke-opacity":1,"stroke":"#ED1C24","stroke-width":4},"id":"6254"},{"type":"Feature","geometry":{"type":"LineString","coordinates":[[107.5471154,-6.8765898,0],[107.5473626,-6.8767421,0],[107.5477789,-6.8769985,0],[107.5481509,-6.8772403,0],[107.5486081,-6.8775295,0],[107.5487336,-6.8776074,0],[107.548959,-6.8777456,0]]},"properties":{"name":"Jalan Jend. H. Amir Machmud","styleUrl":"#6259","stroke-opacity":1,"stroke":"#ED1C24","stroke-width":4},"id":"6258"},{"type":"Feature","geometry":{"type":"LineString","coordinates":[[107.6120118,-6.9217387,0],[107.6118192,-6.9217111,0],[107.6114983,-6.9216723,0],[107.6114205,-6.9216629,0],[107.6112374,-6.9216415,0],[107.6110406,-6.921618,0],[107.6108437,-6.9215945,0],[107.6106298,-6.9215692,0],[107.6104268,-6.9215449,0],[107.610212,-6.9215192,0],[107.6101457,-6.9215112,0],[107.6099811,-6.9214915,0],[107.6099361,-6.9214856,0],[107.6098247,-6.9214728,0],[107.6094601,-6.9214292,0],[107.6092781,-6.9214081,0],[107.6088891,-6.9213611,0],[107.6087887,-6.9213491,0],[107.6087588,-6.9213455,0],[107.6086038,-6.921327,0],[107.6082301,-6.921281,0],[107.6081802,-6.9212757,0],[107.6080507,-6.92126,0]]},"properties":{"name":"Jalan Asia Afrika","styleUrl":"#6263","stroke-opacity":1,"stroke":"#ED1C24","stroke-width":4},"id":"6262"},{"type":"Feature","geometry":{"type":"LineString","coordinates":[[107.6077991,-6.9212366,0],[107.6076803,-6.9212261,0],[107.6075733,-6.9212152,0],[107.6072498,-6.9211778,0]]},"properties":{"name":"Jalan Asia Afrika","styleUrl":"#6267","stroke-opacity":1,"stroke":"#ED1C24","stroke-width":4},"id":"6266"},{"type":"Feature","geometry":{"type":"LineString","coordinates":[[107.5408249,-6.872758,0],[107.5408995,-6.8728035,0]]},"properties":{"name":"Jalan Jend. H. Amir Machmud","styleUrl":"#6271","stroke-opacity":1,"stroke":"#ED1C24","stroke-width":4},"id":"6270"},{"type":"Feature","geometry":{"type":"LineString","coordinates":[[107.5391134,-6.8717381,0],[107.539235,-6.8718115,0],[107.5393459,-6.8718791,0],[107.5395511,-6.8720061,0],[107.5396118,-6.872043,0]]},"properties":{"name":"Jalan Jend. H. Amir Machmud","styleUrl":"#6275","stroke-opacity":1,"stroke":"#ED1C24","stroke-width":4},"id":"6274"},{"type":"Feature","geometry":{"type":"LineString","coordinates":[[107.5396118,-6.872043,0],[107.5399548,-6.8722548,0],[107.5400294,-6.8723014,0],[107.5403035,-6.8724715,0],[107.5403649,-6.8725096,0],[107.5406997,-6.8727172,0],[107.540747,-6.8727452,0]]},"properties":{"name":"Jalan Jend. H. Amir Machmud","styleUrl":"#6279","stroke-opacity":1,"stroke":"#ED1C24","stroke-width":4},"id":"6278"},{"type":"Feature","geometry":{"type":"LineString","coordinates":[[107.5958562,-6.9163894,0],[107.5959698,-6.9163849,0]]},"properties":{"name":"Jalan Kebon Jati","styleUrl":"#6283","stroke-opacity":1,"stroke":"#ED1C24","stroke-width":4},"id":"6282"},{"type":"Feature","geometry":{"type":"LineString","coordinates":[[107.5959698,-6.9163849,0],[107.5962263,-6.9163777,0],[107.596307,-6.9163766,0],[107.5963955,-6.9163741,0],[107.5966005,-6.9163694,0],[107.5967032,-6.9163671,0],[107.5974046,-6.916344,0],[107.5980505,-6.9163289,0],[107.5980926,-6.9163279,0],[107.5981927,-6.916324,0]]},"properties":{"name":"Jalan Kebon Jati","styleUrl":"#6287","stroke-opacity":1,"stroke":"#ED1C24","stroke-width":4},"id":"6286"},{"type":"Feature","geometry":{"type":"LineString","coordinates":[[107.5047344,-6.8639832,0],[107.5049911,-6.8641067,0],[107.5050586,-6.8641392,0],[107.5051499,-6.8641787,0],[107.5051913,-6.8641937,0],[107.5052503,-6.8642111,0],[107.5053149,-6.8642263,0],[107.5053817,-6.8642351,0],[107.5054411,-6.8642368,0],[107.5054978,-6.8642341,0],[107.5055404,-6.864229,0]]},"properties":{"name":"Jalan Nasional III","styleUrl":"#6291","stroke-opacity":1,"stroke":"#ED1C24","stroke-width":4},"id":"6290"},{"type":"Feature","geometry":{"type":"LineString","coordinates":[[107.5055404,-6.864229,0],[107.5056235,-6.864215,0],[107.505703,-6.8641943,0],[107.5063671,-6.864027,0],[107.5065856,-6.8639771,0],[107.5070193,-6.863866,0],[107.5077676,-6.863685,0],[107.5082119,-6.8635741,0],[107.5086465,-6.8634599,0],[107.5087248,-6.8634388,0],[107.5094028,-6.8632576,0],[107.5094818,-6.863253,0],[107.5095628,-6.8632583,0],[107.5096207,-6.8632683,0],[107.5097112,-6.8632909,0],[107.5098225,-6.8633262,0],[107.5099964,-6.863395,0],[107.5100491,-6.8634203,0],[107.510072,-6.8634302,0],[107.5104217,-6.8635854,0],[107.5106152,-6.8636745,0],[107.5106923,-6.8637105,0],[107.510966,-6.8638385,0],[107.5111617,-6.8639301,0],[107.5113852,-6.8640346,0],[107.5119852,-6.8643131,0],[107.5120662,-6.8643533,0],[107.5123015,-6.8644685,0],[107.5125224,-6.8645767,0],[107.5128242,-6.8647258,0],[107.5130197,-6.8648201,0],[107.513398,-6.865018,0],[107.5134421,-6.8650411,0],[107.513879,-6.8652552,0],[107.5140447,-6.8653343,0],[107.5150775,-6.8658424,0],[107.5151703,-6.8658917,0],[107.5152076,-6.8659101,0],[107.5156233,-6.8661135,0],[107.5156622,-6.866132,0]]},"properties":{"name":"Jalan Nasional III","styleUrl":"#6295","stroke-opacity":1,"stroke":"#ED1C24","stroke-width":4},"id":"6294"},{"type":"Feature","geometry":{"type":"LineString","coordinates":[[107.5160919,-6.8663299,0],[107.5161279,-6.866347,0],[107.5164712,-6.8665071,0],[107.5167612,-6.8666428,0],[107.5169868,-6.8667469,0]]},"properties":{"name":"Route Segment","styleUrl":"#6299","stroke-opacity":1,"stroke":"#ED1C24","stroke-width":4},"id":"6298"},{"type":"Feature","geometry":{"type":"LineString","coordinates":[[107.5587275,-6.8933688,0],[107.5587783,-6.8934551,0]]},"properties":{"name":"Jalan Jend. H. Amir Machmud","styleUrl":"#6303","stroke-opacity":1,"stroke":"#ED1C24","stroke-width":4},"id":"6302"},{"type":"Feature","geometry":{"type":"LineString","coordinates":[[107.558593,-6.8931439,0],[107.5587005,-6.8933236,0],[107.5587275,-6.8933688,0]]},"properties":{"name":"Jalan Jend. H. Amir Machmud","styleUrl":"#6307","stroke-opacity":1,"stroke":"#ED1C24","stroke-width":4},"id":"6306"},{"type":"Feature","geometry":{"type":"LineString","coordinates":[[107.5587916,-6.8934809,0],[107.5588855,-6.8937179,0]]},"properties":{"name":"Jalan Layang Cimindi","styleUrl":"#6311","stroke-opacity":1,"stroke":"#ED1C24","stroke-width":4},"id":"6310"},{"type":"Feature","geometry":{"type":"LineString","coordinates":[[107.5531885,-6.8843128,0],[107.5531006,-6.8841655,0],[107.5529605,-6.8839307,0],[107.5529416,-6.883899,0],[107.5528472,-6.8837408,0],[107.5527794,-6.8836271,0],[107.5527092,-6.8835093,0],[107.5526121,-6.8833467,0],[107.5525863,-6.8833033,0],[107.5524109,-6.8830094,0],[107.5522959,-6.8828167,0],[107.5522386,-6.8827206,0],[107.5520817,-6.8824713,0],[107.5519439,-6.8822442,0],[107.5518178,-6.8820536,0],[107.5515938,-6.8816947,0],[107.5515007,-6.8815314,0],[107.5513132,-6.8812126,0],[107.5510818,-6.8808273,0],[107.5510407,-6.8807588,0],[107.5509549,-6.8806153,0],[107.5507239,-6.8802572,0],[107.550617,-6.8800913,0],[107.5505345,-6.8799545,0],[107.5504164,-6.8797669,0],[107.5503819,-6.8797123,0],[107.5503366,-6.8796404,0],[107.5501318,-6.8792963,0],[107.5500491,-6.8791569,0],[107.5499778,-6.8790409,0],[107.5498734,-6.8788724,0],[107.5498308,-6.8788036,0],[107.549812,-6.8787698,0]]},"properties":{"name":"Jalan Jend. H. Amir Machmud","styleUrl":"#6315","stroke-opacity":1,"stroke":"#ED1C24","stroke-width":4},"id":"6314"},{"type":"Feature","geometry":{"type":"LineString","coordinates":[[107.5554797,-6.8879517,0],[107.5557192,-6.888343,0],[107.5559388,-6.8886859,0],[107.5559992,-6.8887802,0],[107.5562442,-6.8891982,0],[107.5566931,-6.889986,0],[107.5568497,-6.8902446,0],[107.5572088,-6.8908164,0],[107.5572447,-6.8908741,0],[107.5575829,-6.8914103,0],[107.5576545,-6.8915256,0],[107.5580359,-6.8921818,0],[107.5580847,-6.8922657,0],[107.5581322,-6.8923483,0],[107.558593,-6.8931439,0]]},"properties":{"name":"Jalan Jend. H. Amir Machmud","styleUrl":"#6319","stroke-opacity":1,"stroke":"#ED1C24","stroke-width":4},"id":"6318"},{"type":"Feature","geometry":{"type":"LineString","coordinates":[[107.4956199,-6.8503909,0],[107.4960649,-6.8507054,0],[107.4961485,-6.850764,0],[107.4962036,-6.8508025,0]]},"properties":{"name":"Jalan Raya Padalarang","styleUrl":"#6323","stroke-opacity":1,"stroke":"#ED1C24","stroke-width":4},"id":"6322"},{"type":"Feature","geometry":{"type":"LineString","coordinates":[[107.4633229,-6.8648918,0],[107.4632416,-6.8649937,0],[107.4631534,-6.865051,0],[107.4630521,-6.8650799,0],[107.4629468,-6.8650779,0],[107.4628467,-6.8650452,0],[107.4627441,-6.8649677,0],[107.4626698,-6.864858,0],[107.4626521,-6.8647333,0],[107.4626671,-6.8646301,0]]},"properties":{"name":"Route Segment","styleUrl":"#6327","stroke-opacity":1,"stroke":"#ED1C24","stroke-width":4},"id":"6326"},{"type":"Feature","geometry":{"type":"LineString","coordinates":[[107.5494026,-6.8780936,0],[107.5495541,-6.8782893,0],[107.5496587,-6.8784451,0],[107.5497177,-6.878543,0],[107.5497815,-6.8786488,0],[107.5498008,-6.8786901,0],[107.549812,-6.8787698,0]]},"properties":{"name":"Jalan Jend. H. Amir Machmud","styleUrl":"#6331","stroke-opacity":1,"stroke":"#ED1C24","stroke-width":4},"id":"6330"},{"type":"Feature","geometry":{"type":"LineString","coordinates":[[107.540747,-6.8727452,0],[107.5408249,-6.872758,0]]},"properties":{"name":"Jalan Jend. H. Amir Machmud","styleUrl":"#6335","stroke-opacity":1,"stroke":"#ED1C24","stroke-width":4},"id":"6334"},{"type":"Feature","geometry":{"type":"LineString","coordinates":[[107.533145,-6.8692367,0],[107.5331785,-6.8692495,0],[107.5335628,-6.8693791,0],[107.5337126,-6.8694306,0],[107.5337447,-6.8694416,0],[107.5339049,-6.8694966,0],[107.5341763,-6.8696061,0],[107.5342233,-6.8696235,0],[107.5343842,-6.869692,0]]},"properties":{"name":"Jalan Jend. H. Amir Machmud","styleUrl":"#6339","stroke-opacity":1,"stroke":"#ED1C24","stroke-width":4},"id":"6338"},{"type":"Feature","geometry":{"type":"LineString","coordinates":[[107.5330853,-6.8692167,0],[107.533145,-6.8692367,0]]},"properties":{"name":"Jalan Jend. H. Amir Machmud","styleUrl":"#6343","stroke-opacity":1,"stroke":"#ED1C24","stroke-width":4},"id":"6342"},{"type":"Feature","geometry":{"type":"LineString","coordinates":[[107.4870991,-6.8578224,0],[107.4874491,-6.8577118,0]]},"properties":{"name":"Jalan Panyawangan","styleUrl":"#6347","stroke-opacity":1,"stroke":"#ED1C24","stroke-width":4},"id":"6346"},{"type":"Feature","geometry":{"type":"LineString","coordinates":[[107.4847723,-6.8586782,0],[107.4848686,-6.8586859,0],[107.4849119,-6.8586783,0],[107.4849501,-6.8586647,0],[107.4850957,-6.8585927,0],[107.4851542,-6.8585673,0],[107.485469,-6.8584169,0],[107.4858086,-6.8582717,0],[107.4863356,-6.8580663,0],[107.4867539,-6.8579294,0],[107.4870991,-6.8578224,0]]},"properties":{"name":"Jalan Panyawangan","styleUrl":"#6351","stroke-opacity":1,"stroke":"#ED1C24","stroke-width":4},"id":"6350"},{"type":"Feature","geometry":{"type":"LineString","coordinates":[[107.4977859,-6.8538237,0],[107.4978121,-6.8539405,0]]},"properties":{"name":"Jalan Nasional III","styleUrl":"#6355","stroke-opacity":1,"stroke":"#ED1C24","stroke-width":4},"id":"6354"},{"type":"Feature","geometry":{"type":"LineString","coordinates":[[107.4975965,-6.8527156,0],[107.4975988,-6.8527427,0],[107.4976134,-6.8528859,0],[107.497658,-6.8531891,0],[107.4976818,-6.8533539,0],[107.4977128,-6.8535065,0],[107.4977859,-6.8538237,0]]},"properties":{"name":"Jalan Nasional III","styleUrl":"#6359","stroke-opacity":1,"stroke":"#ED1C24","stroke-width":4},"id":"6358"},{"type":"Feature","geometry":{"type":"LineString","coordinates":[[107.5220823,-6.8684515,0],[107.5221811,-6.8684242,0],[107.5226775,-6.8684431,0],[107.5232624,-6.8684653,0],[107.523407,-6.8684708,0]]},"properties":{"name":"Route Segment","styleUrl":"#6363","stroke-opacity":1,"stroke":"#ED1C24","stroke-width":4},"id":"6362"},{"type":"Feature","geometry":{"type":"LineString","coordinates":[[107.523407,-6.8684708,0],[107.5237171,-6.8684826,0],[107.523763,-6.8684843,0],[107.5238237,-6.8685111,0]]},"properties":{"name":"Route Segment","styleUrl":"#6367","stroke-opacity":1,"stroke":"#ED1C24","stroke-width":4},"id":"6366"},{"type":"Feature","geometry":{"type":"LineString","coordinates":[[107.5363431,-6.8704044,0],[107.5363908,-6.8704221,0],[107.5364884,-6.8704594,0],[107.5365376,-6.8704766,0],[107.5365778,-6.8704906,0],[107.5366787,-6.8705296,0],[107.5373836,-6.8707918,0],[107.5376817,-6.8709329,0],[107.5379552,-6.8710821,0],[107.538003,-6.8711086,0],[107.5381494,-6.8711877,0],[107.5382103,-6.8712215,0],[107.5383816,-6.8713181,0],[107.538881,-6.871595,0],[107.5391134,-6.8717381,0]]},"properties":{"name":"Jalan Jend. H. Amir Machmud","styleUrl":"#6371","stroke-opacity":1,"stroke":"#ED1C24","stroke-width":4},"id":"6370"},{"type":"Feature","geometry":{"type":"LineString","coordinates":[[107.561879,-6.8986119,0],[107.5620012,-6.8987045,0]]},"properties":{"name":"Jalan Layang Cimindi","styleUrl":"#6375","stroke-opacity":1,"stroke":"#ED1C24","stroke-width":4},"id":"6374"},{"type":"Feature","geometry":{"type":"LineString","coordinates":[[107.606909,-6.9153005,0],[107.6070047,-6.9152495,0],[107.6070566,-6.9152024,0],[107.6070945,-6.9151362,0]]},"properties":{"name":"Jalan Stasiun Timur","styleUrl":"#6379","stroke-opacity":1,"stroke":"#ED1C24","stroke-width":4},"id":"6378"},{"type":"Feature","geometry":{"type":"LineString","coordinates":[[107.5657296,-6.9048651,0],[107.5657545,-6.9049096,0]]},"properties":{"name":"Jalan Jend. H. Amir Machmud","styleUrl":"#6383","stroke-opacity":1,"stroke":"#ED1C24","stroke-width":4},"id":"6382"},{"type":"Feature","geometry":{"type":"LineString","coordinates":[[107.5435214,-6.8743778,0],[107.5438725,-6.8745904,0],[107.5438997,-6.874607,0],[107.5439581,-6.8746902,0]]},"properties":{"name":"Jalan Jend. H. Amir Machmud","styleUrl":"#6387","stroke-opacity":1,"stroke":"#ED1C24","stroke-width":4},"id":"6386"},{"type":"Feature","geometry":{"type":"LineString","coordinates":[[107.61235,-6.918793,0],[107.6123364,-6.9189576,0],[107.6122952,-6.9194549,0],[107.6122402,-6.9198677,0],[107.6122212,-6.9200158,0],[107.6122183,-6.920038,0],[107.6122092,-6.9201091,0]]},"properties":{"name":"Jalan Tamblong","styleUrl":"#6391","stroke-opacity":1,"stroke":"#ED1C24","stroke-width":4},"id":"6390"},{"type":"Feature","geometry":{"type":"LineString","coordinates":[[107.4958472,-6.84211,0],[107.4960455,-6.8422967,0],[107.4961242,-6.8423708,0],[107.4963927,-6.8426237,0],[107.4964724,-6.8426887,0]]},"properties":{"name":"Jalan Cihaliwung","styleUrl":"#6395","stroke-opacity":1,"stroke":"#ED1C24","stroke-width":4},"id":"6394"},{"type":"Feature","geometry":{"type":"LineString","coordinates":[[107.5587783,-6.8934551,0],[107.5587916,-6.8934809,0]]},"properties":{"name":"Jalan Jend. H. Amir Machmud","styleUrl":"#6399","stroke-opacity":1,"stroke":"#ED1C24","stroke-width":4},"id":"6398"},{"type":"Feature","geometry":{"type":"LineString","coordinates":[[107.548959,-6.8777456,0],[107.5490877,-6.8778359,0],[107.5492174,-6.8779244,0],[107.549317,-6.8779991,0]]},"properties":{"name":"Jalan Jend. H. Amir Machmud","styleUrl":"#6403","stroke-opacity":1,"stroke":"#ED1C24","stroke-width":4},"id":"6402"},{"type":"Feature","geometry":{"type":"LineString","coordinates":[[107.4976105,-6.8526293,0],[107.4975965,-6.8527156,0]]},"properties":{"name":"Jalan Raya Padalarang","styleUrl":"#6407","stroke-opacity":1,"stroke":"#ED1C24","stroke-width":4},"id":"6406"},{"type":"Feature","geometry":{"type":"LineString","coordinates":[[107.4952692,-6.8503346,0],[107.4952888,-6.8503131,0],[107.4953034,-6.8503015,0],[107.4953187,-6.8502926,0],[107.4953364,-6.8502852,0],[107.4953557,-6.8502805,0],[107.4953765,-6.8502778,0],[107.4953975,-6.8502772,0],[107.4954205,-6.8502786,0],[107.495444,-6.8502829,0],[107.4954666,-6.8502899,0],[107.4954882,-6.8502996,0],[107.4955059,-6.8503087,0],[107.4955273,-6.8503217,0]]},"properties":{"name":"Jalan Raya Padalarang","styleUrl":"#6411","stroke-opacity":1,"stroke":"#ED1C24","stroke-width":4},"id":"6410"},{"type":"Feature","geometry":{"type":"LineString","coordinates":[[107.6089385,-6.9138394,0],[107.6089384,-6.9138601,0],[107.6089444,-6.9138799,0],[107.608956,-6.9138955,0],[107.6089722,-6.9139102,0],[107.6089915,-6.9139179,0],[107.6090123,-6.9139197,0]]},"properties":{"name":"Jalan Perintis Kemerdekaan","styleUrl":"#6415","stroke-opacity":1,"stroke":"#ED1C24","stroke-width":4},"id":"6414"},{"type":"Feature","geometry":{"type":"LineString","coordinates":[[107.4969413,-6.8513159,0],[107.496984,-6.8513256,0],[107.4970109,-6.8513266,0],[107.4970319,-6.8513244,0],[107.4970487,-6.8513218,0],[107.4970638,-6.8513156,0],[107.4970788,-6.8513063,0],[107.4970921,-6.8512922,0],[107.4971035,-6.8512732,0]]},"properties":{"name":"Jalan Simpang","styleUrl":"#6419","stroke-opacity":1,"stroke":"#ED1C24","stroke-width":4},"id":"6418"},{"type":"Feature","geometry":{"type":"LineString","coordinates":[[107.5408995,-6.8728035,0],[107.5410215,-6.8728785,0]]},"properties":{"name":"Jalan Jend. H. Amir Machmud","styleUrl":"#6423","stroke-opacity":1,"stroke":"#ED1C24","stroke-width":4},"id":"6422"},{"type":"Feature","geometry":{"type":"LineString","coordinates":[[107.6080507,-6.92126,0],[107.6077991,-6.9212366,0]]},"properties":{"name":"Jalan Asia Afrika","styleUrl":"#6427","stroke-opacity":1,"stroke":"#ED1C24","stroke-width":4},"id":"6426"},{"type":"Feature","geometry":{"type":"LineString","coordinates":[[107.5541694,-6.8858165,0],[107.5542851,-6.8859958,0],[107.5543889,-6.8861567,0],[107.5546545,-6.8865907,0],[107.5548379,-6.8868775,0],[107.5554797,-6.8879517,0]]},"properties":{"name":"Jalan Jend. H. Amir Machmud","styleUrl":"#6431","stroke-opacity":1,"stroke":"#ED1C24","stroke-width":4},"id":"6430"},{"type":"Feature","geometry":{"type":"LineString","coordinates":[[107.5531885,-6.8843128,0],[107.5532749,-6.8843897,0],[107.5533095,-6.8844555,0],[107.5536834,-6.8850678,0],[107.5538169,-6.8852824,0],[107.5539243,-6.885443,0],[107.5540488,-6.8856295,0],[107.5541694,-6.8858165,0]]},"properties":{"name":"Jalan Jend. H. Amir Machmud","styleUrl":"#6435","stroke-opacity":1,"stroke":"#ED1C24","stroke-width":4},"id":"6434"},{"type":"Feature","geometry":{"type":"LineString","coordinates":[[107.549317,-6.8779991,0],[107.5494026,-6.8780936,0]]},"properties":{"name":"Jalan Jend. H. Amir Machmud","styleUrl":"#6439","stroke-opacity":1,"stroke":"#ED1C24","stroke-width":4},"id":"6438"},{"type":"Feature","geometry":{"type":"LineString","coordinates":[[107.5343842,-6.869692,0],[107.5344382,-6.8696871,0],[107.5347789,-6.8698083,0]]},"properties":{"name":"Jalan Jend. H. Amir Machmud","styleUrl":"#6443","stroke-opacity":1,"stroke":"#ED1C24","stroke-width":4},"id":"6442"},{"type":"Feature","geometry":{"type":"LineString","coordinates":[[107.5347789,-6.8698083,0],[107.5351322,-6.8699342,0],[107.5353127,-6.8699962,0],[107.5355929,-6.8700965,0],[107.5358512,-6.8701925,0],[107.5359218,-6.8702457,0]]},"properties":{"name":"Jalan Jend. H. Amir Machmud","styleUrl":"#6447","stroke-opacity":1,"stroke":"#ED1C24","stroke-width":4},"id":"6446"},{"type":"Feature","geometry":{"type":"LineString","coordinates":[[107.5412215,-6.8730016,0],[107.541357,-6.8730827,0],[107.541619,-6.8732394,0]]},"properties":{"name":"Jalan Jend. H. Amir Machmud","styleUrl":"#6451","stroke-opacity":1,"stroke":"#ED1C24","stroke-width":4},"id":"6450"},{"type":"Feature","geometry":{"type":"LineString","coordinates":[[107.4971035,-6.8512732,0],[107.4971168,-6.8513136,0],[107.4971242,-6.8513308,0],[107.4971315,-6.8513524,0],[107.4971444,-6.8513892,0],[107.49716,-6.8514191,0],[107.4971959,-6.8514713,0]]},"properties":{"name":"Jalan Simpang","styleUrl":"#6455","stroke-opacity":1,"stroke":"#ED1C24","stroke-width":4},"id":"6454"},{"type":"Feature","geometry":{"type":"LineString","coordinates":[[107.4633572,-6.8648075,0],[107.4634031,-6.864828,0],[107.4634779,-6.8648561,0],[107.4640054,-6.8650609,0],[107.4644707,-6.8652401,0],[107.4652002,-6.8654997,0],[107.4654195,-6.8655811,0],[107.4658465,-6.8657528,0],[107.4662287,-6.8658962,0]]},"properties":{"name":"Jalan Parahyangan","styleUrl":"#6459","stroke-opacity":1,"stroke":"#ED1C24","stroke-width":4},"id":"6458"},{"type":"Feature","geometry":{"type":"LineString","coordinates":[[107.4987021,-6.8578894,0],[107.4987182,-6.8581066,0]]},"properties":{"name":"Jalan Nasional III","styleUrl":"#6463","stroke-opacity":1,"stroke":"#ED1C24","stroke-width":4},"id":"6462"},{"type":"Feature","geometry":{"type":"LineString","coordinates":[[107.4978121,-6.8539405,0],[107.4978195,-6.8539756,0],[107.497921,-6.8543483,0],[107.4979689,-6.8545091,0],[107.4980044,-6.8546237,0],[107.4980409,-6.8547619,0],[107.4980626,-6.8548322,0],[107.4980832,-6.8548991,0],[107.4981383,-6.8550605,0],[107.4981795,-6.8551922,0],[107.4982118,-6.8553041,0],[107.4982291,-6.855364,0],[107.4982378,-6.8553939,0],[107.4982496,-6.8554342,0],[107.4982975,-6.8555796,0],[107.4983226,-6.8556685,0],[107.4983676,-6.8558429,0],[107.4983981,-6.8559365,0],[107.4984229,-6.8560363,0],[107.4984955,-6.8563195,0],[107.4985165,-6.856411,0],[107.4985642,-6.8566145,0],[107.4986032,-6.8567807,0],[107.4986178,-6.8568699,0],[107.4986213,-6.8568936,0],[107.4986408,-6.8570257,0],[107.4986583,-6.8572813,0],[107.4986651,-6.8573652,0],[107.4986693,-6.8574167,0],[107.4986734,-6.8574856,0],[107.4986774,-6.8575545,0],[107.4986922,-6.857755,0],[107.4987011,-6.8578756,0],[107.4987021,-6.8578894,0]]},"properties":{"name":"Jalan Nasional III","styleUrl":"#6467","stroke-opacity":1,"stroke":"#ED1C24","stroke-width":4},"id":"6466"},{"type":"Feature","geometry":{"type":"LineString","coordinates":[[107.4687633,-6.8663594,0],[107.468989,-6.8663525,0],[107.4692162,-6.8663547,0]]},"properties":{"name":"Jalan Parahyangan","styleUrl":"#6471","stroke-opacity":1,"stroke":"#ED1C24","stroke-width":4},"id":"6470"},{"type":"Feature","geometry":{"type":"LineString","coordinates":[[107.4874491,-6.8577118,0],[107.4876716,-6.8576416,0],[107.4879757,-6.8575383,0],[107.488122,-6.8574912,0],[107.488308,-6.8574314,0],[107.4885459,-6.8573551,0],[107.4888892,-6.8572401,0],[107.4892812,-6.8570951,0],[107.4894686,-6.8570082,0],[107.489531,-6.8569726,0],[107.4896523,-6.8569034,0],[107.4897438,-6.8568342,0],[107.4899844,-6.8566524,0],[107.4900085,-6.8566282,0],[107.4901429,-6.8564932,0],[107.4901532,-6.8564805,0],[107.4902639,-6.8563447,0],[107.490483,-6.8560057,0],[107.4904865,-6.8559994,0],[107.4905871,-6.8557926,0],[107.4906776,-6.855566,0],[107.4907709,-6.8552799,0],[107.4908185,-6.8551202,0],[107.4908989,-6.854854,0],[107.4910049,-6.8546029,0],[107.4910743,-6.8544566,0],[107.491121,-6.8543751,0],[107.4912161,-6.8542267,0],[107.4913222,-6.8540756,0],[107.49144,-6.8539351,0],[107.4915761,-6.8537961,0],[107.491837,-6.8535702,0],[107.4921311,-6.853325,0],[107.4923265,-6.8531708,0],[107.4925389,-6.8530232,0],[107.4928491,-6.8528116,0],[107.4932077,-6.8525742,0],[107.493305,-6.8525093,0],[107.4933647,-6.8524575,0],[107.4934922,-6.8523177,0]]},"properties":{"name":"Jalan Panyawangan","styleUrl":"#6475","stroke-opacity":1,"stroke":"#ED1C24","stroke-width":4},"id":"6474"},{"type":"Feature","geometry":{"type":"LineString","coordinates":[[107.6031066,-6.9160901,0],[107.6043695,-6.9158689,0],[107.6045054,-6.9158364,0]]},"properties":{"name":"Jalan Suniaraja","styleUrl":"#6479","stroke-opacity":1,"stroke":"#ED1C24","stroke-width":4},"id":"6478"},{"type":"Feature","geometry":{"type":"LineString","coordinates":[[107.6045054,-6.9158364,0],[107.6045124,-6.9157548,0],[107.6045263,-6.9155905,0],[107.604546,-6.9153572,0]]},"properties":{"name":"Jalan Otto Iskandardinata","styleUrl":"#6483","stroke-opacity":1,"stroke":"#ED1C24","stroke-width":4},"id":"6482"},{"type":"Feature","geometry":{"type":"LineString","coordinates":[[107.496525,-6.8427291,0],[107.4965636,-6.8426821,0],[107.4965685,-6.8426769,0],[107.4965774,-6.8426618,0],[107.4965807,-6.8426422,0],[107.4965757,-6.8426232,0],[107.4965652,-6.8426098,0],[107.4962927,-6.8423604,0],[107.4962072,-6.8422795,0],[107.4957946,-6.8418937,0],[107.4957779,-6.8418735,0],[107.4957634,-6.8418494,0],[107.4957563,-6.8418161,0],[107.4957564,-6.8417592,0],[107.4957594,-6.8417245,0],[107.4957571,-6.8416926,0],[107.4957408,-6.8416622,0],[107.4957229,-6.8416426,0],[107.4957007,-6.8416273,0],[107.4956645,-6.8416227,0],[107.4956229,-6.8416289,0]]},"properties":{"name":"Route Segment","styleUrl":"#6487","stroke-opacity":1,"stroke":"#ED1C24","stroke-width":4},"id":"6486"},{"type":"Feature","geometry":{"type":"LineString","coordinates":[[107.4668097,-6.8663512,0],[107.4667476,-6.8663234,0],[107.4665558,-6.8662861,0],[107.4659757,-6.8662866,0],[107.4659518,-6.8662823,0],[107.4659305,-6.8662707,0],[107.4659141,-6.866253,0],[107.4659042,-6.8662309,0],[107.465902,-6.8662069,0],[107.4659082,-6.8661823,0],[107.4659223,-6.8661612,0],[107.4659427,-6.8661461,0],[107.4659671,-6.8661386,0],[107.4659926,-6.8661397,0],[107.4661021,-6.866168,0]]},"properties":{"name":"Route Segment","styleUrl":"#6491","stroke-opacity":1,"stroke":"#ED1C24","stroke-width":4},"id":"6490"},{"type":"Feature","geometry":{"type":"LineString","coordinates":[[107.4934922,-6.8523177,0],[107.4934922,-6.8522266,0],[107.4935001,-6.8521613,0],[107.4935127,-6.8521063,0],[107.4935344,-6.8520506,0],[107.4935642,-6.8520008,0],[107.493597,-6.8519537,0],[107.4936319,-6.8519114,0],[107.493668,-6.851876,0],[107.4937065,-6.8518461,0],[107.493751,-6.8518207,0],[107.493795,-6.8518006,0],[107.4938418,-6.8517845,0],[107.4938843,-6.8517736,0],[107.4939237,-6.8517673,0],[107.4939593,-6.8517637,0],[107.4940018,-6.8517618,0],[107.4940543,-6.8517636,0]]},"properties":{"name":"Jalan Kota Baru Parahyangan","styleUrl":"#6495","stroke-opacity":1,"stroke":"#ED1C24","stroke-width":4},"id":"6494"},{"type":"Feature","geometry":{"type":"LineString","coordinates":[[107.610072,-6.9165602,0],[107.6101313,-6.9165901,0],[107.6106113,-6.9168303,0],[107.6108249,-6.916942,0],[107.6109278,-6.9169939,0]]},"properties":{"name":"Jalan Lembong","styleUrl":"#6499","stroke-opacity":1,"stroke":"#ED1C24","stroke-width":4},"id":"6498"},{"type":"Feature","geometry":{"type":"LineString","coordinates":[[107.6089588,-6.9159458,0],[107.6090126,-6.9160368,0],[107.6090539,-6.9160779,0],[107.6090668,-6.9160857,0],[107.6091109,-6.9161236,0],[107.6092086,-6.9161842,0]]},"properties":{"name":"Jalan Lembong","styleUrl":"#6503","stroke-opacity":1,"stroke":"#ED1C24","stroke-width":4},"id":"6502"},{"type":"Feature","geometry":{"type":"LineString","coordinates":[[107.5589596,-6.8938395,0],[107.5588855,-6.8937179,0]]},"properties":{"name":"Jalan Layang Cimindi","styleUrl":"#6507","stroke-opacity":1,"stroke":"#ED1C24","stroke-width":4},"id":"6506"},{"type":"Feature","geometry":{"type":"LineString","coordinates":[[107.5825032,-6.9147967,0],[107.5828928,-6.9149105,0],[107.5830612,-6.9149597,0],[107.5833434,-6.9150421,0]]},"properties":{"name":"Jalan Rajawali Timur","styleUrl":"#6511","stroke-opacity":1,"stroke":"#ED1C24","stroke-width":4},"id":"6510"},{"type":"Feature","geometry":{"type":"LineString","coordinates":[[107.6064066,-6.9149399,0],[107.6065239,-6.9149519,0],[107.6066003,-6.9149924,0],[107.6066521,-6.9150384,0],[107.6067855,-6.9152656,0],[107.6068306,-6.9152963,0],[107.606909,-6.9153005,0]]},"properties":{"name":"Jalan Stasiun Timur","styleUrl":"#6515","stroke-opacity":1,"stroke":"#ED1C24","stroke-width":4},"id":"6514"},{"type":"Feature","geometry":{"type":"LineString","coordinates":[[107.4626671,-6.8646301,0],[107.462721,-6.8645266,0],[107.4628019,-6.8644443,0],[107.4629073,-6.8643939,0],[107.4630234,-6.8643804,0],[107.4631376,-6.8644051,0],[107.4632468,-6.8644738,0],[107.463324,-6.8645768,0],[107.4633587,-6.8647004,0],[107.4633572,-6.8648075,0]]},"properties":{"name":"Route Segment","styleUrl":"#6519","stroke-opacity":1,"stroke":"#ED1C24","stroke-width":4},"id":"6518"},{"type":"Feature","geometry":{"type":"LineString","coordinates":[[107.6089744,-6.91522,0],[107.6089735,-6.9152622,0],[107.6089588,-6.9159458,0]]},"properties":{"name":"Jalan Braga","styleUrl":"#6523","stroke-opacity":1,"stroke":"#ED1C24","stroke-width":4},"id":"6522"},{"type":"Feature","geometry":{"type":"LineString","coordinates":[[107.6022035,-6.9161755,0],[107.6023281,-6.9161607,0],[107.6024135,-6.9161558,0]]},"properties":{"name":"Jalan Suniaraja","styleUrl":"#6527","stroke-opacity":1,"stroke":"#ED1C24","stroke-width":4},"id":"6526"},{"type":"Feature","geometry":{"type":"LineString","coordinates":[[107.5657545,-6.9049096,0],[107.5663258,-6.905851,0],[107.5666016,-6.9063054,0]]},"properties":{"name":"Jalan Jend. H. Amir Machmud","styleUrl":"#6531","stroke-opacity":1,"stroke":"#ED1C24","stroke-width":4},"id":"6530"},{"type":"Feature","geometry":{"type":"LineString","coordinates":[[107.5904668,-6.9165055,0],[107.5910563,-6.9165244,0]]},"properties":{"name":"Jalan Kebon Jati","styleUrl":"#6535","stroke-opacity":1,"stroke":"#ED1C24","stroke-width":4},"id":"6534"},{"type":"Feature","geometry":{"type":"LineString","coordinates":[[107.5729282,-6.9120185,0],[107.573014,-6.9120524,0],[107.5733246,-6.9121739,0],[107.5735241,-6.9122519,0],[107.5736798,-6.9123128,0],[107.5737227,-6.9123296,0],[107.5741069,-6.9124804,0],[107.5746597,-6.9126961,0],[107.5747971,-6.9127499,0],[107.5748397,-6.9127665,0],[107.575213,-6.9129126,0],[107.5753191,-6.9129541,0],[107.5753653,-6.9129722,0]]},"properties":{"name":"Jalan Rajawali Barat","styleUrl":"#6539","stroke-opacity":1,"stroke":"#ED1C24","stroke-width":4},"id":"6538"},{"type":"Feature","geometry":{"type":"LineString","coordinates":[[107.498095,-6.8444568,0],[107.4980859,-6.8445074,0],[107.4980687,-6.8446223,0],[107.4980377,-6.8447794,0]]},"properties":{"name":"Jalan Panaris","styleUrl":"#6543","stroke-opacity":1,"stroke":"#ED1C24","stroke-width":4},"id":"6542"},{"type":"Feature","geometry":{"type":"LineString","coordinates":[[107.6073185,-6.9143005,0],[107.6073396,-6.9142915,0],[107.6073918,-6.9142744,0],[107.607494,-6.9142383,0],[107.6075641,-6.9142136,0]]},"properties":{"name":"Jalan Perintis Kemerdekaan","styleUrl":"#6547","stroke-opacity":1,"stroke":"#ED1C24","stroke-width":4},"id":"6546"},{"type":"Feature","geometry":{"type":"LineString","coordinates":[[107.4652055,-6.8656256,0],[107.4646954,-6.8654179,0],[107.4640445,-6.8651709,0],[107.4635435,-6.8649769,0],[107.4634518,-6.86494,0],[107.4633229,-6.8648918,0]]},"properties":{"name":"Jalan Parahyangan","styleUrl":"#6551","stroke-opacity":1,"stroke":"#ED1C24","stroke-width":4},"id":"6550"},{"type":"Feature","geometry":{"type":"LineString","coordinates":[[107.4661021,-6.866168,0],[107.4662494,-6.8662062,0],[107.4662836,-6.8661962,0],[107.466303,-6.8661769,0],[107.4663235,-6.8661173,0],[107.4663188,-6.866089,0],[107.4663016,-6.8660626,0],[107.4662694,-6.8660304,0],[107.4661951,-6.8659828,0]]},"properties":{"name":"Route Segment","styleUrl":"#6555","stroke-opacity":1,"stroke":"#ED1C24","stroke-width":4},"id":"6554"},{"type":"Feature","geometry":{"type":"LineString","coordinates":[[107.4662287,-6.8658962,0],[107.4671162,-6.8661259,0],[107.4678673,-6.8662864,0],[107.4684174,-6.8663596,0],[107.4685065,-6.8663602,0],[107.4685402,-6.8663605,0],[107.46866,-6.8663613,0]]},"properties":{"name":"Jalan Parahyangan","styleUrl":"#6559","stroke-opacity":1,"stroke":"#ED1C24","stroke-width":4},"id":"6558"},{"type":"Feature","geometry":{"type":"LineString","coordinates":[[107.4964724,-6.8426887,0],[107.496525,-6.8427291,0]]},"properties":{"name":"Jalan Cihaliwung","styleUrl":"#6563","stroke-opacity":1,"stroke":"#ED1C24","stroke-width":4},"id":"6562"},{"type":"Feature","geometry":{"type":"LineString","coordinates":[[107.46866,-6.8663613,0],[107.4687633,-6.8663594,0]]},"properties":{"name":"Jalan Parahyangan","styleUrl":"#6567","stroke-opacity":1,"stroke":"#ED1C24","stroke-width":4},"id":"6566"},{"type":"Feature","geometry":{"type":"LineString","coordinates":[[107.5359218,-6.8702457,0],[107.5362685,-6.8703754,0],[107.5363078,-6.8703903,0]]},"properties":{"name":"Jalan Jend. H. Amir Machmud","styleUrl":"#6571","stroke-opacity":1,"stroke":"#ED1C24","stroke-width":4},"id":"6570"},{"type":"Feature","geometry":{"type":"LineString","coordinates":[[107.5363078,-6.8703903,0],[107.5363431,-6.8704044,0]]},"properties":{"name":"Jalan Jend. H. Amir Machmud","styleUrl":"#6575","stroke-opacity":1,"stroke":"#ED1C24","stroke-width":4},"id":"6574"},{"type":"Feature","geometry":{"type":"LineString","coordinates":[[107.6124025,-6.9182678,0],[107.6123395,-6.9186433,0],[107.6123245,-6.9187491,0],[107.61235,-6.918793,0]]},"properties":{"name":"Jalan Tamblong","styleUrl":"#6579","stroke-opacity":1,"stroke":"#ED1C24","stroke-width":4},"id":"6578"},{"type":"Feature","geometry":{"type":"LineString","coordinates":[[107.4661951,-6.8659828,0],[107.4652055,-6.8656256,0]]},"properties":{"name":"Jalan Parahyangan","styleUrl":"#6583","stroke-opacity":1,"stroke":"#ED1C24","stroke-width":4},"id":"6582"},{"type":"Feature","geometry":{"type":"LineString","coordinates":[[107.5982715,-6.9163189,0],[107.5983921,-6.91631,0]]},"properties":{"name":"Jalan Kebon Jati","styleUrl":"#6587","stroke-opacity":1,"stroke":"#ED1C24","stroke-width":4},"id":"6586"},{"type":"Feature","geometry":{"type":"LineString","coordinates":[[107.5753653,-6.9129722,0],[107.5754115,-6.9129902,0],[107.5755013,-6.9130253,0],[107.575721,-6.9131092,0]]},"properties":{"name":"Jalan Rajawali Barat","styleUrl":"#6591","stroke-opacity":1,"stroke":"#ED1C24","stroke-width":4},"id":"6590"},{"type":"Feature","geometry":{"type":"LineString","coordinates":[[107.4956229,-6.8416289,0],[107.4956303,-6.8416556,0],[107.4956578,-6.8418091,0],[107.4956786,-6.8418973,0],[107.4957088,-6.8419587,0],[107.4957351,-6.8419976,0],[107.4958472,-6.84211,0]]},"properties":{"name":"Jalan Cihaliwung","styleUrl":"#6595","stroke-opacity":1,"stroke":"#ED1C24","stroke-width":4},"id":"6594"},{"type":"Feature","geometry":{"type":"LineString","coordinates":[[107.4955273,-6.8503217,0],[107.4956199,-6.8503909,0]]},"properties":{"name":"Jalan Raya Padalarang","styleUrl":"#6599","stroke-opacity":1,"stroke":"#ED1C24","stroke-width":4},"id":"6598"},{"type":"Feature","geometry":{"type":"LineString","coordinates":[[107.5238237,-6.8685111,0],[107.5240567,-6.8685213,0],[107.5242475,-6.8685297,0],[107.5243947,-6.8685238,0],[107.5245213,-6.8685157,0],[107.5246659,-6.8685002,0],[107.5248121,-6.8684764,0],[107.5250106,-6.8684338,0],[107.5252251,-6.8683845,0],[107.5253284,-6.8683626,0],[107.5254235,-6.8683509,0],[107.525547,-6.8683413,0],[107.525671,-6.8683467,0],[107.5258493,-6.8683639,0],[107.5260715,-6.8684195,0],[107.5261248,-6.8684369,0]]},"properties":{"name":"Route Segment","styleUrl":"#6603","stroke-opacity":1,"stroke":"#ED1C24","stroke-width":4},"id":"6602"},{"type":"Feature","geometry":{"type":"LineString","coordinates":[[107.4843572,-6.8587619,0],[107.4844215,-6.858695,0],[107.484503,-6.8586504,0],[107.4845942,-6.858632,0],[107.4846868,-6.8586416,0],[107.4847723,-6.8586782,0]]},"properties":{"name":"Jalan Kota Baru Parahyangan","styleUrl":"#6607","stroke-opacity":1,"stroke":"#ED1C24","stroke-width":4},"id":"6606"},{"type":"Feature","geometry":{"type":"Point","coordinates":[107.6361478,-6.9729226,0]},"properties":{"name":"Permata Buah Batu","styleUrl":"#7311","icon-scale":1,"icon":"http://maps.google.com/mapfiles/kml/pushpin/ylw-pushpin.png"},"id":"7310"},{"type":"Feature","geometry":{"type":"Point","coordinates":[107.6309071,-7.0054785,0]},"properties":{"name":"Apotek K24","styleUrl":"#7316","icon-scale":1,"icon":"http://maps.google.com/mapfiles/kml/pushpin/ylw-pushpin.png"},"id":"7315"},{"type":"Feature","geometry":{"type":"Point","coordinates":[107.6121553,-6.9484924,0]},"properties":{"name":"PLN UP3 Bandung B","styleUrl":"#7321","icon-scale":1,"icon":"http://maps.google.com/mapfiles/kml/pushpin/ylw-pushpin.png"},"id":"7320"},{"type":"Feature","geometry":{"type":"Point","coordinates":[107.6097021,-6.9101076,0]},"properties":{"name":"Museum Kota Bandung","styleUrl":"#7326","icon-scale":1,"icon":"http://maps.google.com/mapfiles/kml/pushpin/ylw-pushpin.png"},"id":"7325"},{"type":"Feature","geometry":{"type":"Point","coordinates":[107.619152,-6.9489877,0]},"properties":{"name":"PT LEN Industri B","styleUrl":"#7331","icon-scale":1,"icon":"http://maps.google.com/mapfiles/kml/pushpin/ylw-pushpin.png"},"id":"7330"},{"type":"Feature","geometry":{"type":"Point","coordinates":[107.6062885,-6.939027,0]},"properties":{"name":"Muhammad Toha 1 (PT INTI A)","styleUrl":"#7336","icon-scale":1,"icon":"http://maps.google.com/mapfiles/kml/pushpin/ylw-pushpin.png"},"id":"7335"},{"type":"Feature","geometry":{"type":"Point","coordinates":[107.6071455,-6.9211653,0]},"properties":{"name":"Alun-Alun Bandung","styleUrl":"#7341","icon-scale":1,"icon":"http://maps.google.com/mapfiles/kml/pushpin/ylw-pushpin.png"},"id":"7340"},{"type":"Feature","geometry":{"type":"Point","coordinates":[107.6104548,-6.9125343,0]},"properties":{"name":"Merdeka","styleUrl":"#7346","icon-scale":1,"icon":"http://maps.google.com/mapfiles/kml/pushpin/ylw-pushpin.png"},"id":"7345"},{"type":"Feature","geometry":{"type":"Point","coordinates":[107.6039434,-6.9230192,0]},"properties":{"name":"Toko Mas ABC","styleUrl":"#7351","icon-scale":1,"icon":"http://maps.google.com/mapfiles/kml/pushpin/ylw-pushpin.png"},"id":"7350"},{"type":"Feature","geometry":{"type":"Point","coordinates":[107.6036329,-6.9280445,0]},"properties":{"name":"Simpang Ijan","styleUrl":"#7356","icon-scale":1,"icon":"http://maps.google.com/mapfiles/kml/pushpin/ylw-pushpin.png"},"id":"7355"},{"type":"Feature","geometry":{"type":"Point","coordinates":[107.603223,-6.9339734,0]},"properties":{"name":"Taman Tegallega","styleUrl":"#7361","icon-scale":1,"icon":"http://maps.google.com/mapfiles/kml/pushpin/ylw-pushpin.png"},"id":"7360"},{"type":"Feature","geometry":{"type":"Point","coordinates":[107.6083491,-6.945205,0]},"properties":{"name":"Madurasa Tengah","styleUrl":"#7366","icon-scale":1,"icon":"http://maps.google.com/mapfiles/kml/pushpin/ylw-pushpin.png"},"id":"7365"},{"type":"Feature","geometry":{"type":"Point","coordinates":[107.6355974,-6.9749692,0]},"properties":{"name":"Podomoro","styleUrl":"#7371","icon-scale":1,"icon":"http://maps.google.com/mapfiles/kml/pushpin/ylw-pushpin.png"},"id":"7370"},{"type":"Feature","geometry":{"type":"Point","coordinates":[107.6235977,-7.0059629,0]},"properties":{"name":"KEJARI Bale Bandung","styleUrl":"#7376","icon-scale":1,"icon":"http://maps.google.com/mapfiles/kml/pushpin/ylw-pushpin.png"},"id":"7375"},{"type":"Feature","geometry":{"type":"Point","coordinates":[107.6243131,-7.0074774,0]},"properties":{"name":"RS Al-Ihsan","styleUrl":"#7381","icon-scale":1,"icon":"http://maps.google.com/mapfiles/kml/pushpin/ylw-pushpin.png"},"id":"7380"},{"type":"Feature","geometry":{"type":"Point","coordinates":[107.6318593,-7.0002949,0]},"properties":{"name":"Masjid Jami' Baitul Huda B","styleUrl":"#7386","icon-scale":1,"icon":"http://maps.google.com/mapfiles/kml/pushpin/ylw-pushpin.png"},"id":"7385"},{"type":"Feature","geometry":{"type":"Point","coordinates":[107.6316525,-6.9914167,0]},"properties":{"name":"Alfamart SPBU Bojongsoang","styleUrl":"#7391","icon-scale":1,"icon":"http://maps.google.com/mapfiles/kml/pushpin/ylw-pushpin.png"},"id":"7390"},{"type":"Feature","geometry":{"type":"Point","coordinates":[107.6328659,-6.9857289,0]},"properties":{"name":"Griya Bandung Asri","styleUrl":"#7396","icon-scale":1,"icon":"http://maps.google.com/mapfiles/kml/pushpin/ylw-pushpin.png"},"id":"7395"},{"type":"Feature","geometry":{"type":"Point","coordinates":[107.6339127,-6.981957,0]},"properties":{"name":"AHASS","styleUrl":"#7401","icon-scale":1,"icon":"http://maps.google.com/mapfiles/kml/pushpin/ylw-pushpin.png"},"id":"7400"},{"type":"Feature","geometry":{"type":"Point","coordinates":[107.6375686,-6.9671846,0]},"properties":{"name":"Transmart Buahbatu","styleUrl":"#7406","icon-scale":1,"icon":"http://maps.google.com/mapfiles/kml/pushpin/ylw-pushpin.png"},"id":"7405"},{"type":"Feature","geometry":{"type":"Point","coordinates":[107.6381038,-6.9649573,0]},"properties":{"name":"Puskesmas Kujangsari B","styleUrl":"#7411","icon-scale":1,"icon":"http://maps.google.com/mapfiles/kml/pushpin/ylw-pushpin.png"},"id":"7410"},{"type":"Feature","geometry":{"type":"Point","coordinates":[107.6394982,-6.9584038,0]},"properties":{"name":"Bluebird B","styleUrl":"#7416","icon-scale":1,"icon":"http://maps.google.com/mapfiles/kml/pushpin/ylw-pushpin.png"},"id":"7415"},{"type":"Feature","geometry":{"type":"Point","coordinates":[107.6387006,-6.9534876,0]},"properties":{"name":"Pasar Kordon B","styleUrl":"#7421","icon-scale":1,"icon":"http://maps.google.com/mapfiles/kml/pushpin/ylw-pushpin.png"},"id":"7420"},{"type":"Feature","geometry":{"type":"Point","coordinates":[107.6357751,-6.9503784,0]},"properties":{"name":"Swadarma BNI","styleUrl":"#7426","icon-scale":1,"icon":"http://maps.google.com/mapfiles/kml/pushpin/ylw-pushpin.png"},"id":"7425"},{"type":"Feature","geometry":{"type":"Point","coordinates":[107.6339239,-6.9484693,0]},"properties":{"name":"Taman Buah Batu","styleUrl":"#7431","icon-scale":1,"icon":"http://maps.google.com/mapfiles/kml/pushpin/ylw-pushpin.png"},"id":"7430"},{"type":"Feature","geometry":{"type":"Point","coordinates":[107.6280918,-6.9493306,0]},"properties":{"name":"Bangunan Mart B","styleUrl":"#7436","icon-scale":1,"icon":"http://maps.google.com/mapfiles/kml/pushpin/ylw-pushpin.png"},"id":"7435"},{"type":"Feature","geometry":{"type":"Point","coordinates":[107.6248137,-6.9494301,0]},"properties":{"name":"LPKIA B","styleUrl":"#7441","icon-scale":1,"icon":"http://maps.google.com/mapfiles/kml/pushpin/ylw-pushpin.png"},"id":"7440"},{"type":"Feature","geometry":{"type":"Point","coordinates":[107.6093744,-6.9081456,0]},"properties":{"name":"Bandung Electronic Center","styleUrl":"#7446","icon-scale":1,"icon":"http://maps.google.com/mapfiles/kml/pushpin/ylw-pushpin.png"},"id":"7445"},{"type":"Feature","geometry":{"type":"Point","coordinates":[107.6261375,-7.0067058,0]},"properties":{"name":"Baleendah","styleUrl":"#7451","icon-scale":1,"icon":"http://maps.google.com/mapfiles/kml/pushpin/ylw-pushpin.png"},"id":"7450"},{"type":"Feature","geometry":{"type":"LineString","coordinates":[[107.6093744,-6.9081456,0],[107.6093775,-6.9084083,0],[107.6093813,-6.9085187,0],[107.6093842,-6.9088763,0],[107.6093747,-6.9089464,0],[107.6093527,-6.9090316,0],[107.6092981,-6.9091183,0],[107.6092179,-6.9091598,0],[107.6091211,-6.9091702,0],[107.6085607,-6.9091266,0]]},"properties":{"name":"Jalan Purnawarman","styleUrl":"#7456","stroke-opacity":1,"stroke":"#562B63","stroke-width":4},"id":"7455"},{"type":"Feature","geometry":{"type":"LineString","coordinates":[[107.6040992,-6.9208034,0],[107.6040892,-6.9209261,0],[107.6040142,-6.9219758,0],[107.6040087,-6.9220583,0],[107.6039434,-6.9230192,0],[107.6039369,-6.9231152,0]]},"properties":{"name":"Jalan Otto Iskandardinata","styleUrl":"#7460","stroke-opacity":1,"stroke":"#562B63","stroke-width":4},"id":"7459"},{"type":"Feature","geometry":{"type":"LineString","coordinates":[[107.6085607,-6.9091266,0],[107.6085033,-6.9091626,0],[107.6084529,-6.9092079,0],[107.6084111,-6.909261,0],[107.6083958,-6.9093101,0],[107.6083912,-6.9093671,0]]},"properties":{"name":"Jalan Purnawarman","styleUrl":"#7464","stroke-opacity":1,"stroke":"#562B63","stroke-width":4},"id":"7463"},{"type":"Feature","geometry":{"type":"LineString","coordinates":[[107.6122092,-6.9201091,0],[107.6121953,-6.9202135,0],[107.612155,-6.9205282,0],[107.6121207,-6.9208351,0],[107.6120718,-6.9213137,0],[107.6120281,-6.9216096,0],[107.6120118,-6.9217387,0]]},"properties":{"name":"Jalan Tamblong","styleUrl":"#7468","stroke-opacity":1,"stroke":"#562B63","stroke-width":4},"id":"7467"},{"type":"Feature","geometry":{"type":"LineString","coordinates":[[107.6378065,-6.9660751,0],[107.6378022,-6.9660949,0],[107.6377583,-6.9662997,0],[107.6377398,-6.9663836,0],[107.637718,-6.9664881,0],[107.6376914,-6.9666121,0],[107.63764,-6.9668648,0],[107.6376161,-6.9669718,0],[107.6376092,-6.9670029,0],[107.6375686,-6.9671846,0],[107.6374709,-6.9676213,0],[107.6374449,-6.9677377,0],[107.6373154,-6.9683172,0],[107.6372888,-6.9684363,0],[107.6370571,-6.9694733,0],[107.6370479,-6.9695143,0],[107.6369304,-6.9700405,0],[107.6369161,-6.9701041,0],[107.6368934,-6.9701783,0]]},"properties":{"name":"Jalan Raya Bojongsoang","styleUrl":"#7472","stroke-opacity":1,"stroke":"#562B63","stroke-width":4},"id":"7471"},{"type":"Feature","geometry":{"type":"LineString","coordinates":[[107.6032238,-6.935481,0],[107.6032173,-6.935578,0],[107.6032076,-6.9357215,0],[107.6031855,-6.936049,0],[107.6031741,-6.936219,0],[107.6031624,-6.9363928,0],[107.6031505,-6.9365689,0]]},"properties":{"name":"Jalan Otto Iskandardinata","styleUrl":"#7476","stroke-opacity":1,"stroke":"#562B63","stroke-width":4},"id":"7475"},{"type":"Feature","geometry":{"type":"LineString","coordinates":[[107.6088785,-6.9103019,0],[107.6088445,-6.9102299,0],[107.6087817,-6.9101077,0],[107.608484,-6.9095465,0],[107.6083912,-6.9093671,0]]},"properties":{"name":"Jalan Wastukencana","styleUrl":"#7480","stroke-opacity":1,"stroke":"#562B63","stroke-width":4},"id":"7479"},{"type":"Feature","geometry":{"type":"LineString","coordinates":[[107.6312405,-7.0048462,0],[107.6312185,-7.0050869,0],[107.6312026,-7.0051603,0],[107.6311757,-7.0052422,0],[107.631148,-7.0052776,0],[107.6309071,-7.0054785,0],[107.6303516,-7.0059344,0],[107.6303208,-7.0059523,0],[107.6302832,-7.0059623,0],[107.6302443,-7.0059663,0],[107.6297938,-7.0059487,0],[107.6291782,-7.0059567,0],[107.6287137,-7.0059605,0],[107.6280322,-7.0059523,0],[107.6272639,-7.0059498,0],[107.6268268,-7.0059464,0],[107.6261913,-7.0059527,0]]},"properties":{"name":"Jalan Jaksa Naranata","styleUrl":"#7484","stroke-opacity":1,"stroke":"#562B63","stroke-width":4},"id":"7483"},{"type":"Feature","geometry":{"type":"LineString","coordinates":[[107.6109278,-6.9169939,0],[107.6111029,-6.9170839,0],[107.6113003,-6.9171832,0],[107.6113378,-6.917202,0],[107.6114765,-6.9172727,0],[107.6115788,-6.9173248,0],[107.6118099,-6.9174381,0],[107.611899,-6.9174826,0]]},"properties":{"name":"Jalan Lembong","styleUrl":"#7488","stroke-opacity":1,"stroke":"#562B63","stroke-width":4},"id":"7487"},{"type":"Feature","geometry":{"type":"LineString","coordinates":[[107.6333973,-6.9479551,0],[107.6335261,-6.9480768,0]]},"properties":{"name":"Jalan Buah Batu","styleUrl":"#7492","stroke-opacity":1,"stroke":"#562B63","stroke-width":4},"id":"7491"},{"type":"Feature","geometry":{"type":"LineString","coordinates":[[107.6335261,-6.9480768,0],[107.6335616,-6.9481122,0],[107.6336244,-6.9481774,0],[107.6337288,-6.9482852,0]]},"properties":{"name":"Jalan Buah Batu","styleUrl":"#7496","stroke-opacity":1,"stroke":"#562B63","stroke-width":4},"id":"7495"},{"type":"Feature","geometry":{"type":"LineString","coordinates":[[107.621611,-6.9491677,0],[107.6219888,-6.9491964,0]]},"properties":{"name":"Jalan Soekarno-Hatta","styleUrl":"#7500","stroke-opacity":1,"stroke":"#562B63","stroke-width":4},"id":"7499"},{"type":"Feature","geometry":{"type":"LineString","coordinates":[[107.6219888,-6.9491964,0],[107.6225159,-6.949235,0],[107.6230228,-6.9492832,0],[107.6232787,-6.9493075,0],[107.6236074,-6.9493402,0],[107.6244902,-6.949411,0],[107.6248137,-6.9494301,0],[107.6249026,-6.9494354,0]]},"properties":{"name":"Jalan Soekarno-Hatta","styleUrl":"#7504","stroke-opacity":1,"stroke":"#562B63","stroke-width":4},"id":"7503"},{"type":"Feature","geometry":{"type":"LineString","coordinates":[[107.6320736,-6.9900649,0],[107.6320352,-6.9901805,0],[107.6319793,-6.9903512,0],[107.6318697,-6.9907532,0],[107.6318415,-6.9908464,0],[107.6317423,-6.9911484,0],[107.6316708,-6.99136,0],[107.6316525,-6.9914167,0],[107.6315815,-6.9916369,0],[107.6315,-6.9919241,0],[107.6314065,-6.992229,0],[107.6313361,-6.9924993,0]]},"properties":{"name":"Jalan Terusan Bojongsoang","styleUrl":"#7508","stroke-opacity":1,"stroke":"#562B63","stroke-width":4},"id":"7507"},{"type":"Feature","geometry":{"type":"LineString","coordinates":[[107.6106097,-6.9099691,0],[107.6106105,-6.9099991,0],[107.6106114,-6.9100253,0],[107.6106101,-6.9103764,0],[107.6105511,-6.9114294,0],[107.6105187,-6.9118534,0],[107.6104548,-6.9125343,0],[107.6104331,-6.9127657,0],[107.6103417,-6.9136128,0]]},"properties":{"name":"Jalan Merdeka","styleUrl":"#7512","stroke-opacity":1,"stroke":"#562B63","stroke-width":4},"id":"7511"},{"type":"Feature","geometry":{"type":"LineString","coordinates":[[107.611899,-6.9174826,0],[107.6119825,-6.9175496,0],[107.6120711,-6.9175975,0],[107.6122347,-6.9176867,0],[107.6123097,-6.9177292,0],[107.6123714,-6.9177806,0],[107.6123982,-6.9178198,0],[107.6124143,-6.9178664,0],[107.6124291,-6.917923,0],[107.6124287,-6.9180727,0],[107.6124237,-6.918134,0],[107.6124184,-6.9181952,0],[107.6124025,-6.9182678,0]]},"properties":{"name":"Route Segment","styleUrl":"#7516","stroke-opacity":1,"stroke":"#562B63","stroke-width":4},"id":"7515"},{"type":"Feature","geometry":{"type":"LineString","coordinates":[[107.6038724,-6.923931,0],[107.6038504,-6.9245193,0],[107.6037853,-6.9255254,0],[107.6037807,-6.9256072,0],[107.6036969,-6.9271072,0],[107.6036918,-6.9271992,0]]},"properties":{"name":"Jalan Otto Iskandardinata","styleUrl":"#7520","stroke-opacity":1,"stroke":"#562B63","stroke-width":4},"id":"7519"},{"type":"Feature","geometry":{"type":"LineString","coordinates":[[107.6036918,-6.9271992,0],[107.6036329,-6.9280445,0],[107.6035987,-6.9285343,0],[107.6035279,-6.9295503,0],[107.6035002,-6.9299478,0],[107.6034837,-6.930184,0],[107.6034762,-6.930325,0],[107.6034705,-6.9303736,0],[107.6034661,-6.9304369,0],[107.6034038,-6.9313301,0],[107.603397,-6.9314278,0]]},"properties":{"name":"Jalan Otto Iskandardinata","styleUrl":"#7524","stroke-opacity":1,"stroke":"#562B63","stroke-width":4},"id":"7523"},{"type":"Feature","geometry":{"type":"LineString","coordinates":[[107.6039369,-6.9231152,0],[107.6039303,-6.9231867,0]]},"properties":{"name":"Jalan Otto Iskandardinata","styleUrl":"#7528","stroke-opacity":1,"stroke":"#562B63","stroke-width":4},"id":"7527"},{"type":"Feature","geometry":{"type":"LineString","coordinates":[[107.6032256,-6.9338577,0],[107.603223,-6.9339734,0],[107.6032159,-6.9342862,0]]},"properties":{"name":"Jalan Otto Iskandardinata","styleUrl":"#7532","stroke-opacity":1,"stroke":"#562B63","stroke-width":4},"id":"7531"},{"type":"Feature","geometry":{"type":"LineString","coordinates":[[107.603397,-6.9314278,0],[107.6033247,-6.9324527,0],[107.6033123,-6.9326285,0],[107.603267,-6.9332705,0],[107.6032382,-6.9336792,0],[107.6032353,-6.9337195,0],[107.6032256,-6.9338577,0]]},"properties":{"name":"Jalan Otto Iskandardinata","styleUrl":"#7536","stroke-opacity":1,"stroke":"#562B63","stroke-width":4},"id":"7535"},{"type":"Feature","geometry":{"type":"LineString","coordinates":[[107.6092078,-6.910294,0],[107.6097021,-6.9101076,0],[107.6103674,-6.9098792,0],[107.610426,-6.9098591,0],[107.6105751,-6.9098034,0]]},"properties":{"name":"Jalan Aceh","styleUrl":"#7540","stroke-opacity":1,"stroke":"#562B63","stroke-width":4},"id":"7539"},{"type":"Feature","geometry":{"type":"LineString","coordinates":[[107.6391514,-6.9545526,0],[107.6391882,-6.9547271,0],[107.6393343,-6.9559465,0],[107.6394517,-6.956606,0],[107.6395289,-6.9570266,0],[107.6395439,-6.957094,0],[107.6395545,-6.9571696,0],[107.639597,-6.9575292,0],[107.6395863,-6.9579387,0],[107.6395742,-6.958051,0],[107.6395575,-6.95815,0],[107.6394982,-6.9584038,0],[107.6394749,-6.9585033,0],[107.6394206,-6.9587435,0],[107.6392201,-6.9597843,0],[107.6391199,-6.9602867,0],[107.6390577,-6.9605863,0],[107.6390142,-6.9607769,0],[107.6387229,-6.9618482,0],[107.6386966,-6.9619483,0]]},"properties":{"name":"Jalan Buah Batu","styleUrl":"#7544","stroke-opacity":1,"stroke":"#562B63","stroke-width":4},"id":"7543"},{"type":"Feature","geometry":{"type":"LineString","coordinates":[[107.6124767,-6.9485183,0],[107.6126412,-6.9485299,0],[107.6133504,-6.9485797,0],[107.6138166,-6.9486125,0],[107.6139137,-6.9486193,0],[107.6139666,-6.9486231,0],[107.6149203,-6.9486901,0],[107.617101,-6.9488435,0],[107.6176781,-6.9488841,0],[107.6184763,-6.9489402,0],[107.6185979,-6.9489488,0],[107.619152,-6.9489877,0],[107.6192839,-6.948997,0],[107.6196694,-6.9490241,0]]},"properties":{"name":"Jalan Soekarno-Hatta","styleUrl":"#7548","stroke-opacity":1,"stroke":"#562B63","stroke-width":4},"id":"7547"},{"type":"Feature","geometry":{"type":"LineString","coordinates":[[107.6215191,-6.9491613,0],[107.6215656,-6.9491645,0],[107.621611,-6.9491677,0]]},"properties":{"name":"Jalan Soekarno-Hatta","styleUrl":"#7552","stroke-opacity":1,"stroke":"#562B63","stroke-width":4},"id":"7551"},{"type":"Feature","geometry":{"type":"LineString","coordinates":[[107.6086676,-6.9461425,0],[107.6086093,-6.945971,0],[107.6085871,-6.9459059,0],[107.608562,-6.9458321,0],[107.6085284,-6.9457333,0],[107.6084824,-6.9455982,0],[107.6084779,-6.9455849,0],[107.6084496,-6.9455018,0],[107.608427,-6.9454354,0],[107.608407,-6.9453744,0],[107.6083491,-6.945205,0],[107.6082597,-6.9449435,0],[107.6082426,-6.9448934,0],[107.6082103,-6.9447985,0],[107.6080915,-6.9444492,0],[107.6079672,-6.944084,0],[107.6078706,-6.9438055,0],[107.607766,-6.9435054,0],[107.6077347,-6.9434128,0],[107.607677,-6.9432421,0],[107.6076477,-6.9431556,0]]},"properties":{"name":"Jalan Mohammad Toha","styleUrl":"#7556","stroke-opacity":1,"stroke":"#562B63","stroke-width":4},"id":"7555"},{"type":"Feature","geometry":{"type":"LineString","coordinates":[[107.6064546,-6.9210818,0],[107.6059289,-6.9210206,0],[107.6050735,-6.9209188,0],[107.6042519,-6.9208229,0],[107.6042261,-6.9208199,0],[107.6040992,-6.9208034,0]]},"properties":{"name":"Jalan Asia Afrika","styleUrl":"#7560","stroke-opacity":1,"stroke":"#562B63","stroke-width":4},"id":"7559"},{"type":"Feature","geometry":{"type":"LineString","coordinates":[[107.6072498,-6.9211778,0],[107.6072416,-6.9211767,0],[107.6071663,-6.9211679,0],[107.6071455,-6.9211653,0]]},"properties":{"name":"Jalan Asia Afrika","styleUrl":"#7564","stroke-opacity":1,"stroke":"#562B63","stroke-width":4},"id":"7563"},{"type":"Feature","geometry":{"type":"LineString","coordinates":[[107.6093038,-6.9479813,0],[107.6093654,-6.9480529,0],[107.6093977,-6.9480864,0],[107.6094291,-6.9481195,0],[107.6094589,-6.9481507,0],[107.6094951,-6.9481777,0],[107.6095243,-6.948196,0],[107.6095645,-6.9482188,0],[107.6096087,-6.9482404,0],[107.6096514,-6.9482594,0],[107.6097206,-6.9482923,0]]},"properties":{"name":"Route Segment","styleUrl":"#7568","stroke-opacity":1,"stroke":"#562B63","stroke-width":4},"id":"7567"},{"type":"Feature","geometry":{"type":"LineString","coordinates":[[107.6232362,-7.007083,0],[107.6234311,-7.0071582,0],[107.623885,-7.0073325,0],[107.6240593,-7.0073924,0],[107.6243131,-7.0074774,0],[107.6243805,-7.0075,0],[107.6245642,-7.0075616,0],[107.6246656,-7.0075859,0],[107.6252697,-7.0077824,0],[107.6253886,-7.0078205,0],[107.6257637,-7.0079536,0],[107.6261231,-7.0081095,0]]},"properties":{"name":"Route Segment","styleUrl":"#7572","stroke-opacity":1,"stroke":"#562B63","stroke-width":4},"id":"7571"},{"type":"Feature","geometry":{"type":"LineString","coordinates":[[107.6361046,-6.9507159,0],[107.6363023,-6.950904,0],[107.6365624,-6.9511515,0],[107.6368785,-6.9514617,0],[107.6369488,-6.9515306,0],[107.6374606,-6.9520354,0],[107.6377182,-6.952308,0],[107.6377782,-6.9523724,0],[107.6378685,-6.9524693,0],[107.6379889,-6.9525903,0],[107.6380353,-6.9526401,0],[107.6381475,-6.9527554,0],[107.6384881,-6.953121,0],[107.6386438,-6.9533684,0],[107.6387006,-6.9534876,0],[107.6387235,-6.9535357,0]]},"properties":{"name":"Jalan Buah Batu","styleUrl":"#7576","stroke-opacity":1,"stroke":"#562B63","stroke-width":4},"id":"7575"},{"type":"Feature","geometry":{"type":"LineString","coordinates":[[107.6059561,-6.9375043,0],[107.6060689,-6.9375172,0],[107.6060979,-6.9375203,0],[107.6061721,-6.9375296,0]]},"properties":{"name":"Jalan Peta","styleUrl":"#7580","stroke-opacity":1,"stroke":"#562B63","stroke-width":4},"id":"7579"},{"type":"Feature","geometry":{"type":"LineString","coordinates":[[107.6336213,-6.982891,0],[107.633572,-6.9830355,0],[107.6335615,-6.9830663,0],[107.6335302,-6.9831657,0],[107.6335161,-6.9832054,0],[107.6334542,-6.9834001,0],[107.6334443,-6.9834337,0],[107.6333645,-6.9836962,0],[107.633295,-6.9839307,0],[107.63319,-6.9842659,0],[107.6331142,-6.9845196,0],[107.6330944,-6.984586,0],[107.6330745,-6.9846524,0],[107.6329877,-6.9849885,0],[107.6329841,-6.98501,0],[107.632947,-6.985235,0],[107.6328922,-6.9855671,0],[107.6328659,-6.9857289,0],[107.6328247,-6.9859824,0],[107.6327896,-6.9861987,0],[107.6327571,-6.9863987,0],[107.6326896,-6.9868137,0],[107.6324776,-6.987975,0],[107.6324363,-6.9883896,0],[107.6324078,-6.9888436,0],[107.632341,-6.9892213,0],[107.6323057,-6.9893722,0],[107.63227,-6.9894981,0],[107.6322368,-6.9895932,0]]},"properties":{"name":"Jalan Terusan Bojongsoang","styleUrl":"#7584","stroke-opacity":1,"stroke":"#562B63","stroke-width":4},"id":"7583"},{"type":"Feature","geometry":{"type":"LineString","coordinates":[[107.6387235,-6.9535357,0],[107.6388213,-6.9537294,0]]},"properties":{"name":"Jalan Buah Batu","styleUrl":"#7588","stroke-opacity":1,"stroke":"#562B63","stroke-width":4},"id":"7587"},{"type":"Feature","geometry":{"type":"LineString","coordinates":[[107.6120118,-6.9217387,0],[107.6118192,-6.9217111,0],[107.6114983,-6.9216723,0],[107.6114205,-6.9216629,0],[107.6112374,-6.9216415,0],[107.6110406,-6.921618,0],[107.6108437,-6.9215945,0],[107.6106298,-6.9215692,0],[107.6104268,-6.9215449,0],[107.610212,-6.9215192,0],[107.6101457,-6.9215112,0],[107.6099811,-6.9214915,0],[107.6099361,-6.9214856,0],[107.6098247,-6.9214728,0],[107.6094601,-6.9214292,0],[107.6092781,-6.9214081,0],[107.6088891,-6.9213611,0],[107.6087887,-6.9213491,0],[107.6087588,-6.9213455,0],[107.6086038,-6.921327,0],[107.6082301,-6.921281,0],[107.6081802,-6.9212757,0],[107.6080507,-6.92126,0]]},"properties":{"name":"Jalan Asia Afrika","styleUrl":"#7592","stroke-opacity":1,"stroke":"#562B63","stroke-width":4},"id":"7591"},{"type":"Feature","geometry":{"type":"LineString","coordinates":[[107.6077991,-6.9212366,0],[107.6076803,-6.9212261,0],[107.6075733,-6.9212152,0],[107.6072498,-6.9211778,0]]},"properties":{"name":"Jalan Asia Afrika","styleUrl":"#7596","stroke-opacity":1,"stroke":"#562B63","stroke-width":4},"id":"7595"},{"type":"Feature","geometry":{"type":"LineString","coordinates":[[107.6031033,-6.9370152,0],[107.6031632,-6.9371099,0],[107.6032313,-6.9371919,0],[107.603309,-6.9372649,0]]},"properties":{"name":"Route Segment","styleUrl":"#7600","stroke-opacity":1,"stroke":"#562B63","stroke-width":4},"id":"7599"},{"type":"Feature","geometry":{"type":"LineString","coordinates":[[107.606228,-6.9376212,0],[107.6062228,-6.9376862,0],[107.6062191,-6.9378081,0]]},"properties":{"name":"Jalan Mohammad Toha","styleUrl":"#7604","stroke-opacity":1,"stroke":"#562B63","stroke-width":4},"id":"7603"},{"type":"Feature","geometry":{"type":"LineString","coordinates":[[107.6062191,-6.9378081,0],[107.6061991,-6.9382951,0],[107.6061936,-6.9383233,0],[107.6061749,-6.938344,0]]},"properties":{"name":"Jalan Mohammad Toha","styleUrl":"#7608","stroke-opacity":1,"stroke":"#562B63","stroke-width":4},"id":"7607"},{"type":"Feature","geometry":{"type":"LineString","coordinates":[[107.6062346,-6.9375336,0],[107.606228,-6.9376212,0]]},"properties":{"name":"Jalan Mohammad Toha","styleUrl":"#7612","stroke-opacity":1,"stroke":"#562B63","stroke-width":4},"id":"7611"},{"type":"Feature","geometry":{"type":"LineString","coordinates":[[107.6389396,-6.9539915,0],[107.639009,-6.9541465,0],[107.6391061,-6.954383,0]]},"properties":{"name":"Jalan Buah Batu","styleUrl":"#7616","stroke-opacity":1,"stroke":"#562B63","stroke-width":4},"id":"7615"},{"type":"Feature","geometry":{"type":"LineString","coordinates":[[107.6388213,-6.9537294,0],[107.6389396,-6.9539915,0]]},"properties":{"name":"Jalan Buah Batu","styleUrl":"#7620","stroke-opacity":1,"stroke":"#562B63","stroke-width":4},"id":"7619"},{"type":"Feature","geometry":{"type":"LineString","coordinates":[[107.6261365,-7.008087,0],[107.6261358,-7.0080621,0],[107.6261345,-7.0080348,0],[107.6261356,-7.0079862,0],[107.6261339,-7.0078325,0],[107.6261358,-7.0070618,0],[107.6261375,-7.0067058,0]]},"properties":{"name":"Jalan Anggadireja","styleUrl":"#7624","stroke-opacity":1,"stroke":"#562B63","stroke-width":4},"id":"7623"},{"type":"Feature","geometry":{"type":"LineString","coordinates":[[107.6322368,-6.9895932,0],[107.6320736,-6.9900649,0]]},"properties":{"name":"Jalan Terusan Bojongsoang","styleUrl":"#7628","stroke-opacity":1,"stroke":"#562B63","stroke-width":4},"id":"7627"},{"type":"Feature","geometry":{"type":"LineString","coordinates":[[107.6313361,-6.9924993,0],[107.6310419,-6.9935157,0]]},"properties":{"name":"Jalan Terusan Bojongsoang","styleUrl":"#7632","stroke-opacity":1,"stroke":"#562B63","stroke-width":4},"id":"7631"},{"type":"Feature","geometry":{"type":"LineString","coordinates":[[107.6351294,-6.9497169,0],[107.6352528,-6.9498433,0],[107.635567,-6.9501652,0],[107.6356443,-6.9502444,0],[107.6357751,-6.9503784,0],[107.6361046,-6.9507159,0]]},"properties":{"name":"Jalan Buah Batu","styleUrl":"#7636","stroke-opacity":1,"stroke":"#562B63","stroke-width":4},"id":"7635"},{"type":"Feature","geometry":{"type":"LineString","coordinates":[[107.6038803,-6.9238302,0],[107.6038724,-6.923931,0]]},"properties":{"name":"Jalan Otto Iskandardinata","styleUrl":"#7640","stroke-opacity":1,"stroke":"#562B63","stroke-width":4},"id":"7639"},{"type":"Feature","geometry":{"type":"LineString","coordinates":[[107.6249026,-6.9494354,0],[107.625063,-6.9494435,0],[107.6251736,-6.9494469,0],[107.6254122,-6.949452,0],[107.6255564,-6.949455,0],[107.6257226,-6.9494585,0],[107.6258124,-6.9494604,0],[107.6258467,-6.9494612,0],[107.6258629,-6.9494614,0],[107.6259741,-6.9494625,0]]},"properties":{"name":"Jalan Soekarno-Hatta","styleUrl":"#7644","stroke-opacity":1,"stroke":"#562B63","stroke-width":4},"id":"7643"},{"type":"Feature","geometry":{"type":"LineString","coordinates":[[107.61235,-6.918793,0],[107.6123364,-6.9189576,0],[107.6122952,-6.9194549,0],[107.6122402,-6.9198677,0],[107.6122212,-6.9200158,0],[107.6122183,-6.920038,0],[107.6122092,-6.9201091,0]]},"properties":{"name":"Jalan Tamblong","styleUrl":"#7648","stroke-opacity":1,"stroke":"#562B63","stroke-width":4},"id":"7647"},{"type":"Feature","geometry":{"type":"LineString","coordinates":[[107.6262747,-6.9494594,0],[107.6263148,-6.9494581,0],[107.626731,-6.9494446,0],[107.6269732,-6.9494387,0],[107.6271385,-6.9494275,0],[107.6272227,-6.9494218,0],[107.6274709,-6.9493974,0],[107.6278786,-6.9493609,0],[107.6279379,-6.9493512,0],[107.6280918,-6.9493306,0],[107.6281318,-6.9493252,0],[107.6282234,-6.9493154,0],[107.6285395,-6.9492726,0],[107.6287484,-6.9492381,0],[107.6289154,-6.9492105,0],[107.6291337,-6.9491745,0],[107.6293745,-6.9491302,0],[107.6294404,-6.9491179,0],[107.6298246,-6.949046,0],[107.6301232,-6.94899,0],[107.6303157,-6.9489398,0],[107.6307487,-6.9488067,0],[107.6309791,-6.9487354,0]]},"properties":{"name":"Jalan Soekarno-Hatta","styleUrl":"#7652","stroke-opacity":1,"stroke":"#562B63","stroke-width":4},"id":"7651"},{"type":"Feature","geometry":{"type":"LineString","coordinates":[[107.6101793,-6.9152832,0],[107.6101765,-6.9153226,0],[107.6101743,-6.915352,0],[107.6101724,-6.9153859,0],[107.6101607,-6.9155247,0],[107.6101581,-6.9155557,0],[107.610154,-6.915607,0],[107.6101093,-6.9161683,0],[107.610095,-6.9163151,0],[107.6100781,-6.9164886,0],[107.610076,-6.9165099,0],[107.610072,-6.9165602,0]]},"properties":{"name":"Jalan Merdeka","styleUrl":"#7656","stroke-opacity":1,"stroke":"#562B63","stroke-width":4},"id":"7655"},{"type":"Feature","geometry":{"type":"LineString","coordinates":[[107.6088785,-6.9103019,0],[107.6092078,-6.910294,0]]},"properties":{"name":"Jalan Aceh","styleUrl":"#7660","stroke-opacity":1,"stroke":"#562B63","stroke-width":4},"id":"7659"},{"type":"Feature","geometry":{"type":"LineString","coordinates":[[107.6097206,-6.9482923,0],[107.610001,-6.9483188,0],[107.6115641,-6.9484447,0],[107.6121553,-6.9484924,0],[107.6123363,-6.948507,0],[107.6124434,-6.9485156,0],[107.6124767,-6.9485183,0]]},"properties":{"name":"Jalan Soekarno-Hatta","styleUrl":"#7664","stroke-opacity":1,"stroke":"#562B63","stroke-width":4},"id":"7663"},{"type":"Feature","geometry":{"type":"LineString","coordinates":[[107.6309791,-6.9487354,0],[107.6315445,-6.948554,0],[107.631909,-6.9484347,0],[107.6321622,-6.9483559,0],[107.6329015,-6.9481249,0],[107.6330447,-6.9480758,0]]},"properties":{"name":"Jalan Soekarno-Hatta","styleUrl":"#7668","stroke-opacity":1,"stroke":"#562B63","stroke-width":4},"id":"7667"},{"type":"Feature","geometry":{"type":"LineString","coordinates":[[107.6330447,-6.9480758,0],[107.633231,-6.9480103,0],[107.6332967,-6.9479888,0]]},"properties":{"name":"Jalan Soekarno-Hatta","styleUrl":"#7672","stroke-opacity":1,"stroke":"#562B63","stroke-width":4},"id":"7671"},{"type":"Feature","geometry":{"type":"LineString","coordinates":[[107.6332967,-6.9479888,0],[107.6333973,-6.9479551,0]]},"properties":{"name":"Jalan Soekarno-Hatta","styleUrl":"#7676","stroke-opacity":1,"stroke":"#562B63","stroke-width":4},"id":"7675"},{"type":"Feature","geometry":{"type":"LineString","coordinates":[[107.6080507,-6.92126,0],[107.6077991,-6.9212366,0]]},"properties":{"name":"Jalan Asia Afrika","styleUrl":"#7680","stroke-opacity":1,"stroke":"#562B63","stroke-width":4},"id":"7679"},{"type":"Feature","geometry":{"type":"LineString","coordinates":[[107.6105751,-6.9098034,0],[107.6105837,-6.9098864,0],[107.6106097,-6.9099691,0]]},"properties":{"name":"Jalan Merdeka","styleUrl":"#7684","stroke-opacity":1,"stroke":"#562B63","stroke-width":4},"id":"7683"},{"type":"Feature","geometry":{"type":"LineString","coordinates":[[107.610072,-6.9165602,0],[107.6101313,-6.9165901,0],[107.6106113,-6.9168303,0],[107.6108249,-6.916942,0],[107.6109278,-6.9169939,0]]},"properties":{"name":"Jalan Lembong","styleUrl":"#7688","stroke-opacity":1,"stroke":"#562B63","stroke-width":4},"id":"7687"},{"type":"Feature","geometry":{"type":"LineString","coordinates":[[107.6061721,-6.9375296,0],[107.6062346,-6.9375336,0]]},"properties":{"name":"Jalan BKR","styleUrl":"#7692","stroke-opacity":1,"stroke":"#562B63","stroke-width":4},"id":"7691"},{"type":"Feature","geometry":{"type":"LineString","coordinates":[[107.6310419,-6.9935157,0],[107.6309877,-6.9937096,0],[107.6309524,-6.9938605,0],[107.6309343,-6.9939642,0],[107.6308714,-6.9943251,0],[107.6308112,-6.9946948,0],[107.6307767,-6.9949068,0],[107.6307642,-6.9949973,0],[107.6307513,-6.9951191,0],[107.6307466,-6.995583,0],[107.6307627,-6.9957461,0],[107.6308707,-6.9965927,0],[107.6309236,-6.9968209,0],[107.6309996,-6.9971489,0],[107.6310282,-6.9973015,0],[107.6310792,-6.997611,0],[107.6311094,-6.9977754,0],[107.6311198,-6.9978516,0],[107.6311368,-6.9979105,0],[107.6312073,-6.9980755,0],[107.631235,-6.9981448,0],[107.6312562,-6.998198,0],[107.6313266,-6.9983338,0],[107.6314265,-6.9985454,0],[107.6316025,-6.9989284,0],[107.6316216,-6.9989678,0],[107.6316458,-6.9990175,0],[107.6316699,-6.9990672,0],[107.6318386,-6.9995318,0],[107.6318678,-6.9996123,0],[107.6318943,-6.9996808,0],[107.6319395,-6.999798,0],[107.6319033,-7.0000422,0],[107.6318805,-7.0001847,0],[107.6318753,-7.0002118,0],[107.6318593,-7.0002949,0],[107.6316539,-7.001362,0],[107.6316364,-7.0014605,0],[107.6313964,-7.0027517,0],[107.6313132,-7.0032895,0],[107.6312931,-7.0035251,0],[107.6312636,-7.0039683,0],[107.6312603,-7.0040341,0],[107.6312535,-7.004168,0],[107.6312522,-7.0043111,0],[107.6312529,-7.0043683,0],[107.6312562,-7.0044362,0],[107.6312529,-7.0045307,0],[107.6312482,-7.0046066,0],[107.6312405,-7.0048462,0]]},"properties":{"name":"Jalan Terusan Bojongsoang","styleUrl":"#7696","stroke-opacity":1,"stroke":"#562B63","stroke-width":4},"id":"7695"},{"type":"Feature","geometry":{"type":"LineString","coordinates":[[107.6232362,-7.007083,0],[107.6232553,-7.0065067,0],[107.6232548,-7.0059631,0]]},"properties":{"name":"Route Segment","styleUrl":"#7700","stroke-opacity":1,"stroke":"#562B63","stroke-width":4},"id":"7699"},{"type":"Feature","geometry":{"type":"LineString","coordinates":[[107.6261231,-7.0081095,0],[107.6261365,-7.008087,0]]},"properties":{"name":"Route Segment","styleUrl":"#7704","stroke-opacity":1,"stroke":"#562B63","stroke-width":4},"id":"7703"},{"type":"Feature","geometry":{"type":"LineString","coordinates":[[107.6045674,-6.937378,0],[107.6059561,-6.9375043,0]]},"properties":{"name":"Jalan Peta","styleUrl":"#7708","stroke-opacity":1,"stroke":"#562B63","stroke-width":4},"id":"7707"},{"type":"Feature","geometry":{"type":"LineString","coordinates":[[107.603309,-6.9372649,0],[107.6037009,-6.9373001,0],[107.6043789,-6.9373611,0],[107.6045674,-6.937378,0]]},"properties":{"name":"Jalan Peta","styleUrl":"#7712","stroke-opacity":1,"stroke":"#562B63","stroke-width":4},"id":"7711"},{"type":"Feature","geometry":{"type":"LineString","coordinates":[[107.603201,-6.9351993,0],[107.6032137,-6.9352454,0],[107.603219,-6.9353262,0],[107.6032238,-6.935481,0]]},"properties":{"name":"Jalan Otto Iskandardinata","styleUrl":"#7716","stroke-opacity":1,"stroke":"#562B63","stroke-width":4},"id":"7715"},{"type":"Feature","geometry":{"type":"LineString","coordinates":[[107.6031505,-6.9365689,0],[107.6031322,-6.9367751,0],[107.6031033,-6.9370152,0]]},"properties":{"name":"Jalan Otto Iskandardinata","styleUrl":"#7720","stroke-opacity":1,"stroke":"#562B63","stroke-width":4},"id":"7719"},{"type":"Feature","geometry":{"type":"LineString","coordinates":[[107.6032159,-6.9342862,0],[107.6032077,-6.9349928,0],[107.603201,-6.9351993,0]]},"properties":{"name":"Jalan Otto Iskandardinata","styleUrl":"#7724","stroke-opacity":1,"stroke":"#562B63","stroke-width":4},"id":"7723"},{"type":"Feature","geometry":{"type":"LineString","coordinates":[[107.6337288,-6.9482852,0],[107.6339239,-6.9484693,0],[107.6341254,-6.9486613,0],[107.6347709,-6.9493298,0],[107.6351294,-6.9497169,0]]},"properties":{"name":"Jalan Buah Batu","styleUrl":"#7728","stroke-opacity":1,"stroke":"#562B63","stroke-width":4},"id":"7727"},{"type":"Feature","geometry":{"type":"LineString","coordinates":[[107.6368934,-6.9701783,0],[107.636772,-6.9706398,0],[107.6367317,-6.9707871,0],[107.6366528,-6.9710806,0],[107.6366044,-6.9712606,0],[107.6365553,-6.9714433,0],[107.6364823,-6.9717147,0],[107.6363461,-6.9721812,0],[107.636329,-6.9722306,0],[107.6362682,-6.9724362,0]]},"properties":{"name":"Jalan Raya Bojongsoang","styleUrl":"#7732","stroke-opacity":1,"stroke":"#562B63","stroke-width":4},"id":"7731"},{"type":"Feature","geometry":{"type":"LineString","coordinates":[[107.6362682,-6.9724362,0],[107.6362346,-6.9725688,0],[107.636209,-6.9726819,0],[107.6361683,-6.9728419,0],[107.6361478,-6.9729226,0],[107.6360627,-6.9732596,0],[107.6359274,-6.9737582,0],[107.6356773,-6.9746727,0]]},"properties":{"name":"Jalan Raya Bojongsoang","styleUrl":"#7736","stroke-opacity":1,"stroke":"#562B63","stroke-width":4},"id":"7735"},{"type":"Feature","geometry":{"type":"LineString","coordinates":[[107.6356773,-6.9746727,0],[107.6355974,-6.9749692,0],[107.6355497,-6.9751353,0],[107.6355355,-6.9751827,0],[107.6355279,-6.9752078,0],[107.6354421,-6.9755257,0],[107.6354001,-6.9756899,0],[107.6353506,-6.9758765,0],[107.6353405,-6.9759145,0],[107.6352574,-6.9762278,0],[107.6352127,-6.9763963,0],[107.6348432,-6.9777891,0],[107.6345295,-6.9789719,0],[107.6345019,-6.9790759,0]]},"properties":{"name":"Jalan Raya Bojongsoang","styleUrl":"#7740","stroke-opacity":1,"stroke":"#562B63","stroke-width":4},"id":"7739"},{"type":"Feature","geometry":{"type":"LineString","coordinates":[[107.6345019,-6.9790759,0],[107.6344946,-6.9791121,0],[107.6343461,-6.9796139,0],[107.634329,-6.9796715,0],[107.6342743,-6.9798563,0],[107.6342581,-6.9799109,0],[107.6341755,-6.9801901,0],[107.6341706,-6.9802082,0],[107.6341456,-6.9803001,0],[107.6341275,-6.9803984,0],[107.6341206,-6.9804782,0],[107.6341262,-6.9806244,0],[107.6341369,-6.980772,0],[107.6341523,-6.9810824,0],[107.634147,-6.981186,0],[107.6341207,-6.9813165,0],[107.6340806,-6.9814577,0],[107.6340129,-6.9816639,0],[107.6339781,-6.9817662,0],[107.6339127,-6.981957,0],[107.6338707,-6.9820795,0],[107.6337877,-6.9822572,0]]},"properties":{"name":"Jalan Raya Bojongsoang","styleUrl":"#7744","stroke-opacity":1,"stroke":"#562B63","stroke-width":4},"id":"7743"},{"type":"Feature","geometry":{"type":"LineString","coordinates":[[107.6039303,-6.9231867,0],[107.6038803,-6.9238302,0]]},"properties":{"name":"Jalan Otto Iskandardinata","styleUrl":"#7748","stroke-opacity":1,"stroke":"#562B63","stroke-width":4},"id":"7747"},{"type":"Feature","geometry":{"type":"LineString","coordinates":[[107.6069278,-6.9211397,0],[107.6066723,-6.9211072,0],[107.6064546,-6.9210818,0]]},"properties":{"name":"Jalan Asia Afrika","styleUrl":"#7752","stroke-opacity":1,"stroke":"#562B63","stroke-width":4},"id":"7751"},{"type":"Feature","geometry":{"type":"LineString","coordinates":[[107.6103417,-6.9136128,0],[107.6102904,-6.9140713,0],[107.6102828,-6.914166,0]]},"properties":{"name":"Jalan Merdeka","styleUrl":"#7756","stroke-opacity":1,"stroke":"#562B63","stroke-width":4},"id":"7755"},{"type":"Feature","geometry":{"type":"LineString","coordinates":[[107.6076477,-6.9431556,0],[107.6075689,-6.9429228,0],[107.6074989,-6.9427159,0],[107.6074151,-6.942468,0],[107.6074044,-6.9424365,0],[107.6073267,-6.9422067,0],[107.6072871,-6.9420857,0],[107.6072103,-6.9418515,0],[107.6071736,-6.9417393,0],[107.606932,-6.9410019,0],[107.6068982,-6.9408986,0],[107.6067904,-6.9405695,0],[107.6067424,-6.9404231,0],[107.6066617,-6.9401765,0],[107.6066129,-6.9400276,0],[107.6065833,-6.9399373,0],[107.6065081,-6.9397106,0],[107.6064373,-6.939497,0],[107.6063207,-6.9391297,0],[107.6063015,-6.9390693,0],[107.6062885,-6.939027,0],[107.6062755,-6.9389847,0],[107.6062595,-6.9389365,0],[107.6062399,-6.9388618,0],[107.6062007,-6.9387072,0],[107.6061889,-6.9386548,0],[107.6061828,-6.9385203,0],[107.6061749,-6.938344,0]]},"properties":{"name":"Jalan Mohammad Toha","styleUrl":"#7760","stroke-opacity":1,"stroke":"#562B63","stroke-width":4},"id":"7759"},{"type":"Feature","geometry":{"type":"LineString","coordinates":[[107.6391061,-6.954383,0],[107.6391514,-6.9545526,0]]},"properties":{"name":"Jalan Buah Batu","styleUrl":"#7764","stroke-opacity":1,"stroke":"#562B63","stroke-width":4},"id":"7763"},{"type":"Feature","geometry":{"type":"LineString","coordinates":[[107.6214527,-6.9491566,0],[107.6215191,-6.9491613,0]]},"properties":{"name":"Jalan Soekarno-Hatta","styleUrl":"#7768","stroke-opacity":1,"stroke":"#562B63","stroke-width":4},"id":"7767"},{"type":"Feature","geometry":{"type":"LineString","coordinates":[[107.6196694,-6.9490241,0],[107.6201873,-6.9490626,0],[107.6207586,-6.949105,0],[107.6212731,-6.9491433,0],[107.6214527,-6.9491566,0]]},"properties":{"name":"Jalan Soekarno-Hatta","styleUrl":"#7772","stroke-opacity":1,"stroke":"#562B63","stroke-width":4},"id":"7771"},{"type":"Feature","geometry":{"type":"LineString","coordinates":[[107.6259741,-6.9494625,0],[107.6261145,-6.9494645,0],[107.6262003,-6.9494625,0],[107.6262747,-6.9494594,0]]},"properties":{"name":"Jalan Soekarno-Hatta","styleUrl":"#7776","stroke-opacity":1,"stroke":"#562B63","stroke-width":4},"id":"7775"},{"type":"Feature","geometry":{"type":"LineString","coordinates":[[107.6093038,-6.9479813,0],[107.6092951,-6.9479579,0],[107.6092415,-6.9478107,0],[107.6091943,-6.9476776,0],[107.6091509,-6.9475613,0],[107.6090997,-6.9474124,0],[107.6090862,-6.9473728,0],[107.6090786,-6.9473503,0],[107.6089872,-6.9470817,0],[107.6087733,-6.946453,0],[107.6086954,-6.946224,0],[107.6086676,-6.9461425,0]]},"properties":{"name":"Jalan Mohammad Toha","styleUrl":"#7780","stroke-opacity":1,"stroke":"#562B63","stroke-width":4},"id":"7779"},{"type":"Feature","geometry":{"type":"LineString","coordinates":[[107.6378065,-6.9660751,0],[107.6379256,-6.9655493,0]]},"properties":{"name":"Buah Batu","styleUrl":"#7784","stroke-opacity":1,"stroke":"#562B63","stroke-width":4},"id":"7783"},{"type":"Feature","geometry":{"type":"LineString","coordinates":[[107.6102828,-6.914166,0],[107.6102409,-6.914604,0],[107.6101827,-6.9152463,0],[107.6101793,-6.9152832,0]]},"properties":{"name":"Jalan Merdeka","styleUrl":"#7788","stroke-opacity":1,"stroke":"#562B63","stroke-width":4},"id":"7787"},{"type":"Feature","geometry":{"type":"LineString","coordinates":[[107.6261913,-7.0059527,0],[107.6257584,-7.0059449,0],[107.6252367,-7.005945,0],[107.6248478,-7.0059532,0],[107.6247915,-7.0059537,0],[107.6247217,-7.0059543,0],[107.6243005,-7.0059606,0],[107.6240779,-7.005949,0],[107.6235977,-7.0059629,0]]},"properties":{"name":"Jalan Jaksa Naranata","styleUrl":"#7792","stroke-opacity":1,"stroke":"#562B63","stroke-width":4},"id":"7791"},{"type":"Feature","geometry":{"type":"LineString","coordinates":[[107.6071455,-6.9211653,0],[107.606984,-6.9211463,0],[107.6069278,-6.9211397,0]]},"properties":{"name":"Jalan Asia Afrika","styleUrl":"#7796","stroke-opacity":1,"stroke":"#562B63","stroke-width":4},"id":"7795"},{"type":"Feature","geometry":{"type":"LineString","coordinates":[[107.6386966,-6.9619483,0],[107.6386701,-6.9620472,0],[107.6384895,-6.9629095,0],[107.638189,-6.9645396,0],[107.6381038,-6.9649573,0],[107.6380498,-6.9652221,0],[107.6379817,-6.9653009,0]]},"properties":{"name":"Jalan Buah Batu","styleUrl":"#7800","stroke-opacity":1,"stroke":"#562B63","stroke-width":4},"id":"7799"},{"type":"Feature","geometry":{"type":"LineString","coordinates":[[107.6337877,-6.9822572,0],[107.6336739,-6.9827042,0]]},"properties":{"name":"Jalan Terusan Bojongsoang","styleUrl":"#7804","stroke-opacity":1,"stroke":"#562B63","stroke-width":4},"id":"7803"},{"type":"Feature","geometry":{"type":"LineString","coordinates":[[107.6124025,-6.9182678,0],[107.6123395,-6.9186433,0],[107.6123245,-6.9187491,0],[107.61235,-6.918793,0]]},"properties":{"name":"Jalan Tamblong","styleUrl":"#7808","stroke-opacity":1,"stroke":"#562B63","stroke-width":4},"id":"7807"},{"type":"Feature","geometry":{"type":"LineString","coordinates":[[107.6336739,-6.9827042,0],[107.6336213,-6.982891,0]]},"properties":{"name":"Jalan Terusan Bojongsoang","styleUrl":"#7812","stroke-opacity":1,"stroke":"#562B63","stroke-width":4},"id":"7811"},{"type":"Feature","geometry":{"type":"LineString","coordinates":[[107.6379256,-6.9655493,0],[107.6379736,-6.965341,0],[107.6379796,-6.965312,0],[107.6379817,-6.9653009,0]]},"properties":{"name":"Buah Batu","styleUrl":"#7816","stroke-opacity":1,"stroke":"#562B63","stroke-width":4},"id":"7815"},{"type":"Feature","geometry":{"type":"LineString","coordinates":[[107.6235977,-7.0059629,0],[107.6235091,-7.0059655,0],[107.6234893,-7.0059653,0],[107.6234302,-7.0059647,0],[107.6232548,-7.0059631,0]]},"properties":{"name":"Jalan Jaksa Naranata","styleUrl":"#7820","stroke-opacity":1,"stroke":"#562B63","stroke-width":4},"id":"7819"},{"type":"Feature","geometry":{"type":"Point","coordinates":[107.5720549,-6.9155598,0]},"properties":{"name":"Optik Krida","styleUrl":"#5315","icon-scale":1,"icon":"http://maps.google.com/mapfiles/kml/pushpin/ylw-pushpin.png"},"id":"5314"},{"type":"Feature","geometry":{"type":"Point","coordinates":[107.4901266,-6.8567205,0]},"properties":{"name":"Bale Pare B","styleUrl":"#5320","icon-scale":1,"icon":"http://maps.google.com/mapfiles/kml/pushpin/ylw-pushpin.png"},"id":"5319"},{"type":"Feature","geometry":{"type":"Point","coordinates":[107.502934,-6.8630015,0]},"properties":{"name":"RS Karisma Cimareme B","styleUrl":"#5325","icon-scale":1,"icon":"http://maps.google.com/mapfiles/kml/pushpin/ylw-pushpin.png"},"id":"5324"},{"type":"Feature","geometry":{"type":"Point","coordinates":[107.5100491,-6.8634203,0]},"properties":{"name":"RS IMC B","styleUrl":"#5330","icon-scale":1,"icon":"http://maps.google.com/mapfiles/kml/pushpin/ylw-pushpin.png"},"id":"5329"},{"type":"Feature","geometry":{"type":"Point","coordinates":[107.5260715,-6.8684195,0]},"properties":{"name":"Padasuka Indah B","styleUrl":"#5335","icon-scale":1,"icon":"http://maps.google.com/mapfiles/kml/pushpin/ylw-pushpin.png"},"id":"5334"},{"type":"Feature","geometry":{"type":"Point","coordinates":[107.531878,-6.8687794,0]},"properties":{"name":"Ranca Belut B","styleUrl":"#5340","icon-scale":1,"icon":"http://maps.google.com/mapfiles/kml/pushpin/ylw-pushpin.png"},"id":"5339"},{"type":"Feature","geometry":{"type":"Point","coordinates":[107.5364884,-6.8704594,0]},"properties":{"name":"PLN Cisangkan B","styleUrl":"#5345","icon-scale":1,"icon":"http://maps.google.com/mapfiles/kml/pushpin/ylw-pushpin.png"},"id":"5344"},{"type":"Feature","geometry":{"type":"Point","coordinates":[107.5417036,-6.8799337,0]},"properties":{"name":"Gedung 4","styleUrl":"#5350","icon-scale":1,"icon":"http://maps.google.com/mapfiles/kml/pushpin/ylw-pushpin.png"},"id":"5349"},{"type":"Feature","geometry":{"type":"Point","coordinates":[107.5452289,-6.8772766,0]},"properties":{"name":"SMPN 6 Cimahi","styleUrl":"#5355","icon-scale":1,"icon":"http://maps.google.com/mapfiles/kml/pushpin/ylw-pushpin.png"},"id":"5354"},{"type":"Feature","geometry":{"type":"Point","coordinates":[107.5503366,-6.8796404,0]},"properties":{"name":"RSUD Cibabat B","styleUrl":"#5360","icon-scale":1,"icon":"http://maps.google.com/mapfiles/kml/pushpin/ylw-pushpin.png"},"id":"5359"},{"type":"Feature","geometry":{"type":"Point","coordinates":[107.6071455,-6.9211653,0]},"properties":{"name":"Alun-Alun Bandung","styleUrl":"#5365","icon-scale":1,"icon":"http://maps.google.com/mapfiles/kml/pushpin/ylw-pushpin.png"},"id":"5364"},{"type":"Feature","geometry":{"type":"Point","coordinates":[107.597515,-6.9200243,0]},"properties":{"name":"GKI Anugerah","styleUrl":"#5370","icon-scale":1,"icon":"http://maps.google.com/mapfiles/kml/pushpin/ylw-pushpin.png"},"id":"5369"},{"type":"Feature","geometry":{"type":"Point","coordinates":[107.6020569,-6.9205571,0]},"properties":{"name":"KEB Hana Bank","styleUrl":"#5375","icon-scale":1,"icon":"http://maps.google.com/mapfiles/kml/pushpin/ylw-pushpin.png"},"id":"5374"},{"type":"Feature","geometry":{"type":"Point","coordinates":[107.591747,-6.9193345,0]},"properties":{"name":"Mayapada Tower","styleUrl":"#5380","icon-scale":1,"icon":"http://maps.google.com/mapfiles/kml/pushpin/ylw-pushpin.png"},"id":"5379"},{"type":"Feature","geometry":{"type":"Point","coordinates":[107.5855198,-6.9186067,0]},"properties":{"name":"Toko Ambon","styleUrl":"#5385","icon-scale":1,"icon":"http://maps.google.com/mapfiles/kml/pushpin/ylw-pushpin.png"},"id":"5384"},{"type":"Feature","geometry":{"type":"Point","coordinates":[107.5771136,-6.9176018,0]},"properties":{"name":"Kemenag Kanwil Jabar","styleUrl":"#5390","icon-scale":1,"icon":"http://maps.google.com/mapfiles/kml/pushpin/ylw-pushpin.png"},"id":"5389"},{"type":"Feature","geometry":{"type":"Point","coordinates":[107.5696333,-6.9115004,0]},"properties":{"name":"Sudirman 3","styleUrl":"#5395","icon-scale":1,"icon":"http://maps.google.com/mapfiles/kml/pushpin/ylw-pushpin.png"},"id":"5394"},{"type":"Feature","geometry":{"type":"Point","coordinates":[107.4986734,-6.8574856,0]},"properties":{"name":"STEI LPPM B","styleUrl":"#5400","icon-scale":1,"icon":"http://maps.google.com/mapfiles/kml/pushpin/ylw-pushpin.png"},"id":"5399"},{"type":"Feature","geometry":{"type":"Point","coordinates":[107.5191264,-6.8676288,0]},"properties":{"name":"Masjid Ar Ridwan B","styleUrl":"#5405","icon-scale":1,"icon":"http://maps.google.com/mapfiles/kml/pushpin/ylw-pushpin.png"},"id":"5404"},{"type":"Feature","geometry":{"type":"Point","coordinates":[107.5406762,-6.8759934,0]},"properties":{"name":"Buana","styleUrl":"#5410","icon-scale":1,"icon":"http://maps.google.com/mapfiles/kml/pushpin/ylw-pushpin.png"},"id":"5409"},{"type":"Feature","geometry":{"type":"Point","coordinates":[107.5528472,-6.8837408,0]},"properties":{"name":"RS Mitra Kasih","styleUrl":"#5415","icon-scale":1,"icon":"http://maps.google.com/mapfiles/kml/pushpin/ylw-pushpin.png"},"id":"5414"},{"type":"Feature","geometry":{"type":"Point","coordinates":[107.5579997,-6.8923353,0]},"properties":{"name":"Cilembar","styleUrl":"#5420","icon-scale":1,"icon":"http://maps.google.com/mapfiles/kml/pushpin/ylw-pushpin.png"},"id":"5419"},{"type":"Feature","geometry":{"type":"Point","coordinates":[107.5647281,-6.9033981,0]},"properties":{"name":"SMAN 13 Bandung B","styleUrl":"#5425","icon-scale":1,"icon":"http://maps.google.com/mapfiles/kml/pushpin/ylw-pushpin.png"},"id":"5424"},{"type":"Feature","geometry":{"type":"Point","coordinates":[107.5664877,-6.9063062,0]},"properties":{"name":"Kebon Kopi","styleUrl":"#5430","icon-scale":1,"icon":"http://maps.google.com/mapfiles/kml/pushpin/ylw-pushpin.png"},"id":"5429"},{"type":"Feature","geometry":{"type":"Point","coordinates":[107.4738005,-6.8665457,0]},"properties":{"name":"Tatar Pitaloka (Parahyangan Selatan)","styleUrl":"#5435","icon-scale":1,"icon":"http://maps.google.com/mapfiles/kml/pushpin/ylw-pushpin.png"},"id":"5434"},{"type":"Feature","geometry":{"type":"Point","coordinates":[107.4815775,-6.8612441,0]},"properties":{"name":"Tatar Wangsakerta B","styleUrl":"#5440","icon-scale":1,"icon":"http://maps.google.com/mapfiles/kml/pushpin/ylw-pushpin.png"},"id":"5439"},{"type":"Feature","geometry":{"type":"Point","coordinates":[107.4782844,-6.865168,0]},"properties":{"name":"Parahyangan Utara B","styleUrl":"#5445","icon-scale":1,"icon":"http://maps.google.com/mapfiles/kml/pushpin/ylw-pushpin.png"},"id":"5444"},{"type":"Feature","geometry":{"type":"Point","coordinates":[107.4668097,-6.8663512,0]},"properties":{"name":"IKEA Kota Baru Parahyangan","styleUrl":"#5450","icon-scale":1,"icon":"http://maps.google.com/mapfiles/kml/pushpin/ylw-pushpin.png"},"id":"5449"},{"type":"Feature","geometry":{"type":"LineString","coordinates":[[107.6040992,-6.9208034,0],[107.6038238,-6.9207677,0],[107.6034762,-6.9207227,0],[107.6031329,-6.9206812,0],[107.6022243,-6.92058,0]]},"properties":{"name":"Jalan Jendral Sudirman","styleUrl":"#5455","stroke-opacity":1,"stroke":"#ED1C24","stroke-width":4},"id":"5454"},{"type":"Feature","geometry":{"type":"LineString","coordinates":[[107.5741991,-6.9172935,0],[107.5741057,-6.9172433,0],[107.5739928,-6.9171937,0],[107.5739676,-6.9171826,0],[107.5739351,-6.917172,0],[107.5737577,-6.9170672,0],[107.57361,-6.916953,0],[107.5735023,-6.9168687,0],[107.5731624,-6.916607,0],[107.5730285,-6.9164995,0],[107.5725721,-6.916133,0]]},"properties":{"name":"Jalan Jenderal Sudirman","styleUrl":"#5459","stroke-opacity":1,"stroke":"#ED1C24","stroke-width":4},"id":"5458"},{"type":"Feature","geometry":{"type":"LineString","coordinates":[[107.4844613,-6.8592048,0],[107.4843771,-6.8591886,0],[107.4843181,-6.8591899,0],[107.4842507,-6.8592074,0],[107.4841467,-6.8592563,0],[107.4839497,-6.8593834,0],[107.4838114,-6.8594726,0],[107.4834444,-6.8597299,0],[107.4832184,-6.8598823,0],[107.4829814,-6.8600506,0],[107.4827475,-6.8602353,0],[107.4823409,-6.860562,0],[107.4819824,-6.860872,0],[107.4818837,-6.8609628,0],[107.4816193,-6.861206,0],[107.4815775,-6.8612441,0],[107.4813933,-6.8614119,0],[107.4813249,-6.8614742,0],[107.4811969,-6.8615991,0],[107.4810131,-6.8617692,0],[107.4808213,-6.8619538,0],[107.4806464,-6.8621116,0],[107.4805321,-6.862234,0],[107.4804538,-6.8623138,0],[107.4803884,-6.8623796,0],[107.4802647,-6.862522,0],[107.4801983,-6.8626059,0],[107.4801124,-6.8627206,0],[107.4800417,-6.8628164,0],[107.4798985,-6.8630117,0],[107.4797441,-6.8632278,0],[107.4795511,-6.8634814,0],[107.4793841,-6.8637028,0],[107.4793117,-6.8637987,0],[107.479096,-6.8640963,0],[107.4787391,-6.8645886,0],[107.4783619,-6.8650692,0],[107.4782844,-6.865168,0],[107.4780592,-6.8654451,0],[107.4779735,-6.8655351,0],[107.4779258,-6.8655758,0],[107.4777507,-6.8656956,0],[107.4775943,-6.8657819,0],[107.4772526,-6.8659122,0],[107.4770978,-6.8659503,0]]},"properties":{"name":"Jalan Parahyangan","styleUrl":"#5463","stroke-opacity":1,"stroke":"#ED1C24","stroke-width":4},"id":"5462"},{"type":"Feature","geometry":{"type":"LineString","coordinates":[[107.4764906,-6.8660919,0],[107.4760503,-6.8661814,0],[107.4758131,-6.8662008,0],[107.4752662,-6.8662456,0],[107.4752463,-6.8662477,0],[107.4749505,-6.8662547,0],[107.4747528,-6.8662824,0],[107.4745355,-6.8663356,0],[107.4743769,-6.8663823,0],[107.4742297,-6.8664256,0],[107.4741165,-6.8664584,0],[107.4738005,-6.8665457,0],[107.4733795,-6.866662,0],[107.4732314,-6.8667011,0],[107.4731329,-6.8667115,0],[107.4728191,-6.8667448,0],[107.4727802,-6.8667489,0],[107.4727473,-6.8667463,0],[107.472457,-6.8667231,0],[107.4722222,-6.8666793,0],[107.4714992,-6.8665354,0],[107.4709936,-6.8664781,0],[107.4705404,-6.8664688,0],[107.4699717,-6.8664623,0],[107.4698331,-6.8664607,0]]},"properties":{"name":"Jalan Parahyangan","styleUrl":"#5467","stroke-opacity":1,"stroke":"#ED1C24","stroke-width":4},"id":"5466"},{"type":"Feature","geometry":{"type":"LineString","coordinates":[[107.4686667,-6.8664634,0],[107.4685268,-6.8664582,0],[107.4684229,-6.8664543,0],[107.4683101,-6.8664501,0],[107.467723,-6.8663648,0],[107.467251,-6.8662533,0]]},"properties":{"name":"Jalan Parahyangan","styleUrl":"#5471","stroke-opacity":1,"stroke":"#ED1C24","stroke-width":4},"id":"5470"},{"type":"Feature","geometry":{"type":"LineString","coordinates":[[107.4698331,-6.8664607,0],[107.469214,-6.8664584,0]]},"properties":{"name":"Jalan Parahyangan","styleUrl":"#5475","stroke-opacity":1,"stroke":"#ED1C24","stroke-width":4},"id":"5474"},{"type":"Feature","geometry":{"type":"LineString","coordinates":[[107.4770978,-6.8659503,0],[107.4764906,-6.8660919,0]]},"properties":{"name":"Jalan Parahyangan","styleUrl":"#5479","stroke-opacity":1,"stroke":"#ED1C24","stroke-width":4},"id":"5478"},{"type":"Feature","geometry":{"type":"LineString","coordinates":[[107.5429927,-6.8805087,0],[107.5426354,-6.8803397,0],[107.542425,-6.8802474,0],[107.5421995,-6.8801488,0],[107.5420171,-6.8800697,0],[107.5417036,-6.8799337,0],[107.5411346,-6.8796867,0],[107.54109,-6.8796691,0],[107.540645,-6.8794767,0],[107.5405892,-6.8794522,0],[107.540539,-6.8794301,0]]},"properties":{"name":"Jalan Gandawijaya","styleUrl":"#5483","stroke-opacity":1,"stroke":"#ED1C24","stroke-width":4},"id":"5482"},{"type":"Feature","geometry":{"type":"LineString","coordinates":[[107.5616845,-6.8983006,0],[107.5589596,-6.8938395,0]]},"properties":{"name":"Jalan Layang Cimindi","styleUrl":"#5487","stroke-opacity":1,"stroke":"#ED1C24","stroke-width":4},"id":"5486"},{"type":"Feature","geometry":{"type":"LineString","coordinates":[[107.5432961,-6.8803887,0],[107.5432343,-6.8804621,0],[107.5432089,-6.8804808,0],[107.5431878,-6.8804948,0],[107.5431612,-6.8805057,0],[107.5431246,-6.8805142,0],[107.5430651,-6.8805146,0],[107.5429927,-6.8805087,0]]},"properties":{"name":"Jalan Gandawijaya","styleUrl":"#5491","stroke-opacity":1,"stroke":"#ED1C24","stroke-width":4},"id":"5490"},{"type":"Feature","geometry":{"type":"LineString","coordinates":[[107.5156622,-6.866132,0],[107.5160919,-6.8663299,0]]},"properties":{"name":"Route Segment","styleUrl":"#5495","stroke-opacity":1,"stroke":"#ED1C24","stroke-width":4},"id":"5494"},{"type":"Feature","geometry":{"type":"LineString","coordinates":[[107.5169868,-6.8667469,0],[107.5172135,-6.866858,0],[107.5174342,-6.8669686,0],[107.5176534,-6.8670757,0],[107.5178625,-6.8671767,0],[107.5179976,-6.8672401,0],[107.5183058,-6.8673783,0],[107.5183672,-6.8673963,0],[107.5185528,-6.8674486,0],[107.5190095,-6.8675906,0],[107.5190798,-6.8676144,0],[107.5191264,-6.8676288,0],[107.5191731,-6.8676432,0],[107.5195447,-6.8677576,0],[107.5196849,-6.8678007,0],[107.5200389,-6.8679097,0],[107.5201726,-6.8679508,0],[107.5207876,-6.868147,0],[107.5208297,-6.8681604,0],[107.5209164,-6.8681885,0],[107.5212073,-6.8682829,0],[107.521271,-6.8683036,0],[107.5214983,-6.8683763,0],[107.5216087,-6.8684028,0],[107.5217268,-6.8684273,0],[107.521842,-6.8684414,0],[107.5220823,-6.8684515,0]]},"properties":{"name":"Route Segment","styleUrl":"#5499","stroke-opacity":1,"stroke":"#ED1C24","stroke-width":4},"id":"5498"},{"type":"Feature","geometry":{"type":"LineString","coordinates":[[107.6021351,-6.9205669,0],[107.6020569,-6.9205571,0],[107.6018937,-6.9205368,0],[107.6018076,-6.9205271,0],[107.6012351,-6.9204588,0],[107.6009586,-6.9204246,0],[107.6006489,-6.9203915,0],[107.6005032,-6.9203759,0],[107.5997986,-6.9202943,0]]},"properties":{"name":"Jalan Jendral Sudirman","styleUrl":"#5503","stroke-opacity":1,"stroke":"#ED1C24","stroke-width":4},"id":"5502"},{"type":"Feature","geometry":{"type":"LineString","coordinates":[[107.595636,-6.9198002,0],[107.5954814,-6.9197817,0],[107.595137,-6.9197405,0],[107.5949756,-6.9197212,0],[107.59453,-6.9196678,0],[107.5938915,-6.9195913,0],[107.5937417,-6.9195734,0],[107.5936429,-6.9195616,0],[107.593036,-6.9194889,0],[107.5929308,-6.9194769,0]]},"properties":{"name":"Jalan Jendral Sudirman","styleUrl":"#5507","stroke-opacity":1,"stroke":"#ED1C24","stroke-width":4},"id":"5506"},{"type":"Feature","geometry":{"type":"LineString","coordinates":[[107.5766159,-6.9175515,0],[107.5762592,-6.9175155,0],[107.5760342,-6.9174893,0],[107.5757932,-6.9174613,0],[107.5756139,-6.9174409,0],[107.5754537,-6.9174221,0],[107.5751233,-6.9173833,0],[107.5750142,-6.9173706,0],[107.5747901,-6.9173287,0],[107.5747047,-6.9173134,0],[107.5746765,-6.9173067,0],[107.5745601,-6.9172787,0]]},"properties":{"name":"Jalan Jenderal Sudirman","styleUrl":"#5511","stroke-opacity":1,"stroke":"#ED1C24","stroke-width":4},"id":"5510"},{"type":"Feature","geometry":{"type":"LineString","coordinates":[[107.5901341,-6.9191414,0],[107.5889921,-6.9190081,0],[107.5888501,-6.9189911,0],[107.5883775,-6.9189333,0],[107.5882729,-6.9189215,0],[107.5879773,-6.9188869,0],[107.5875333,-6.9188349,0],[107.5874451,-6.9188238,0],[107.5872953,-6.9188049,0],[107.587156,-6.9187886,0],[107.5869433,-6.9187744,0]]},"properties":{"name":"Jalan Jendral Sudirman","styleUrl":"#5515","stroke-opacity":1,"stroke":"#ED1C24","stroke-width":4},"id":"5514"},{"type":"Feature","geometry":{"type":"LineString","coordinates":[[107.5811963,-6.9181036,0],[107.5798738,-6.9179273,0],[107.5792897,-6.9178494,0],[107.5791704,-6.917834,0],[107.5789433,-6.9178048,0],[107.5788599,-6.9177946,0],[107.5784306,-6.9177423,0],[107.5782874,-6.9177239,0],[107.5781061,-6.9177006,0]]},"properties":{"name":"Jalan Jendral Sudirman","styleUrl":"#5519","stroke-opacity":1,"stroke":"#ED1C24","stroke-width":4},"id":"5518"},{"type":"Feature","geometry":{"type":"LineString","coordinates":[[107.6064546,-6.9210818,0],[107.6059289,-6.9210206,0],[107.6050735,-6.9209188,0],[107.6042519,-6.9208229,0],[107.6042261,-6.9208199,0],[107.6040992,-6.9208034,0]]},"properties":{"name":"Jalan Asia Afrika","styleUrl":"#5523","stroke-opacity":1,"stroke":"#ED1C24","stroke-width":4},"id":"5522"},{"type":"Feature","geometry":{"type":"LineString","coordinates":[[107.4971663,-6.851555,0],[107.4969746,-6.8514085,0],[107.4968492,-6.8513115,0],[107.4967542,-6.8512441,0],[107.4966845,-6.8511983,0],[107.4964572,-6.8510514,0],[107.4964375,-6.8510397,0],[107.4964198,-6.8510316,0],[107.4964035,-6.8510262,0],[107.4963876,-6.8510228,0],[107.4963709,-6.8510211,0],[107.4963507,-6.8510217,0],[107.4963301,-6.8510254,0],[107.4963132,-6.8510299,0],[107.4962963,-6.8510362,0],[107.4962787,-6.8510449,0],[107.4962614,-6.8510578,0],[107.4962484,-6.8510712,0],[107.4962343,-6.85109,0],[107.4962221,-6.8511106,0],[107.4962098,-6.8511338,0],[107.4961976,-6.8511597,0],[107.4961619,-6.8512443,0],[107.4961444,-6.8512857,0]]},"properties":{"name":"Jalan Raya Padalarang","styleUrl":"#5527","stroke-opacity":1,"stroke":"#ED1C24","stroke-width":4},"id":"5526"},{"type":"Feature","geometry":{"type":"LineString","coordinates":[[107.5708773,-6.9135594,0],[107.5707008,-6.9132508,0],[107.5705747,-6.9130517,0],[107.5703429,-6.9126894,0]]},"properties":{"name":"Jalan Jenderal Sudirman","styleUrl":"#5531","stroke-opacity":1,"stroke":"#ED1C24","stroke-width":4},"id":"5530"},{"type":"Feature","geometry":{"type":"LineString","coordinates":[[107.5584996,-6.89319,0],[107.5583845,-6.8929942,0],[107.5582968,-6.8928484,0],[107.5582471,-6.892759,0],[107.558126,-6.8925411,0],[107.5580399,-6.8924036,0],[107.5580255,-6.8923792,0],[107.5579997,-6.8923353,0],[107.5578961,-6.8921589,0],[107.557751,-6.8919043,0],[107.5575682,-6.8915839,0],[107.557194,-6.8909422,0],[107.5571049,-6.8907999,0],[107.5566781,-6.8901125,0],[107.5566284,-6.8900246,0],[107.556216,-6.8893169,0],[107.5561597,-6.8892257,0],[107.5556811,-6.8884444,0],[107.555643,-6.8883823,0]]},"properties":{"name":"Jalan Jend. H. Amir Machmud","styleUrl":"#5535","stroke-opacity":1,"stroke":"#ED1C24","stroke-width":4},"id":"5534"},{"type":"Feature","geometry":{"type":"LineString","coordinates":[[107.561879,-6.8986119,0],[107.5616845,-6.8983006,0]]},"properties":{"name":"Jalan Layang Cimindi","styleUrl":"#5539","stroke-opacity":1,"stroke":"#ED1C24","stroke-width":4},"id":"5538"},{"type":"Feature","geometry":{"type":"LineString","coordinates":[[107.5359218,-6.8702457,0],[107.5358294,-6.8702382,0],[107.5355712,-6.8701428,0],[107.535302,-6.8700476,0],[107.5351164,-6.8699829,0],[107.534761,-6.8698508,0]]},"properties":{"name":"Jalan Jend. H. Amir Machmud","styleUrl":"#5543","stroke-opacity":1,"stroke":"#ED1C24","stroke-width":4},"id":"5542"},{"type":"Feature","geometry":{"type":"LineString","coordinates":[[107.4975965,-6.8527156,0],[107.4975599,-6.8526317,0]]},"properties":{"name":"Jalan Raya Padalarang","styleUrl":"#5547","stroke-opacity":1,"stroke":"#ED1C24","stroke-width":4},"id":"5546"},{"type":"Feature","geometry":{"type":"LineString","coordinates":[[107.540539,-6.8794301,0],[107.5402953,-6.8793126,0],[107.5401369,-6.8792361,0]]},"properties":{"name":"Jalan Gandawijaya","styleUrl":"#5551","stroke-opacity":1,"stroke":"#ED1C24","stroke-width":4},"id":"5550"},{"type":"Feature","geometry":{"type":"LineString","coordinates":[[107.5444838,-6.8783364,0],[107.5443133,-6.8785759,0],[107.5441059,-6.8788685,0],[107.5440248,-6.8789876,0],[107.5439242,-6.8791339,0],[107.5438905,-6.8791833,0],[107.5438142,-6.8792937,0],[107.5437554,-6.8793795,0],[107.5437169,-6.8794368,0],[107.543657,-6.8795243,0],[107.5434841,-6.879778,0],[107.5434454,-6.8798383,0],[107.5433605,-6.8799929,0],[107.5433193,-6.8801087,0],[107.5432942,-6.8802472,0],[107.5432923,-6.8803212,0],[107.5432961,-6.8803887,0]]},"properties":{"name":"Jalan Gatot Subroto","styleUrl":"#5555","stroke-opacity":1,"stroke":"#ED1C24","stroke-width":4},"id":"5554"},{"type":"Feature","geometry":{"type":"LineString","coordinates":[[107.5415376,-6.8743705,0],[107.5419486,-6.8736407,0]]},"properties":{"name":"Jalan Gandawijaya","styleUrl":"#5559","stroke-opacity":1,"stroke":"#ED1C24","stroke-width":4},"id":"5558"},{"type":"Feature","geometry":{"type":"LineString","coordinates":[[107.5034117,-6.8632727,0],[107.5034772,-6.8633105,0],[107.5035566,-6.8633604,0],[107.5037925,-6.8634899,0],[107.5039209,-6.8635608,0],[107.5043597,-6.8637873,0],[107.5044255,-6.8638215,0],[107.5047344,-6.8639832,0]]},"properties":{"name":"Jalan Nasional III","styleUrl":"#5563","stroke-opacity":1,"stroke":"#ED1C24","stroke-width":4},"id":"5562"},{"type":"Feature","geometry":{"type":"LineString","coordinates":[[107.5261248,-6.8684369,0],[107.5262229,-6.8684691,0],[107.5263122,-6.8685064,0],[107.5263898,-6.8685422,0],[107.5264225,-6.8685573,0],[107.5266094,-6.8686384,0],[107.5270877,-6.8688731,0],[107.5271548,-6.868908,0],[107.5273141,-6.8689718,0],[107.5274989,-6.8690436,0],[107.5275841,-6.8690682,0],[107.527662,-6.8690849,0],[107.5277986,-6.8691038,0],[107.5278876,-6.8691021,0],[107.5279891,-6.8690928,0],[107.5281475,-6.8690695,0],[107.5281996,-6.8690592,0],[107.5283978,-6.8690203,0],[107.5284509,-6.8690086,0],[107.5285738,-6.8689815,0],[107.5288591,-6.8689212,0],[107.5289883,-6.8688991,0],[107.5293786,-6.8688406,0],[107.5300087,-6.868775,0],[107.5302545,-6.8687509,0],[107.5303683,-6.8687397,0],[107.5306127,-6.8687157,0],[107.5307996,-6.8686984,0],[107.5309254,-6.8686864,0],[107.5311366,-6.8686647,0],[107.5311768,-6.86866,0],[107.5313217,-6.8686505,0],[107.5314385,-6.8686555,0],[107.5315089,-6.8686615,0],[107.5315735,-6.8686772,0],[107.5317099,-6.8687176,0],[107.5318119,-6.8687546,0],[107.5318553,-6.8687705,0],[107.531878,-6.8687794,0],[107.5319386,-6.8688013,0],[107.5322086,-6.8688988,0],[107.5324551,-6.8689856,0],[107.5327957,-6.8691022,0],[107.5330853,-6.8692167,0]]},"properties":{"name":"Jalan Jend. H. Amir Machmud","styleUrl":"#5567","stroke-opacity":1,"stroke":"#ED1C24","stroke-width":4},"id":"5566"},{"type":"Feature","geometry":{"type":"LineString","coordinates":[[107.5419486,-6.8736407,0],[107.5419535,-6.8735919,0],[107.5419512,-6.8735591,0],[107.5419417,-6.8735234,0],[107.5419214,-6.873491,0],[107.5418832,-6.8734607,0],[107.5416146,-6.8733007,0]]},"properties":{"name":"Jalan Jend. H. Amir Machmud","styleUrl":"#5571","stroke-opacity":1,"stroke":"#ED1C24","stroke-width":4},"id":"5570"},{"type":"Feature","geometry":{"type":"LineString","coordinates":[[107.5470087,-6.8765884,0],[107.5468201,-6.8764737,0],[107.5462018,-6.8760976,0],[107.5461771,-6.8760913,0],[107.5461516,-6.8760916,0],[107.546127,-6.8760985,0],[107.5461059,-6.8761108,0],[107.5460886,-6.8761279,0],[107.546043,-6.8761965,0],[107.5459671,-6.8762377,0]]},"properties":{"name":"Jalan Jend. H. Amir Machmud","styleUrl":"#5575","stroke-opacity":1,"stroke":"#ED1C24","stroke-width":4},"id":"5574"},{"type":"Feature","geometry":{"type":"LineString","coordinates":[[107.5398907,-6.878911,0],[107.540033,-6.8782287,0],[107.5400647,-6.878046,0],[107.5400784,-6.8779667,0],[107.5402735,-6.8770602,0],[107.5403232,-6.8768433,0],[107.5403766,-6.8766636,0],[107.5403903,-6.8766233,0],[107.5404467,-6.8764732,0],[107.5405002,-6.8763519,0],[107.5405976,-6.8761503,0],[107.5406022,-6.8761408,0],[107.5406475,-6.8760483,0],[107.5406762,-6.8759934,0],[107.5407256,-6.8758987,0],[107.5407373,-6.8758761,0],[107.54081,-6.8757369,0],[107.5408989,-6.8755665,0],[107.5410032,-6.8753667,0],[107.5411826,-6.875023,0],[107.5412818,-6.8748394,0]]},"properties":{"name":"Jalan Gandawijaya","styleUrl":"#5579","stroke-opacity":1,"stroke":"#ED1C24","stroke-width":4},"id":"5578"},{"type":"Feature","geometry":{"type":"LineString","coordinates":[[107.5401369,-6.8792361,0],[107.5400249,-6.879188,0],[107.5399654,-6.8791607,0],[107.5399261,-6.8791313,0],[107.5399008,-6.8791016,0],[107.5398776,-6.8790604,0],[107.5398693,-6.8790096,0],[107.5398907,-6.878911,0]]},"properties":{"name":"Jalan Gandawijaya","styleUrl":"#5583","stroke-opacity":1,"stroke":"#ED1C24","stroke-width":4},"id":"5582"},{"type":"Feature","geometry":{"type":"LineString","coordinates":[[107.5869433,-6.9187744,0],[107.5865662,-6.9187469,0]]},"properties":{"name":"Jalan Jendral Sudirman","styleUrl":"#5587","stroke-opacity":1,"stroke":"#ED1C24","stroke-width":4},"id":"5586"},{"type":"Feature","geometry":{"type":"LineString","coordinates":[[107.494909,-6.852067,0],[107.4948639,-6.8521257,0],[107.4948502,-6.8521421,0],[107.4948346,-6.8521589,0],[107.4948188,-6.8521743,0],[107.4947997,-6.8521915,0],[107.4947778,-6.852209,0],[107.4947547,-6.8522251,0],[107.4947307,-6.8522396,0],[107.4947024,-6.8522548,0],[107.494574,-6.8523146,0],[107.4945559,-6.8523251,0],[107.4945407,-6.8523358,0],[107.4945258,-6.8523487,0],[107.4945104,-6.8523648,0],[107.494498,-6.8523805,0],[107.4944862,-6.8523976,0],[107.4944522,-6.8524499,0]]},"properties":{"name":"Jalan Layang Kota Baru Parahyangan","styleUrl":"#5591","stroke-opacity":1,"stroke":"#ED1C24","stroke-width":4},"id":"5590"},{"type":"Feature","geometry":{"type":"LineString","coordinates":[[107.4974224,-6.8519939,0],[107.4973814,-6.8518888,0],[107.4973343,-6.8517847,0],[107.4972822,-6.8516803,0],[107.4972419,-6.8516172,0],[107.4972188,-6.8515916,0],[107.4971663,-6.851555,0]]},"properties":{"name":"Jalan Raya Padalarang","styleUrl":"#5595","stroke-opacity":1,"stroke":"#ED1C24","stroke-width":4},"id":"5594"},{"type":"Feature","geometry":{"type":"LineString","coordinates":[[107.4987182,-6.8581066,0],[107.4987288,-6.8582512,0],[107.4987562,-6.8584531,0],[107.4987799,-6.8586327,0],[107.4988095,-6.8588159,0],[107.498846,-6.8589418,0],[107.4988952,-6.8590747,0],[107.4989519,-6.859192,0],[107.499024,-6.8593264,0],[107.4991209,-6.8594557,0],[107.4992202,-6.8595603,0],[107.4993675,-6.8597221,0],[107.4995891,-6.8599902,0],[107.4997744,-6.8601871,0],[107.4998426,-6.8602605,0],[107.5001629,-6.8605893,0],[107.500195,-6.8606217,0],[107.5003415,-6.860773,0],[107.5004973,-6.8609384,0],[107.5006628,-6.8611039,0],[107.5010639,-6.8614908,0],[107.5012224,-6.8616525,0],[107.5014146,-6.8618608,0],[107.5015639,-6.8620124,0],[107.5016093,-6.8620563,0],[107.5018806,-6.8623184,0],[107.5021156,-6.8625154,0],[107.5022805,-6.8626367,0],[107.5025833,-6.8628122,0],[107.5028237,-6.8629469,0],[107.502934,-6.8630015,0],[107.5031549,-6.8631253,0],[107.5031733,-6.8631354,0],[107.5032331,-6.8631683,0],[107.5033168,-6.8632144,0],[107.5034117,-6.8632727,0]]},"properties":{"name":"Jalan Nasional III","styleUrl":"#5599","stroke-opacity":1,"stroke":"#ED1C24","stroke-width":4},"id":"5598"},{"type":"Feature","geometry":{"type":"LineString","coordinates":[[107.5471213,-6.876653,0],[107.5470087,-6.8765884,0]]},"properties":{"name":"Jalan Jend. H. Amir Machmud","styleUrl":"#5603","stroke-opacity":1,"stroke":"#ED1C24","stroke-width":4},"id":"5602"},{"type":"Feature","geometry":{"type":"LineString","coordinates":[[107.548903,-6.8778074,0],[107.548341,-6.8774399,0],[107.54804,-6.8772387,0],[107.5479168,-6.8771586,0],[107.5474888,-6.8768836,0],[107.5471213,-6.876653,0]]},"properties":{"name":"Jalan Jend. H. Amir Machmud","styleUrl":"#5607","stroke-opacity":1,"stroke":"#ED1C24","stroke-width":4},"id":"5606"},{"type":"Feature","geometry":{"type":"LineString","coordinates":[[107.5416146,-6.8733007,0],[107.5411979,-6.8730525,0]]},"properties":{"name":"Jalan Jend. H. Amir Machmud","styleUrl":"#5611","stroke-opacity":1,"stroke":"#ED1C24","stroke-width":4},"id":"5610"},{"type":"Feature","geometry":{"type":"LineString","coordinates":[[107.5409753,-6.8729215,0],[107.5409187,-6.8728882,0],[107.5408723,-6.8728609,0]]},"properties":{"name":"Jalan Jend. H. Amir Machmud","styleUrl":"#5615","stroke-opacity":1,"stroke":"#ED1C24","stroke-width":4},"id":"5614"},{"type":"Feature","geometry":{"type":"LineString","coordinates":[[107.5391134,-6.8717381,0],[107.539235,-6.8718115,0],[107.5393459,-6.8718791,0],[107.5395511,-6.8720061,0],[107.5396118,-6.872043,0]]},"properties":{"name":"Jalan Jend. H. Amir Machmud","styleUrl":"#5619","stroke-opacity":1,"stroke":"#ED1C24","stroke-width":4},"id":"5618"},{"type":"Feature","geometry":{"type":"LineString","coordinates":[[107.5396118,-6.872043,0],[107.5399548,-6.8722548,0],[107.5400294,-6.8723014,0],[107.5403035,-6.8724715,0],[107.5403649,-6.8725096,0],[107.5406997,-6.8727172,0],[107.540747,-6.8727452,0]]},"properties":{"name":"Jalan Jend. H. Amir Machmud","styleUrl":"#5623","stroke-opacity":1,"stroke":"#ED1C24","stroke-width":4},"id":"5622"},{"type":"Feature","geometry":{"type":"LineString","coordinates":[[107.5957129,-6.919809,0],[107.595636,-6.9198002,0]]},"properties":{"name":"Jalan Jendral Sudirman","styleUrl":"#5627","stroke-opacity":1,"stroke":"#ED1C24","stroke-width":4},"id":"5626"},{"type":"Feature","geometry":{"type":"LineString","coordinates":[[107.5978833,-6.9200678,0],[107.5976564,-6.9200411,0],[107.597515,-6.9200243,0],[107.5972865,-6.9199972,0],[107.597247,-6.9199925,0],[107.5957205,-6.9198099,0],[107.5957129,-6.919809,0]]},"properties":{"name":"Jalan Jendral Sudirman","styleUrl":"#5631","stroke-opacity":1,"stroke":"#ED1C24","stroke-width":4},"id":"5630"},{"type":"Feature","geometry":{"type":"LineString","coordinates":[[107.5698951,-6.9119365,0],[107.5697893,-6.9117669,0],[107.569777,-6.9117459,0],[107.5696479,-6.9115248,0],[107.5696333,-6.9115004,0],[107.569579,-6.9114097,0],[107.5692741,-6.9108999,0],[107.5691136,-6.9106315,0],[107.569013,-6.9104799,0]]},"properties":{"name":"Jalan Jenderal Sudirman","styleUrl":"#5635","stroke-opacity":1,"stroke":"#ED1C24","stroke-width":4},"id":"5634"},{"type":"Feature","geometry":{"type":"LineString","coordinates":[[107.5047344,-6.8639832,0],[107.5049911,-6.8641067,0],[107.5050586,-6.8641392,0],[107.5051499,-6.8641787,0],[107.5051913,-6.8641937,0],[107.5052503,-6.8642111,0],[107.5053149,-6.8642263,0],[107.5053817,-6.8642351,0],[107.5054411,-6.8642368,0],[107.5054978,-6.8642341,0],[107.5055404,-6.864229,0]]},"properties":{"name":"Jalan Nasional III","styleUrl":"#5639","stroke-opacity":1,"stroke":"#ED1C24","stroke-width":4},"id":"5638"},{"type":"Feature","geometry":{"type":"LineString","coordinates":[[107.5055404,-6.864229,0],[107.5056235,-6.864215,0],[107.505703,-6.8641943,0],[107.5063671,-6.864027,0],[107.5065856,-6.8639771,0],[107.5070193,-6.863866,0],[107.5077676,-6.863685,0],[107.5082119,-6.8635741,0],[107.5086465,-6.8634599,0],[107.5087248,-6.8634388,0],[107.5094028,-6.8632576,0],[107.5094818,-6.863253,0],[107.5095628,-6.8632583,0],[107.5096207,-6.8632683,0],[107.5097112,-6.8632909,0],[107.5098225,-6.8633262,0],[107.5099964,-6.863395,0],[107.5100491,-6.8634203,0],[107.510072,-6.8634302,0],[107.5104217,-6.8635854,0],[107.5106152,-6.8636745,0],[107.5106923,-6.8637105,0],[107.510966,-6.8638385,0],[107.5111617,-6.8639301,0],[107.5113852,-6.8640346,0],[107.5119852,-6.8643131,0],[107.5120662,-6.8643533,0],[107.5123015,-6.8644685,0],[107.5125224,-6.8645767,0],[107.5128242,-6.8647258,0],[107.5130197,-6.8648201,0],[107.513398,-6.865018,0],[107.5134421,-6.8650411,0],[107.513879,-6.8652552,0],[107.5140447,-6.8653343,0],[107.5150775,-6.8658424,0],[107.5151703,-6.8658917,0],[107.5152076,-6.8659101,0],[107.5156233,-6.8661135,0],[107.5156622,-6.866132,0]]},"properties":{"name":"Jalan Nasional III","styleUrl":"#5643","stroke-opacity":1,"stroke":"#ED1C24","stroke-width":4},"id":"5642"},{"type":"Feature","geometry":{"type":"LineString","coordinates":[[107.5160919,-6.8663299,0],[107.5161279,-6.866347,0],[107.5164712,-6.8665071,0],[107.5167612,-6.8666428,0],[107.5169868,-6.8667469,0]]},"properties":{"name":"Route Segment","styleUrl":"#5647","stroke-opacity":1,"stroke":"#ED1C24","stroke-width":4},"id":"5646"},{"type":"Feature","geometry":{"type":"LineString","coordinates":[[107.5586991,-6.8935235,0],[107.5586896,-6.8935077,0]]},"properties":{"name":"Jalan Jend. H. Amir Machmud","styleUrl":"#5651","stroke-opacity":1,"stroke":"#ED1C24","stroke-width":4},"id":"5650"},{"type":"Feature","geometry":{"type":"LineString","coordinates":[[107.5586388,-6.8934232,0],[107.5584996,-6.89319,0]]},"properties":{"name":"Jalan Jend. H. Amir Machmud","styleUrl":"#5655","stroke-opacity":1,"stroke":"#ED1C24","stroke-width":4},"id":"5654"},{"type":"Feature","geometry":{"type":"LineString","coordinates":[[107.5588855,-6.8937179,0],[107.5586991,-6.8935235,0]]},"properties":{"name":"Jalan Layang Cimindi","styleUrl":"#5659","stroke-opacity":1,"stroke":"#ED1C24","stroke-width":4},"id":"5658"},{"type":"Feature","geometry":{"type":"LineString","coordinates":[[107.5715151,-6.9146659,0],[107.5714243,-6.9145091,0],[107.571384,-6.9144417,0],[107.5710851,-6.913941,0],[107.5709375,-6.9136862,0],[107.5708773,-6.9135594,0]]},"properties":{"name":"Jalan Jenderal Sudirman","styleUrl":"#5663","stroke-opacity":1,"stroke":"#ED1C24","stroke-width":4},"id":"5662"},{"type":"Feature","geometry":{"type":"LineString","coordinates":[[107.5531885,-6.8843128,0],[107.5531006,-6.8841655,0],[107.5529605,-6.8839307,0],[107.5529416,-6.883899,0],[107.5528472,-6.8837408,0],[107.5527794,-6.8836271,0],[107.5527092,-6.8835093,0],[107.5526121,-6.8833467,0],[107.5525863,-6.8833033,0],[107.5524109,-6.8830094,0],[107.5522959,-6.8828167,0],[107.5522386,-6.8827206,0],[107.5520817,-6.8824713,0],[107.5519439,-6.8822442,0],[107.5518178,-6.8820536,0],[107.5515938,-6.8816947,0],[107.5515007,-6.8815314,0],[107.5513132,-6.8812126,0],[107.5510818,-6.8808273,0],[107.5510407,-6.8807588,0],[107.5509549,-6.8806153,0],[107.5507239,-6.8802572,0],[107.550617,-6.8800913,0],[107.5505345,-6.8799545,0],[107.5504164,-6.8797669,0],[107.5503819,-6.8797123,0],[107.5503366,-6.8796404,0],[107.5501318,-6.8792963,0],[107.5500491,-6.8791569,0],[107.5499778,-6.8790409,0],[107.5498734,-6.8788724,0],[107.5498308,-6.8788036,0],[107.549812,-6.8787698,0]]},"properties":{"name":"Jalan Jend. H. Amir Machmud","styleUrl":"#5667","stroke-opacity":1,"stroke":"#ED1C24","stroke-width":4},"id":"5666"},{"type":"Feature","geometry":{"type":"LineString","coordinates":[[107.549812,-6.8787698,0],[107.5497459,-6.8787214,0],[107.5497311,-6.8787014,0],[107.5496078,-6.8784837,0],[107.5495062,-6.8783419,0],[107.5493651,-6.8781649,0],[107.5493436,-6.8781455,0]]},"properties":{"name":"Jalan Jend. H. Amir Machmud","styleUrl":"#5671","stroke-opacity":1,"stroke":"#ED1C24","stroke-width":4},"id":"5670"},{"type":"Feature","geometry":{"type":"LineString","coordinates":[[107.569013,-6.9104799,0],[107.5689515,-6.9103782,0],[107.5688895,-6.9102758,0],[107.5688589,-6.9102251,0],[107.5688066,-6.9101387,0],[107.5686442,-6.9098748,0],[107.5683186,-6.9093322,0],[107.5676739,-6.9082679,0],[107.5674722,-6.9079333,0],[107.5673325,-6.9077024,0],[107.5672438,-6.907556,0],[107.5668478,-6.9069015,0],[107.5666139,-6.9065148,0],[107.5664877,-6.9063062,0],[107.5663055,-6.9060051,0],[107.5659443,-6.9054074,0],[107.565924,-6.9053734,0],[107.565673,-6.9049534,0],[107.5653296,-6.9043922,0],[107.5651363,-6.9040727,0],[107.5647726,-6.9034716,0],[107.5647281,-6.9033981,0],[107.5646958,-6.9033447,0],[107.5644297,-6.902905,0],[107.5643428,-6.9027614,0],[107.5642879,-6.9026706,0],[107.5639096,-6.9020454,0],[107.5636843,-6.9016737,0],[107.5636389,-6.901598,0],[107.5635866,-6.9015056,0],[107.5635485,-6.901452,0],[107.5635096,-6.9013988,0],[107.5633165,-6.9010686,0],[107.5632168,-6.9009003,0],[107.562808,-6.9002247,0],[107.5626899,-6.9000295,0],[107.5625298,-6.8997648,0],[107.5622867,-6.899363,0],[107.5622663,-6.8993293,0],[107.5619186,-6.8987547,0]]},"properties":{"name":"Jalan Jend. H. Amir Machmud","styleUrl":"#5675","stroke-opacity":1,"stroke":"#ED1C24","stroke-width":4},"id":"5674"},{"type":"Feature","geometry":{"type":"LineString","coordinates":[[107.5619186,-6.8987547,0],[107.561879,-6.8986119,0]]},"properties":{"name":"Jalan Layang Cimindi","styleUrl":"#5679","stroke-opacity":1,"stroke":"#ED1C24","stroke-width":4},"id":"5678"},{"type":"Feature","geometry":{"type":"LineString","coordinates":[[107.5407965,-6.8728151,0],[107.540747,-6.8727452,0]]},"properties":{"name":"Jalan Jend. H. Amir Machmud","styleUrl":"#5683","stroke-opacity":1,"stroke":"#ED1C24","stroke-width":4},"id":"5682"},{"type":"Feature","geometry":{"type":"LineString","coordinates":[[107.533145,-6.8692367,0],[107.5331785,-6.8692495,0],[107.5335628,-6.8693791,0],[107.5337126,-6.8694306,0],[107.5337447,-6.8694416,0],[107.5339049,-6.8694966,0],[107.5341763,-6.8696061,0],[107.5342233,-6.8696235,0],[107.5343842,-6.869692,0]]},"properties":{"name":"Jalan Jend. H. Amir Machmud","styleUrl":"#5687","stroke-opacity":1,"stroke":"#ED1C24","stroke-width":4},"id":"5686"},{"type":"Feature","geometry":{"type":"LineString","coordinates":[[107.5330853,-6.8692167,0],[107.533145,-6.8692367,0]]},"properties":{"name":"Jalan Jend. H. Amir Machmud","styleUrl":"#5691","stroke-opacity":1,"stroke":"#ED1C24","stroke-width":4},"id":"5690"},{"type":"Feature","geometry":{"type":"LineString","coordinates":[[107.4871202,-6.8579424,0],[107.4869151,-6.8580095,0],[107.4864366,-6.8581776,0],[107.4859686,-6.8583506,0],[107.4856253,-6.8584978,0],[107.4850543,-6.8587831,0],[107.4850014,-6.8588138,0],[107.4849632,-6.858843,0],[107.4849145,-6.8589012,0]]},"properties":{"name":"Jalan Panyawangan","styleUrl":"#5695","stroke-opacity":1,"stroke":"#ED1C24","stroke-width":4},"id":"5694"},{"type":"Feature","geometry":{"type":"LineString","coordinates":[[107.4874813,-6.8578222,0],[107.4871202,-6.8579424,0]]},"properties":{"name":"Jalan Panyawangan","styleUrl":"#5699","stroke-opacity":1,"stroke":"#ED1C24","stroke-width":4},"id":"5698"},{"type":"Feature","geometry":{"type":"LineString","coordinates":[[107.4977859,-6.8538237,0],[107.4978121,-6.8539405,0]]},"properties":{"name":"Jalan Nasional III","styleUrl":"#5703","stroke-opacity":1,"stroke":"#ED1C24","stroke-width":4},"id":"5702"},{"type":"Feature","geometry":{"type":"LineString","coordinates":[[107.4975965,-6.8527156,0],[107.4975988,-6.8527427,0],[107.4976134,-6.8528859,0],[107.497658,-6.8531891,0],[107.4976818,-6.8533539,0],[107.4977128,-6.8535065,0],[107.4977859,-6.8538237,0]]},"properties":{"name":"Jalan Nasional III","styleUrl":"#5707","stroke-opacity":1,"stroke":"#ED1C24","stroke-width":4},"id":"5706"},{"type":"Feature","geometry":{"type":"LineString","coordinates":[[107.5865662,-6.9187469,0],[107.5863762,-6.9187298,0]]},"properties":{"name":"Jalan Jendral Sudirman","styleUrl":"#5711","stroke-opacity":1,"stroke":"#ED1C24","stroke-width":4},"id":"5710"},{"type":"Feature","geometry":{"type":"LineString","coordinates":[[107.5238237,-6.8685111,0],[107.5237614,-6.8685286,0],[107.5234058,-6.868517,0],[107.5232773,-6.8685128,0],[107.5226323,-6.8684891,0],[107.5221789,-6.868477,0],[107.5220823,-6.8684515,0]]},"properties":{"name":"Route Segment","styleUrl":"#5715","stroke-opacity":1,"stroke":"#ED1C24","stroke-width":4},"id":"5714"},{"type":"Feature","geometry":{"type":"LineString","coordinates":[[107.5363431,-6.8704044,0],[107.5363908,-6.8704221,0],[107.5364884,-6.8704594,0],[107.5365376,-6.8704766,0],[107.5365778,-6.8704906,0],[107.5366787,-6.8705296,0],[107.5373836,-6.8707918,0],[107.5376817,-6.8709329,0],[107.5379552,-6.8710821,0],[107.538003,-6.8711086,0],[107.5381494,-6.8711877,0],[107.5382103,-6.8712215,0],[107.5383816,-6.8713181,0],[107.538881,-6.871595,0],[107.5391134,-6.8717381,0]]},"properties":{"name":"Jalan Jend. H. Amir Machmud","styleUrl":"#5719","stroke-opacity":1,"stroke":"#ED1C24","stroke-width":4},"id":"5718"},{"type":"Feature","geometry":{"type":"LineString","coordinates":[[107.5863762,-6.9187298,0],[107.5863587,-6.9187225,0],[107.5863067,-6.9187088,0],[107.5855198,-6.9186067,0],[107.5853056,-6.918579,0],[107.585095,-6.9185515,0],[107.5849982,-6.9185373,0]]},"properties":{"name":"Jalan Jendral Sudirman","styleUrl":"#5723","stroke-opacity":1,"stroke":"#ED1C24","stroke-width":4},"id":"5722"},{"type":"Feature","geometry":{"type":"LineString","coordinates":[[107.4974571,-6.8521186,0],[107.4974224,-6.8519939,0]]},"properties":{"name":"Jalan Raya Padalarang","styleUrl":"#5727","stroke-opacity":1,"stroke":"#ED1C24","stroke-width":4},"id":"5726"},{"type":"Feature","geometry":{"type":"LineString","coordinates":[[107.549261,-6.8780613,0],[107.5491797,-6.8780009,0],[107.5490452,-6.8779037,0],[107.548903,-6.8778074,0]]},"properties":{"name":"Jalan Jend. H. Amir Machmud","styleUrl":"#5731","stroke-opacity":1,"stroke":"#ED1C24","stroke-width":4},"id":"5730"},{"type":"Feature","geometry":{"type":"LineString","coordinates":[[107.5703429,-6.9126894,0],[107.5701276,-6.9123274,0],[107.5698951,-6.9119365,0]]},"properties":{"name":"Jalan Jenderal Sudirman","styleUrl":"#5735","stroke-opacity":1,"stroke":"#ED1C24","stroke-width":4},"id":"5734"},{"type":"Feature","geometry":{"type":"LineString","coordinates":[[107.4975599,-6.8526317,0],[107.4974957,-6.8522961,0],[107.4974571,-6.8521186,0]]},"properties":{"name":"Jalan Raya Padalarang","styleUrl":"#5739","stroke-opacity":1,"stroke":"#ED1C24","stroke-width":4},"id":"5738"},{"type":"Feature","geometry":{"type":"LineString","coordinates":[[107.5408723,-6.8728609,0],[107.5407965,-6.8728151,0]]},"properties":{"name":"Jalan Jend. H. Amir Machmud","styleUrl":"#5743","stroke-opacity":1,"stroke":"#ED1C24","stroke-width":4},"id":"5742"},{"type":"Feature","geometry":{"type":"LineString","coordinates":[[107.4961444,-6.8512857,0],[107.4960897,-6.8514097,0],[107.4960736,-6.851442,0],[107.4960591,-6.8514673,0],[107.4960425,-6.8514915,0],[107.4960261,-6.8515122,0],[107.4960063,-6.8515313,0],[107.4959822,-6.8515478,0],[107.4959607,-6.8515595,0],[107.4959397,-6.8515682,0],[107.4959165,-6.8515759,0],[107.4958879,-6.8515837,0],[107.4958484,-6.8515932,0],[107.4958073,-6.8516017,0],[107.4957661,-6.8516091,0],[107.49555,-6.8516434,0],[107.4954972,-6.8516542,0],[107.4954416,-6.8516674,0],[107.4953935,-6.8516805,0],[107.4953499,-6.8516958,0],[107.4953074,-6.8517131,0],[107.4952644,-6.8517336,0],[107.4952276,-6.8517532,0],[107.4951894,-6.8517762,0],[107.4951386,-6.8518103,0],[107.4951033,-6.8518359,0],[107.4950728,-6.8518613,0],[107.4950439,-6.8518894,0],[107.495014,-6.8519245,0],[107.494909,-6.852067,0]]},"properties":{"name":"Jalan Kota Baru Parahyangan","styleUrl":"#5747","stroke-opacity":1,"stroke":"#ED1C24","stroke-width":4},"id":"5746"},{"type":"Feature","geometry":{"type":"LineString","coordinates":[[107.555643,-6.8883823,0],[107.5554234,-6.8880103,0],[107.5552322,-6.8876864,0],[107.5550315,-6.8873463,0],[107.5548919,-6.8871098,0],[107.5546245,-6.8866774,0],[107.5543949,-6.8863155,0],[107.5541879,-6.8860004,0],[107.5541319,-6.8859141,0],[107.5540996,-6.8858644,0]]},"properties":{"name":"Jalan Jend. H. Amir Machmud","styleUrl":"#5751","stroke-opacity":1,"stroke":"#ED1C24","stroke-width":4},"id":"5750"},{"type":"Feature","geometry":{"type":"LineString","coordinates":[[107.5540996,-6.8858644,0],[107.5539786,-6.8856737,0],[107.5538495,-6.8854676,0],[107.5537567,-6.8853142,0],[107.5536309,-6.8850994,0],[107.5532727,-6.8845289,0],[107.5532466,-6.8844891,0],[107.5532098,-6.8844243,0],[107.5531885,-6.8843128,0]]},"properties":{"name":"Jalan Jend. H. Amir Machmud","styleUrl":"#5755","stroke-opacity":1,"stroke":"#ED1C24","stroke-width":4},"id":"5754"},{"type":"Feature","geometry":{"type":"LineString","coordinates":[[107.5493436,-6.8781455,0],[107.549261,-6.8780613,0]]},"properties":{"name":"Jalan Jend. H. Amir Machmud","styleUrl":"#5759","stroke-opacity":1,"stroke":"#ED1C24","stroke-width":4},"id":"5758"},{"type":"Feature","geometry":{"type":"LineString","coordinates":[[107.5459671,-6.8762377,0],[107.5458574,-6.8763919,0],[107.545628,-6.8767142,0],[107.5452953,-6.8771817,0],[107.5452289,-6.8772766,0],[107.5451738,-6.8773525,0],[107.545096,-6.8774617,0],[107.5444838,-6.8783364,0]]},"properties":{"name":"Jalan Gatot Subroto","styleUrl":"#5763","stroke-opacity":1,"stroke":"#ED1C24","stroke-width":4},"id":"5762"},{"type":"Feature","geometry":{"type":"LineString","coordinates":[[107.534761,-6.8698508,0],[107.5344209,-6.8697253,0],[107.5343842,-6.869692,0]]},"properties":{"name":"Jalan Jend. H. Amir Machmud","styleUrl":"#5767","stroke-opacity":1,"stroke":"#ED1C24","stroke-width":4},"id":"5766"},{"type":"Feature","geometry":{"type":"LineString","coordinates":[[107.5411979,-6.8730525,0],[107.5409753,-6.8729215,0]]},"properties":{"name":"Jalan Jend. H. Amir Machmud","styleUrl":"#5771","stroke-opacity":1,"stroke":"#ED1C24","stroke-width":4},"id":"5770"},{"type":"Feature","geometry":{"type":"LineString","coordinates":[[107.4987021,-6.8578894,0],[107.4987182,-6.8581066,0]]},"properties":{"name":"Jalan Nasional III","styleUrl":"#5775","stroke-opacity":1,"stroke":"#ED1C24","stroke-width":4},"id":"5774"},{"type":"Feature","geometry":{"type":"LineString","coordinates":[[107.4978121,-6.8539405,0],[107.4978195,-6.8539756,0],[107.497921,-6.8543483,0],[107.4979689,-6.8545091,0],[107.4980044,-6.8546237,0],[107.4980409,-6.8547619,0],[107.4980626,-6.8548322,0],[107.4980832,-6.8548991,0],[107.4981383,-6.8550605,0],[107.4981795,-6.8551922,0],[107.4982118,-6.8553041,0],[107.4982291,-6.855364,0],[107.4982378,-6.8553939,0],[107.4982496,-6.8554342,0],[107.4982975,-6.8555796,0],[107.4983226,-6.8556685,0],[107.4983676,-6.8558429,0],[107.4983981,-6.8559365,0],[107.4984229,-6.8560363,0],[107.4984955,-6.8563195,0],[107.4985165,-6.856411,0],[107.4985642,-6.8566145,0],[107.4986032,-6.8567807,0],[107.4986178,-6.8568699,0],[107.4986213,-6.8568936,0],[107.4986408,-6.8570257,0],[107.4986583,-6.8572813,0],[107.4986651,-6.8573652,0],[107.4986693,-6.8574167,0],[107.4986734,-6.8574856,0],[107.4986774,-6.8575545,0],[107.4986922,-6.857755,0],[107.4987011,-6.8578756,0],[107.4987021,-6.8578894,0]]},"properties":{"name":"Jalan Nasional III","styleUrl":"#5779","stroke-opacity":1,"stroke":"#ED1C24","stroke-width":4},"id":"5778"},{"type":"Feature","geometry":{"type":"LineString","coordinates":[[107.4919706,-6.8536414,0],[107.4916948,-6.8538818,0],[107.4915401,-6.8540351,0],[107.4913677,-6.8542461,0],[107.4912795,-6.8543914,0],[107.4912098,-6.8545277,0],[107.4911334,-6.8546994,0],[107.491047,-6.8549156,0],[107.4909758,-6.85515,0],[107.490886,-6.8554368,0],[107.4908085,-6.8556729,0],[107.4907426,-6.8558506,0],[107.4906969,-6.8559436,0],[107.490634,-6.8560715,0],[107.4905367,-6.8562288,0],[107.4904172,-6.8563985,0],[107.4903987,-6.8564256,0],[107.4902688,-6.8565768,0],[107.4902587,-6.8565886,0],[107.4901266,-6.8567205,0],[107.4899602,-6.8568684,0],[107.48993,-6.8568898,0],[107.4897922,-6.8569873,0],[107.4896188,-6.8570961,0],[107.4894408,-6.8571858,0],[107.4893412,-6.8572253,0],[107.4890471,-6.8573475,0],[107.4886886,-6.8574623,0],[107.4884777,-6.8575259,0],[107.4882278,-6.8576062,0],[107.4879598,-6.8576864,0],[107.4874813,-6.8578222,0]]},"properties":{"name":"Jalan Panyawangan","styleUrl":"#5783","stroke-opacity":1,"stroke":"#ED1C24","stroke-width":4},"id":"5782"},{"type":"Feature","geometry":{"type":"LineString","coordinates":[[107.5745601,-6.9172787,0],[107.5745248,-6.9173306,0],[107.5744751,-6.9173693,0],[107.5744159,-6.9173911,0]]},"properties":{"name":"Bunderan Cibeureum","styleUrl":"#5787","stroke-opacity":1,"stroke":"#ED1C24","stroke-width":4},"id":"5786"},{"type":"Feature","geometry":{"type":"LineString","coordinates":[[107.5412818,-6.8748394,0],[107.5415376,-6.8743705,0]]},"properties":{"name":"Jalan Gandawijaya","styleUrl":"#5791","stroke-opacity":1,"stroke":"#ED1C24","stroke-width":4},"id":"5790"},{"type":"Feature","geometry":{"type":"LineString","coordinates":[[107.5586896,-6.8935077,0],[107.5586388,-6.8934232,0]]},"properties":{"name":"Jalan Jend. H. Amir Machmud","styleUrl":"#5795","stroke-opacity":1,"stroke":"#ED1C24","stroke-width":4},"id":"5794"},{"type":"Feature","geometry":{"type":"LineString","coordinates":[[107.5589596,-6.8938395,0],[107.5588855,-6.8937179,0]]},"properties":{"name":"Jalan Layang Cimindi","styleUrl":"#5799","stroke-opacity":1,"stroke":"#ED1C24","stroke-width":4},"id":"5798"},{"type":"Feature","geometry":{"type":"LineString","coordinates":[[107.5983304,-6.9201181,0],[107.598206,-6.9201031,0],[107.5980871,-6.9200901,0],[107.5978833,-6.9200678,0]]},"properties":{"name":"Jalan Jendral Sudirman","styleUrl":"#5803","stroke-opacity":1,"stroke":"#ED1C24","stroke-width":4},"id":"5802"},{"type":"Feature","geometry":{"type":"LineString","coordinates":[[107.5742937,-6.9173779,0],[107.5742396,-6.9173432,0],[107.5741991,-6.9172935,0]]},"properties":{"name":"Bunderan Cibeureum","styleUrl":"#5807","stroke-opacity":1,"stroke":"#ED1C24","stroke-width":4},"id":"5806"},{"type":"Feature","geometry":{"type":"LineString","coordinates":[[107.5744159,-6.9173911,0],[107.5743538,-6.9173939,0],[107.5742937,-6.9173779,0]]},"properties":{"name":"Bunderan Cibeureum","styleUrl":"#5811","stroke-opacity":1,"stroke":"#ED1C24","stroke-width":4},"id":"5810"},{"type":"Feature","geometry":{"type":"LineString","coordinates":[[107.469214,-6.8664584,0],[107.4690056,-6.8664556,0],[107.4689918,-6.8664562,0],[107.4687696,-6.8664642,0]]},"properties":{"name":"Jalan Parahyangan","styleUrl":"#5815","stroke-opacity":1,"stroke":"#ED1C24","stroke-width":4},"id":"5814"},{"type":"Feature","geometry":{"type":"LineString","coordinates":[[107.6069278,-6.9211397,0],[107.6066723,-6.9211072,0],[107.6064546,-6.9210818,0]]},"properties":{"name":"Jalan Asia Afrika","styleUrl":"#5819","stroke-opacity":1,"stroke":"#ED1C24","stroke-width":4},"id":"5818"},{"type":"Feature","geometry":{"type":"LineString","coordinates":[[107.5929308,-6.9194769,0],[107.592526,-6.9194278,0],[107.5919653,-6.9193607,0],[107.591747,-6.9193345,0],[107.5915523,-6.9193112,0],[107.5908505,-6.9192272,0],[107.5901341,-6.9191414,0]]},"properties":{"name":"Jalan Jendral Sudirman","styleUrl":"#5823","stroke-opacity":1,"stroke":"#ED1C24","stroke-width":4},"id":"5822"},{"type":"Feature","geometry":{"type":"LineString","coordinates":[[107.6022243,-6.92058,0],[107.6021351,-6.9205669,0]]},"properties":{"name":"Jalan Jendral Sudirman","styleUrl":"#5827","stroke-opacity":1,"stroke":"#ED1C24","stroke-width":4},"id":"5826"},{"type":"Feature","geometry":{"type":"LineString","coordinates":[[107.5781061,-6.9177006,0],[107.5771136,-6.9176018,0],[107.5770629,-6.9175968,0],[107.5768354,-6.9175724,0],[107.5767383,-6.9175655,0]]},"properties":{"name":"Jalan Jendral Sudirman","styleUrl":"#5831","stroke-opacity":1,"stroke":"#ED1C24","stroke-width":4},"id":"5830"},{"type":"Feature","geometry":{"type":"LineString","coordinates":[[107.5849982,-6.9185373,0],[107.584208,-6.9184389,0],[107.5840062,-6.9184165,0],[107.5839549,-6.918411,0],[107.583604,-6.9183703,0],[107.5829636,-6.9182959,0],[107.5823245,-6.9182217,0],[107.5819763,-6.9181852,0],[107.5813282,-6.9181174,0],[107.5811963,-6.9181036,0]]},"properties":{"name":"Jalan Jendral Sudirman","styleUrl":"#5835","stroke-opacity":1,"stroke":"#ED1C24","stroke-width":4},"id":"5834"},{"type":"Feature","geometry":{"type":"LineString","coordinates":[[107.5767383,-6.9175655,0],[107.5766159,-6.9175515,0]]},"properties":{"name":"Jalan Jenderal Sudirman","styleUrl":"#5839","stroke-opacity":1,"stroke":"#ED1C24","stroke-width":4},"id":"5838"},{"type":"Feature","geometry":{"type":"LineString","coordinates":[[107.4687696,-6.8664642,0],[107.4686667,-6.8664634,0]]},"properties":{"name":"Jalan Parahyangan","styleUrl":"#5843","stroke-opacity":1,"stroke":"#ED1C24","stroke-width":4},"id":"5842"},{"type":"Feature","geometry":{"type":"LineString","coordinates":[[107.4944522,-6.8524499,0],[107.4944162,-6.8525103,0],[107.4943818,-6.8525601,0],[107.4943432,-6.8526068,0],[107.4943051,-6.8526422,0],[107.4942576,-6.8526775,0],[107.4942009,-6.8527087,0],[107.4941496,-6.8527293,0],[107.4940916,-6.852747,0],[107.4940257,-6.8527557,0],[107.4939522,-6.8527551,0],[107.4938894,-6.8527455,0],[107.4938183,-6.8527241,0],[107.4937587,-6.8526983,0],[107.4936969,-6.8526597,0],[107.4936415,-6.8526143,0]]},"properties":{"name":"Jalan Kota Baru Parahyangan","styleUrl":"#5847","stroke-opacity":1,"stroke":"#ED1C24","stroke-width":4},"id":"5846"},{"type":"Feature","geometry":{"type":"LineString","coordinates":[[107.6071455,-6.9211653,0],[107.606984,-6.9211463,0],[107.6069278,-6.9211397,0]]},"properties":{"name":"Jalan Asia Afrika","styleUrl":"#5851","stroke-opacity":1,"stroke":"#ED1C24","stroke-width":4},"id":"5850"},{"type":"Feature","geometry":{"type":"LineString","coordinates":[[107.5359218,-6.8702457,0],[107.5362685,-6.8703754,0],[107.5363078,-6.8703903,0]]},"properties":{"name":"Jalan Jend. H. Amir Machmud","styleUrl":"#5855","stroke-opacity":1,"stroke":"#ED1C24","stroke-width":4},"id":"5854"},{"type":"Feature","geometry":{"type":"LineString","coordinates":[[107.5363078,-6.8703903,0],[107.5363431,-6.8704044,0]]},"properties":{"name":"Jalan Jend. H. Amir Machmud","styleUrl":"#5859","stroke-opacity":1,"stroke":"#ED1C24","stroke-width":4},"id":"5858"},{"type":"Feature","geometry":{"type":"LineString","coordinates":[[107.467251,-6.8662533,0],[107.4671848,-6.8662728,0],[107.4671602,-6.8662878,0],[107.4671432,-6.8662981,0],[107.4671218,-6.8663247,0],[107.4671191,-6.8663647,0],[107.4671285,-6.8664033,0],[107.4671406,-6.8664352,0],[107.4671469,-6.8664581,0],[107.4671446,-6.8664817,0],[107.467134,-6.866503,0],[107.4671164,-6.8665191,0],[107.4670963,-6.8665275,0],[107.4670746,-6.8665289,0],[107.4670536,-6.8665233,0],[107.4670356,-6.8665111,0],[107.4670225,-6.8664938,0],[107.4670038,-6.8664659,0],[107.4669716,-6.8664312,0],[107.4669139,-6.866398,0],[107.4668718,-6.8663791,0],[107.4668097,-6.8663512,0]]},"properties":{"name":"Route Segment","styleUrl":"#5863","stroke-opacity":1,"stroke":"#ED1C24","stroke-width":4},"id":"5862"},{"type":"Feature","geometry":{"type":"LineString","coordinates":[[107.4936415,-6.8526143,0],[107.493472,-6.8526301,0],[107.4933779,-6.8526608,0],[107.4932787,-6.8527061,0],[107.493089,-6.8528142,0],[107.4927386,-6.8530544,0],[107.4924066,-6.8533123,0],[107.4923235,-6.8533759,0],[107.4919706,-6.8536414,0]]},"properties":{"name":"Jalan Panyawangan","styleUrl":"#5867","stroke-opacity":1,"stroke":"#ED1C24","stroke-width":4},"id":"5866"},{"type":"Feature","geometry":{"type":"LineString","coordinates":[[107.5997986,-6.9202943,0],[107.5997449,-6.9202871,0]]},"properties":{"name":"Jalan Jendral Sudirman","styleUrl":"#5871","stroke-opacity":1,"stroke":"#ED1C24","stroke-width":4},"id":"5870"},{"type":"Feature","geometry":{"type":"LineString","coordinates":[[107.5997449,-6.9202871,0],[107.598497,-6.920137,0],[107.5983304,-6.9201181,0]]},"properties":{"name":"Jalan Jendral Sudirman","styleUrl":"#5875","stroke-opacity":1,"stroke":"#ED1C24","stroke-width":4},"id":"5874"},{"type":"Feature","geometry":{"type":"LineString","coordinates":[[107.5725721,-6.916133,0],[107.5723979,-6.9159874,0],[107.5723395,-6.9159333,0],[107.5722759,-6.9158629,0],[107.5722121,-6.9157842,0],[107.5721531,-6.915707,0],[107.5720994,-6.9156231,0],[107.5720549,-6.9155598,0],[107.5719123,-6.9153326,0],[107.5718695,-6.9152634,0],[107.5717819,-6.9151024,0],[107.5717255,-6.9150035,0],[107.5715151,-6.9146659,0]]},"properties":{"name":"Jalan Jenderal Sudirman","styleUrl":"#5879","stroke-opacity":1,"stroke":"#ED1C24","stroke-width":4},"id":"5878"},{"type":"Feature","geometry":{"type":"LineString","coordinates":[[107.5238237,-6.8685111,0],[107.5240567,-6.8685213,0],[107.5242475,-6.8685297,0],[107.5243947,-6.8685238,0],[107.5245213,-6.8685157,0],[107.5246659,-6.8685002,0],[107.5248121,-6.8684764,0],[107.5250106,-6.8684338,0],[107.5252251,-6.8683845,0],[107.5253284,-6.8683626,0],[107.5254235,-6.8683509,0],[107.525547,-6.8683413,0],[107.525671,-6.8683467,0],[107.5258493,-6.8683639,0],[107.5260715,-6.8684195,0],[107.5261248,-6.8684369,0]]},"properties":{"name":"Route Segment","styleUrl":"#5883","stroke-opacity":1,"stroke":"#ED1C24","stroke-width":4},"id":"5882"},{"type":"Feature","geometry":{"type":"LineString","coordinates":[[107.4849145,-6.8589012,0],[107.4849108,-6.8589962,0],[107.4848778,-6.8590855,0],[107.4848187,-6.8591604,0],[107.4847393,-6.8592136,0],[107.4846473,-6.85924,0],[107.4845515,-6.8592369,0],[107.4844613,-6.8592048,0]]},"properties":{"name":"Jalan Kota Baru Parahyangan","styleUrl":"#5887","stroke-opacity":1,"stroke":"#ED1C24","stroke-width":4},"id":"5886"},{"type":"Feature","geometry":{"type":"Point","coordinates":[107.713347,-7.0357328,0]},"properties":{"name":"Terminal Ciparay","styleUrl":"#10016","icon-scale":1,"icon":"http://maps.google.com/mapfiles/kml/pushpin/ylw-pushpin.png"},"id":"10015"},{"type":"Feature","geometry":{"type":"Point","coordinates":[107.6062885,-6.939027,0]},"properties":{"name":"Muhammad Toha 1 (PT INTI A)","styleUrl":"#10021","icon-scale":1,"icon":"http://maps.google.com/mapfiles/kml/pushpin/ylw-pushpin.png"},"id":"10020"},{"type":"Feature","geometry":{"type":"Point","coordinates":[107.5956524,-6.9372267,0]},"properties":{"name":"Rumah Sakit Immanuel A","styleUrl":"#10026","icon-scale":1,"icon":"http://maps.google.com/mapfiles/kml/pushpin/ylw-pushpin.png"},"id":"10025"},{"type":"Feature","geometry":{"type":"Point","coordinates":[107.6328659,-6.9857289,0]},"properties":{"name":"Griya Bandung Asri","styleUrl":"#10031","icon-scale":1,"icon":"http://maps.google.com/mapfiles/kml/pushpin/ylw-pushpin.png"},"id":"10030"},{"type":"Feature","geometry":{"type":"Point","coordinates":[107.594148,-6.9384872,0]},"properties":{"name":"SDN Babakan Tarogong","styleUrl":"#10036","icon-scale":1,"icon":"http://maps.google.com/mapfiles/kml/pushpin/ylw-pushpin.png"},"id":"10035"},{"type":"Feature","geometry":{"type":"Point","coordinates":[107.6181453,-6.9742063,0]},"properties":{"name":"Palasari Radio","styleUrl":"#10041","icon-scale":1,"icon":"http://maps.google.com/mapfiles/kml/pushpin/ylw-pushpin.png"},"id":"10040"},{"type":"Feature","geometry":{"type":"Point","coordinates":[107.624845,-6.9861797,0]},"properties":{"name":"Zipur Dayeuhkolot","styleUrl":"#10046","icon-scale":1,"icon":"http://maps.google.com/mapfiles/kml/pushpin/ylw-pushpin.png"},"id":"10045"},{"type":"Feature","geometry":{"type":"Point","coordinates":[107.6316216,-6.9989678,0]},"properties":{"name":"Pasar Baleendah A","styleUrl":"#10051","icon-scale":1,"icon":"http://maps.google.com/mapfiles/kml/pushpin/ylw-pushpin.png"},"id":"10050"},{"type":"Feature","geometry":{"type":"Point","coordinates":[107.6397222,-7.0100016,0]},"properties":{"name":"Bumi Siliwangi","styleUrl":"#10056","icon-scale":1,"icon":"http://maps.google.com/mapfiles/kml/pushpin/ylw-pushpin.png"},"id":"10055"},{"type":"Feature","geometry":{"type":"Point","coordinates":[107.6020331,-6.9371534,0]},"properties":{"name":"Muara A","styleUrl":"#10061","icon-scale":1,"icon":"http://maps.google.com/mapfiles/kml/pushpin/ylw-pushpin.png"},"id":"10060"},{"type":"Feature","geometry":{"type":"Point","coordinates":[107.5932469,-6.9458124,0]},"properties":{"name":"Terminal Leuwipanjang","styleUrl":"#10066","icon-scale":1,"icon":"http://maps.google.com/mapfiles/kml/pushpin/ylw-pushpin.png"},"id":"10065"},{"type":"Feature","geometry":{"type":"Point","coordinates":[107.7601839,-7.0477492,0]},"properties":{"name":"Terminal Majalaya","styleUrl":"#10071","icon-scale":1,"icon":"http://maps.google.com/mapfiles/kml/pushpin/ylw-pushpin.png"},"id":"10070"},{"type":"Feature","geometry":{"type":"LineString","coordinates":[[107.6135242,-6.9605935,0],[107.6134967,-6.9605112,0],[107.6134826,-6.9604693,0],[107.6134509,-6.9603747,0],[107.6134491,-6.9603694,0],[107.6134294,-6.9603107,0],[107.6133004,-6.9599258,0],[107.6132323,-6.9597228,0],[107.6132181,-6.9596806,0],[107.6131861,-6.9595851,0],[107.6131031,-6.9593374,0],[107.6130538,-6.9591904,0],[107.6130199,-6.9590893,0],[107.6129626,-6.9589186,0],[107.6129406,-6.9588528,0],[107.6128675,-6.9586348,0],[107.6128341,-6.9585353,0],[107.612791,-6.9584068,0],[107.6126981,-6.9581152,0],[107.6126235,-6.957907,0],[107.6124989,-6.9575355,0],[107.6124531,-6.9573989,0],[107.6124293,-6.9573278,0],[107.6123798,-6.9571801,0],[107.6123336,-6.9570425,0],[107.6123085,-6.9569675,0],[107.6122717,-6.9568578,0],[107.6122543,-6.9568058,0],[107.6122153,-6.9566896,0],[107.6121788,-6.9565808,0],[107.6121624,-6.9565318,0]]},"properties":{"name":"Jalan Mohammad Toha","styleUrl":"#10076","stroke-opacity":1,"stroke":"#F04B23","stroke-width":4},"id":"10075"},{"type":"Feature","geometry":{"type":"LineString","coordinates":[[107.6265321,-6.9862119,0],[107.62626,-6.9862068,0],[107.6259513,-6.9861907,0],[107.6254938,-6.9861751,0],[107.6253066,-6.9861719,0],[107.624845,-6.9861797,0],[107.6247579,-6.9861812,0],[107.6243009,-6.9861882,0],[107.6241566,-6.9861849,0],[107.6240862,-6.986158,0],[107.6239396,-6.9860879,0],[107.623838,-6.9860341,0],[107.6236997,-6.9859543,0],[107.6235813,-6.9858646,0],[107.6234881,-6.9857543,0],[107.6234397,-6.9856742,0],[107.6233888,-6.9855798,0],[107.6233378,-6.9854426,0],[107.6232353,-6.9851551,0],[107.6231774,-6.9849985,0],[107.6231613,-6.9849509,0],[107.6230909,-6.9847609,0],[107.6230366,-6.9846724,0],[107.6229973,-6.9846241,0],[107.6229191,-6.9845547,0],[107.6226198,-6.9843696,0],[107.6223567,-6.9842428,0],[107.6217907,-6.9839835,0],[107.6217008,-6.9839389,0],[107.6216217,-6.9838876,0],[107.6215211,-6.9837918,0],[107.6214512,-6.9836741,0],[107.6213941,-6.9835445,0],[107.621356,-6.9834348,0],[107.6212898,-6.983244,0],[107.6212375,-6.9830936,0],[107.6211273,-6.9827919,0],[107.6211214,-6.9827781,0],[107.6210933,-6.9827029,0],[107.6210059,-6.9824795,0],[107.6209885,-6.9824289,0],[107.620819,-6.9819366,0],[107.6207502,-6.9817348,0],[107.6206793,-6.9815355,0],[107.6205775,-6.9812493,0],[107.6205442,-6.9811487,0],[107.6203694,-6.9806363,0],[107.6201403,-6.9800357,0],[107.6199301,-6.9794243,0],[107.6198293,-6.9791473,0],[107.6198194,-6.9791178,0],[107.6194795,-6.9781434,0],[107.6194529,-6.9780717,0],[107.6194036,-6.9779295,0],[107.6192427,-6.9774649,0],[107.6189989,-6.9767398,0],[107.6188276,-6.9762303,0],[107.6187612,-6.976033,0],[107.6186775,-6.9757839,0],[107.6186627,-6.97574,0],[107.6185203,-6.9753132,0],[107.6184443,-6.9750836,0],[107.6184305,-6.9750351,0],[107.6183416,-6.9747731,0],[107.6181556,-6.9742373,0],[107.6181453,-6.9742063,0],[107.6181183,-6.9741257,0],[107.6180443,-6.9738994,0],[107.6179596,-6.9736256,0]]},"properties":{"name":"Jalan Dayeuhkolot","styleUrl":"#10080","stroke-opacity":1,"stroke":"#F04B23","stroke-width":4},"id":"10079"},{"type":"Feature","geometry":{"type":"LineString","coordinates":[[107.6312405,-7.0048462,0],[107.6314212,-7.0051842,0],[107.6314922,-7.005344,0],[107.6315171,-7.0054079,0],[107.631574,-7.0055217,0],[107.6316545,-7.0056708,0],[107.6317169,-7.0058072,0],[107.6317705,-7.0059044,0],[107.631967,-7.0062345,0],[107.6320367,-7.0063091,0],[107.6321118,-7.006361,0],[107.6321963,-7.0064135,0],[107.6322734,-7.0064528,0],[107.6325698,-7.0065906,0],[107.6327039,-7.0066505,0],[107.6328515,-7.0067237,0],[107.6330593,-7.0068169,0],[107.6332752,-7.0069194,0],[107.6336534,-7.0070991,0],[107.6337339,-7.0071323,0],[107.6340812,-7.0073,0],[107.6343495,-7.0074265,0],[107.6345682,-7.00753,0],[107.6347907,-7.0076408,0],[107.635058,-7.0077692,0],[107.6355417,-7.0079988,0],[107.6356965,-7.0080708,0],[107.6361323,-7.0082741,0],[107.636604,-7.0085035,0],[107.6376298,-7.0090005,0],[107.6376962,-7.0090364,0],[107.6385597,-7.009444,0],[107.6388288,-7.009573,0],[107.6393844,-7.009843,0],[107.6394644,-7.0098819,0],[107.6395409,-7.0099166,0],[107.6396503,-7.0099688,0],[107.6397222,-7.0100016,0],[107.6401994,-7.0102191,0],[107.6405168,-7.0103731,0],[107.6416308,-7.0109138,0],[107.6421088,-7.0111298,0],[107.6425914,-7.0113582,0],[107.642683,-7.0114051,0],[107.6440822,-7.012075,0],[107.6446524,-7.0123315,0],[107.6449351,-7.0124543,0],[107.6455298,-7.012737,0],[107.64597,-7.0129501,0],[107.6460088,-7.0129682,0],[107.6468319,-7.0133524,0],[107.6472355,-7.0135408,0],[107.6478348,-7.0138146,0],[107.6485812,-7.0141804,0],[107.6486571,-7.0142175,0],[107.6488907,-7.014332,0],[107.6489437,-7.014357,0],[107.6490866,-7.0144243,0],[107.6492833,-7.0145067,0],[107.6495399,-7.0146347,0],[107.650286,-7.0149837,0],[107.6504174,-7.0150446,0],[107.6506759,-7.0151643,0],[107.6507378,-7.0152013,0],[107.6508052,-7.0152518,0],[107.6509212,-7.0153453,0],[107.6509955,-7.0154281,0],[107.6510752,-7.0155207,0],[107.6512232,-7.0157084,0],[107.6515849,-7.016179,0],[107.6516931,-7.0163333,0]]},"properties":{"name":"Jalan Siliwangi","styleUrl":"#10084","stroke-opacity":1,"stroke":"#F04B23","stroke-width":4},"id":"10083"},{"type":"Feature","geometry":{"type":"LineString","coordinates":[[107.6334271,-6.982576,0],[107.6332771,-6.9826966,0],[107.6329595,-6.9828925,0],[107.632677,-6.9830155,0],[107.6324623,-6.9830967,0],[107.6322221,-6.9831765,0],[107.6319965,-6.9832285,0],[107.6317677,-6.9832746,0],[107.6316703,-6.9832899,0],[107.6314598,-6.9833231,0],[107.6313168,-6.9833408,0],[107.6311272,-6.9834023,0],[107.6310399,-6.9834527,0],[107.6309193,-6.9835557,0],[107.6307659,-6.9837107,0],[107.6305255,-6.9838989,0],[107.6301666,-6.9841369,0],[107.6301521,-6.9841458,0]]},"properties":{"name":"Jalan Bojongsoang","styleUrl":"#10088","stroke-opacity":1,"stroke":"#F04B23","stroke-width":4},"id":"10087"},{"type":"Feature","geometry":{"type":"LineString","coordinates":[[107.629967,-6.984275,0],[107.629842,-6.9843655,0],[107.6297584,-6.9844195,0],[107.629587,-6.9844922,0],[107.629441,-6.9845291,0],[107.6291326,-6.9845669,0],[107.629002,-6.9845787,0],[107.6288669,-6.9846967,0],[107.6286511,-6.9849081,0],[107.6283903,-6.9851983,0],[107.62832,-6.9852785,0],[107.6281685,-6.9854591,0],[107.6276386,-6.9860824,0],[107.6276154,-6.986108,0],[107.6275953,-6.9861306,0],[107.627565,-6.9861572,0],[107.6275382,-6.9861699,0],[107.6275025,-6.9861794,0],[107.6274602,-6.9861832,0],[107.6273537,-6.9861862,0],[107.6272859,-6.9861805,0],[107.6272097,-6.9861837,0],[107.6270195,-6.9861916,0]]},"properties":{"name":"Jalan Bojongsoang","styleUrl":"#10092","stroke-opacity":1,"stroke":"#F04B23","stroke-width":4},"id":"10091"},{"type":"Feature","geometry":{"type":"LineString","coordinates":[[107.6301521,-6.9841458,0],[107.629967,-6.984275,0]]},"properties":{"name":"Jalan Bojongsoang","styleUrl":"#10096","stroke-opacity":1,"stroke":"#F04B23","stroke-width":4},"id":"10095"},{"type":"Feature","geometry":{"type":"LineString","coordinates":[[107.7565232,-7.0508383,0],[107.756599,-7.0508172,0],[107.7567291,-7.0507872,0]]},"properties":{"name":"Jalan Raya Laswi","styleUrl":"#10100","stroke-opacity":1,"stroke":"#F04B23","stroke-width":4},"id":"10099"},{"type":"Feature","geometry":{"type":"LineString","coordinates":[[107.7583277,-7.0504467,0],[107.7583305,-7.0503661,0],[107.7583309,-7.0503233,0],[107.758332,-7.0502789,0],[107.7583346,-7.0501478,0],[107.7583362,-7.0500677,0],[107.7583457,-7.0499571,0],[107.7583689,-7.0496634,0],[107.7583772,-7.0494876,0],[107.7583793,-7.0491518,0],[107.758379,-7.0491327,0]]},"properties":{"name":"Jl. Kondang","styleUrl":"#10104","stroke-opacity":1,"stroke":"#F04B23","stroke-width":4},"id":"10103"},{"type":"Feature","geometry":{"type":"LineString","coordinates":[[107.7567291,-7.0507872,0],[107.7567589,-7.0507807,0],[107.7571709,-7.0506912,0],[107.757389,-7.0506471,0],[107.7578544,-7.0505557,0],[107.7579805,-7.0505266,0],[107.7581439,-7.050489,0],[107.7581931,-7.0504776,0],[107.7583277,-7.0504467,0]]},"properties":{"name":"Jalan Raya Laswi","styleUrl":"#10108","stroke-opacity":1,"stroke":"#F04B23","stroke-width":4},"id":"10107"},{"type":"Feature","geometry":{"type":"LineString","coordinates":[[107.5949807,-6.9370518,0],[107.5950123,-6.9370007,0],[107.5950424,-6.936952,0]]},"properties":{"name":"Jalan Kyai Haji Wahid Hasyim","styleUrl":"#10112","stroke-opacity":1,"stroke":"#F04B23","stroke-width":4},"id":"10111"},{"type":"Feature","geometry":{"type":"LineString","coordinates":[[107.6116113,-6.9549027,0],[107.6116834,-6.9550038,0],[107.6117349,-6.955158,0],[107.6118082,-6.9554079,0],[107.6118897,-6.9556394,0]]},"properties":{"name":"Jalan Mohammad Toha","styleUrl":"#10116","stroke-opacity":1,"stroke":"#F04B23","stroke-width":4},"id":"10115"},{"type":"Feature","geometry":{"type":"LineString","coordinates":[[107.6320736,-6.9900649,0],[107.6320352,-6.9901805,0],[107.6319793,-6.9903512,0],[107.6318697,-6.9907532,0],[107.6318415,-6.9908464,0],[107.6317423,-6.9911484,0],[107.6316708,-6.99136,0],[107.6316525,-6.9914167,0],[107.6315815,-6.9916369,0],[107.6315,-6.9919241,0],[107.6314065,-6.992229,0],[107.6313361,-6.9924993,0]]},"properties":{"name":"Jalan Terusan Bojongsoang","styleUrl":"#10120","stroke-opacity":1,"stroke":"#F04B23","stroke-width":4},"id":"10119"},{"type":"Feature","geometry":{"type":"LineString","coordinates":[[107.758379,-7.0491327,0],[107.7586765,-7.049133,0],[107.7588131,-7.0491328,0],[107.7589206,-7.0491327,0],[107.759091,-7.0491338,0],[107.7594303,-7.0491354,0],[107.7594909,-7.049136,0],[107.7597729,-7.0491307,0],[107.760236,-7.049124,0],[107.7603623,-7.0491185,0],[107.7611804,-7.0491036,0]]},"properties":{"name":"Jalan Alun-alun Utara","styleUrl":"#10124","stroke-opacity":1,"stroke":"#F04B23","stroke-width":4},"id":"10123"},{"type":"Feature","geometry":{"type":"LineString","coordinates":[[107.5950424,-6.936952,0],[107.595108,-6.9369797,0],[107.5952913,-6.937055,0]]},"properties":{"name":"Jalan Peta","styleUrl":"#10128","stroke-opacity":1,"stroke":"#F04B23","stroke-width":4},"id":"10127"},{"type":"Feature","geometry":{"type":"LineString","coordinates":[[107.6094437,-6.9483822,0],[107.6094101,-6.9482727,0]]},"properties":{"name":"Jalan Mohammad Toha","styleUrl":"#10132","stroke-opacity":1,"stroke":"#F04B23","stroke-width":4},"id":"10131"},{"type":"Feature","geometry":{"type":"LineString","coordinates":[[107.6086676,-6.9461425,0],[107.6086093,-6.945971,0],[107.6085871,-6.9459059,0],[107.608562,-6.9458321,0],[107.6085284,-6.9457333,0],[107.6084824,-6.9455982,0],[107.6084779,-6.9455849,0],[107.6084496,-6.9455018,0],[107.608427,-6.9454354,0],[107.608407,-6.9453744,0],[107.6083491,-6.945205,0],[107.6082597,-6.9449435,0],[107.6082426,-6.9448934,0],[107.6082103,-6.9447985,0],[107.6080915,-6.9444492,0],[107.6079672,-6.944084,0],[107.6078706,-6.9438055,0],[107.607766,-6.9435054,0],[107.6077347,-6.9434128,0],[107.607677,-6.9432421,0],[107.6076477,-6.9431556,0]]},"properties":{"name":"Jalan Mohammad Toha","styleUrl":"#10136","stroke-opacity":1,"stroke":"#F04B23","stroke-width":4},"id":"10135"},{"type":"Feature","geometry":{"type":"LineString","coordinates":[[107.5910269,-6.9435481,0],[107.5910603,-6.9434929,0],[107.5910903,-6.9434463,0],[107.5911028,-6.9434233,0],[107.5911203,-6.9433931,0],[107.5912147,-6.9432302,0],[107.591257,-6.9431573,0],[107.5913003,-6.9430856,0],[107.5913435,-6.9430138,0],[107.5914686,-6.9428144,0],[107.5916513,-6.9425217,0],[107.5918451,-6.942203,0],[107.5918647,-6.9421708,0],[107.59192,-6.9420837,0],[107.5920724,-6.9418438,0],[107.5922389,-6.9415903,0],[107.5924641,-6.9412448,0],[107.5930896,-6.9402979,0],[107.59314,-6.9402168,0],[107.5932148,-6.9400962,0],[107.5932356,-6.9400628,0],[107.5933094,-6.939944,0],[107.5934404,-6.9397331,0],[107.5936005,-6.9394752,0],[107.5937688,-6.9391642,0],[107.5939092,-6.9389121,0],[107.5939987,-6.938752,0],[107.5940814,-6.9386042,0],[107.5941015,-6.9385696,0],[107.594148,-6.9384872,0],[107.594204,-6.9383881,0],[107.594524,-6.9378129,0],[107.5945872,-6.9376992,0],[107.5946221,-6.9376377,0],[107.5946542,-6.9375847,0],[107.5948299,-6.9373141,0]]},"properties":{"name":"Jalan Kyai Haji Wahid Hasyim","styleUrl":"#10140","stroke-opacity":1,"stroke":"#F04B23","stroke-width":4},"id":"10139"},{"type":"Feature","geometry":{"type":"LineString","coordinates":[[107.5928649,-6.9448811,0],[107.5928452,-6.9447709,0],[107.5927744,-6.9446004,0],[107.5927602,-6.9445782,0],[107.5926579,-6.9444185,0],[107.5924688,-6.9442725,0],[107.5920765,-6.9440744,0]]},"properties":{"name":"Jalan Keluar Terminal Leuwipanjang","styleUrl":"#10144","stroke-opacity":1,"stroke":"#F04B23","stroke-width":4},"id":"10143"},{"type":"Feature","geometry":{"type":"LineString","coordinates":[[107.6116113,-6.9549027,0],[107.6115903,-6.9548395,0],[107.6115567,-6.9547392,0],[107.6115404,-6.9546891,0],[107.6115168,-6.954618,0],[107.6115056,-6.9545841,0],[107.6114306,-6.9543571,0],[107.6114039,-6.9542777,0],[107.6113779,-6.9541994,0],[107.6113491,-6.9541126,0],[107.6113021,-6.953971,0],[107.6112433,-6.9537939,0],[107.6112087,-6.9536897,0],[107.6111523,-6.9535196,0],[107.6111025,-6.9533696,0],[107.6110127,-6.9530992,0],[107.6109821,-6.9530069,0],[107.6109598,-6.9529395,0],[107.610882,-6.9527052,0],[107.6108172,-6.9525101,0],[107.6107154,-6.9522033,0],[107.610704,-6.9521688,0],[107.6106927,-6.9521348,0],[107.6106289,-6.9519383,0],[107.6105529,-6.9517136,0],[107.6105221,-6.9516206,0],[107.6103079,-6.9509754,0],[107.6101654,-6.950546,0],[107.6101111,-6.9503823,0],[107.609996,-6.9500355,0]]},"properties":{"name":"Jalan Mohammad Toha","styleUrl":"#10148","stroke-opacity":1,"stroke":"#F04B23","stroke-width":4},"id":"10147"},{"type":"Feature","geometry":{"type":"LineString","coordinates":[[107.713347,-7.0357328,0],[107.7140017,-7.0358683,0],[107.7151861,-7.036094,0],[107.7156258,-7.0361864,0],[107.7158999,-7.0362415,0]]},"properties":{"name":"Jalan Raya Laswi","styleUrl":"#10152","stroke-opacity":1,"stroke":"#F04B23","stroke-width":4},"id":"10151"},{"type":"Feature","geometry":{"type":"LineString","coordinates":[[107.7234827,-7.0391039,0],[107.7249625,-7.0398533,0],[107.726015,-7.0403954,0],[107.7262947,-7.0405863,0],[107.7264237,-7.040657,0],[107.7267152,-7.0408102,0],[107.7267995,-7.0408541,0],[107.7276273,-7.0412931,0],[107.7276746,-7.0413163,0],[107.7287743,-7.0418744,0],[107.7299807,-7.0425473,0],[107.7303307,-7.0427233,0],[107.730685,-7.0428999,0],[107.7308629,-7.0430109,0],[107.7324969,-7.0438569,0],[107.7328375,-7.0440166,0],[107.7336569,-7.0444798,0],[107.7340043,-7.0446595,0],[107.7345836,-7.0449576,0],[107.7347311,-7.0450482,0],[107.7349439,-7.045153,0],[107.7354462,-7.0454004,0],[107.7356212,-7.0454866,0],[107.7358252,-7.0455951,0],[107.7360266,-7.0456975,0],[107.736391,-7.0458958,0],[107.7365768,-7.0459946,0],[107.7367602,-7.0460921,0],[107.7370053,-7.0462224,0],[107.737092,-7.0462724,0],[107.7375906,-7.0465598,0],[107.7376774,-7.0466099,0],[107.7378533,-7.0467118,0],[107.7379402,-7.0467621,0],[107.7383595,-7.047005,0],[107.7387405,-7.0471784,0],[107.7387898,-7.0472048,0],[107.7392994,-7.0474954,0],[107.7394231,-7.047566,0],[107.7400193,-7.047902,0],[107.7407149,-7.048248,0],[107.7412081,-7.0485201,0],[107.7413251,-7.0485807,0],[107.7413917,-7.0486153,0],[107.7416168,-7.0487369,0],[107.7422524,-7.0490802,0],[107.7427597,-7.0493706,0],[107.7432886,-7.0496732,0],[107.7433593,-7.0497114,0],[107.7435134,-7.0497857,0],[107.7435869,-7.0498112,0],[107.74383,-7.0498294,0],[107.7449189,-7.0498388,0],[107.7450292,-7.0498397,0],[107.7455296,-7.0498458,0],[107.7457712,-7.0498385,0],[107.7460411,-7.0498675,0],[107.7463161,-7.049897,0],[107.7466705,-7.0499373,0],[107.7469641,-7.0499865,0],[107.7470353,-7.0500016,0],[107.7472319,-7.0500433,0],[107.7475467,-7.0501031,0],[107.7481085,-7.05021,0],[107.7483513,-7.0502552,0],[107.7484777,-7.0502787,0],[107.7491359,-7.0504012,0],[107.7492471,-7.050418,0],[107.7496581,-7.0504367,0],[107.750146,-7.050513,0],[107.750697,-7.0505757,0],[107.7512717,-7.0506168,0],[107.7515157,-7.0506389,0]]},"properties":{"name":"Jalan Raya Laswi","styleUrl":"#10156","stroke-opacity":1,"stroke":"#F04B23","stroke-width":4},"id":"10155"},{"type":"Feature","geometry":{"type":"LineString","coordinates":[[107.6059561,-6.9375043,0],[107.6060689,-6.9375172,0],[107.6060979,-6.9375203,0],[107.6061721,-6.9375296,0]]},"properties":{"name":"Jalan Peta","styleUrl":"#10160","stroke-opacity":1,"stroke":"#F04B23","stroke-width":4},"id":"10159"},{"type":"Feature","geometry":{"type":"LineString","coordinates":[[107.6336213,-6.982891,0],[107.633572,-6.9830355,0],[107.6335615,-6.9830663,0],[107.6335302,-6.9831657,0],[107.6335161,-6.9832054,0],[107.6334542,-6.9834001,0],[107.6334443,-6.9834337,0],[107.6333645,-6.9836962,0],[107.633295,-6.9839307,0],[107.63319,-6.9842659,0],[107.6331142,-6.9845196,0],[107.6330944,-6.984586,0],[107.6330745,-6.9846524,0],[107.6329877,-6.9849885,0],[107.6329841,-6.98501,0],[107.632947,-6.985235,0],[107.6328922,-6.9855671,0],[107.6328659,-6.9857289,0],[107.6328247,-6.9859824,0],[107.6327896,-6.9861987,0],[107.6327571,-6.9863987,0],[107.6326896,-6.9868137,0],[107.6324776,-6.987975,0],[107.6324363,-6.9883896,0],[107.6324078,-6.9888436,0],[107.632341,-6.9892213,0],[107.6323057,-6.9893722,0],[107.63227,-6.9894981,0],[107.6322368,-6.9895932,0]]},"properties":{"name":"Jalan Terusan Bojongsoang","styleUrl":"#10164","stroke-opacity":1,"stroke":"#F04B23","stroke-width":4},"id":"10163"},{"type":"Feature","geometry":{"type":"LineString","coordinates":[[107.6604983,-7.0233061,0],[107.6605263,-7.0233224,0],[107.6605705,-7.0233474,0],[107.6606472,-7.0233886,0],[107.6607555,-7.0234324,0],[107.6607712,-7.0234396,0],[107.6608015,-7.0234515,0],[107.6609756,-7.0235237,0],[107.6610026,-7.0235336,0],[107.6612727,-7.0236332,0],[107.6614335,-7.0236915,0],[107.661473,-7.0237035,0],[107.6616063,-7.0237454,0],[107.6617227,-7.0237813,0],[107.6618642,-7.0238139,0],[107.6619735,-7.0238319,0],[107.6621023,-7.0238448,0],[107.6622514,-7.0238574,0],[107.662389,-7.0238691,0],[107.6626192,-7.0238764,0],[107.6627439,-7.0238786,0],[107.6629069,-7.0238777,0],[107.66295,-7.0238775,0],[107.6630035,-7.0238788,0],[107.6631471,-7.0238825,0],[107.6633187,-7.0238895,0],[107.6634285,-7.0238943,0],[107.6635528,-7.0238973,0],[107.6637063,-7.0238994,0],[107.6638252,-7.0238988,0],[107.6638886,-7.0238963,0],[107.6639664,-7.0238891,0],[107.6640546,-7.023877,0],[107.6641287,-7.0238631,0],[107.6642071,-7.0238406,0],[107.6643992,-7.0237976,0],[107.6649327,-7.0236748,0],[107.6649646,-7.0236676,0],[107.6649789,-7.023664,0],[107.6652125,-7.0236047,0],[107.6654319,-7.0235496,0],[107.6656837,-7.0234825,0],[107.6670654,-7.0231608,0],[107.6674565,-7.0230651,0],[107.6675328,-7.0230511,0],[107.6680943,-7.0229174,0],[107.6683137,-7.0228683,0],[107.6696054,-7.0225692,0],[107.6706398,-7.0222772,0],[107.6710977,-7.022166,0],[107.6712805,-7.0221012,0],[107.6713559,-7.0220616,0],[107.6714002,-7.0220336,0],[107.6714511,-7.0219897,0],[107.6720154,-7.0213894,0],[107.672056,-7.0213495,0],[107.6721069,-7.0213042,0],[107.6721525,-7.0212736,0],[107.6722209,-7.021239,0],[107.6722689,-7.021223,0],[107.6723101,-7.0212137,0],[107.6723966,-7.0211951,0],[107.6724844,-7.0211818,0],[107.6725656,-7.0211811,0],[107.6731597,-7.0212177,0],[107.6732272,-7.0212244,0],[107.6742583,-7.0213128,0],[107.6746788,-7.0213425,0],[107.6753792,-7.021424,0],[107.6754332,-7.0214301,0],[107.6761544,-7.0215079,0],[107.6765728,-7.0215553,0],[107.6776333,-7.0216744,0],[107.6776508,-7.0216764,0],[107.6782948,-7.0217501,0],[107.6788336,-7.0218098,0],[107.6791985,-7.0218503,0],[107.6792843,-7.0218596,0],[107.6795647,-7.0218955,0],[107.6808929,-7.0220346,0],[107.6809083,-7.0220369,0]]},"properties":{"name":"Jalan Raya Laswi","styleUrl":"#10168","stroke-opacity":1,"stroke":"#F04B23","stroke-width":4},"id":"10167"},{"type":"Feature","geometry":{"type":"LineString","coordinates":[[107.7611804,-7.0491036,0],[107.7611536,-7.0489319,0],[107.761069,-7.0485353,0],[107.7609939,-7.0482421,0]]},"properties":{"name":"Route Segment","styleUrl":"#10172","stroke-opacity":1,"stroke":"#F04B23","stroke-width":4},"id":"10171"},{"type":"Feature","geometry":{"type":"LineString","coordinates":[[107.599356,-6.9374873,0],[107.5994448,-6.9374721,0]]},"properties":{"name":"Jalan Peta","styleUrl":"#10176","stroke-opacity":1,"stroke":"#F04B23","stroke-width":4},"id":"10175"},{"type":"Feature","geometry":{"type":"LineString","coordinates":[[107.5994448,-6.9374721,0],[107.5994636,-6.9374701,0],[107.6001982,-6.9373255,0],[107.6005128,-6.9372644,0],[107.6009668,-6.9371867,0],[107.6012443,-6.9371571,0],[107.6015131,-6.9371424,0],[107.601986,-6.9371494,0],[107.6020331,-6.9371534,0],[107.6023057,-6.9371766,0],[107.6025122,-6.9371945,0]]},"properties":{"name":"Jalan Peta","styleUrl":"#10180","stroke-opacity":1,"stroke":"#F04B23","stroke-width":4},"id":"10179"},{"type":"Feature","geometry":{"type":"LineString","coordinates":[[107.606228,-6.9376212,0],[107.6062228,-6.9376862,0],[107.6062191,-6.9378081,0]]},"properties":{"name":"Jalan Mohammad Toha","styleUrl":"#10184","stroke-opacity":1,"stroke":"#F04B23","stroke-width":4},"id":"10183"},{"type":"Feature","geometry":{"type":"LineString","coordinates":[[107.6062191,-6.9378081,0],[107.6061991,-6.9382951,0],[107.6061936,-6.9383233,0],[107.6061749,-6.938344,0]]},"properties":{"name":"Jalan Mohammad Toha","styleUrl":"#10188","stroke-opacity":1,"stroke":"#F04B23","stroke-width":4},"id":"10187"},{"type":"Feature","geometry":{"type":"LineString","coordinates":[[107.6062346,-6.9375336,0],[107.606228,-6.9376212,0]]},"properties":{"name":"Jalan Mohammad Toha","styleUrl":"#10192","stroke-opacity":1,"stroke":"#F04B23","stroke-width":4},"id":"10191"},{"type":"Feature","geometry":{"type":"LineString","coordinates":[[107.591821,-6.9439456,0],[107.5916379,-6.9438582,0]]},"properties":{"name":"Jalan Keluar Terminal Leuwipanjang","styleUrl":"#10196","stroke-opacity":1,"stroke":"#F04B23","stroke-width":4},"id":"10195"},{"type":"Feature","geometry":{"type":"LineString","coordinates":[[107.5920765,-6.9440744,0],[107.591821,-6.9439456,0]]},"properties":{"name":"Jalan Keluar Terminal Leuwipanjang","styleUrl":"#10200","stroke-opacity":1,"stroke":"#F04B23","stroke-width":4},"id":"10199"},{"type":"Feature","geometry":{"type":"LineString","coordinates":[[107.7098707,-7.0350075,0],[107.7099274,-7.0350198,0]]},"properties":{"name":"Jalan Raya Laswi","styleUrl":"#10204","stroke-opacity":1,"stroke":"#F04B23","stroke-width":4},"id":"10203"},{"type":"Feature","geometry":{"type":"LineString","coordinates":[[107.7099274,-7.0350198,0],[107.7099589,-7.0350264,0],[107.7100823,-7.0350497,0],[107.7110633,-7.0352334,0],[107.7113825,-7.0352986,0],[107.7126713,-7.0355768,0],[107.7130133,-7.0356567,0],[107.7132426,-7.0357112,0]]},"properties":{"name":"Jalan Raya Laswi","styleUrl":"#10208","stroke-opacity":1,"stroke":"#F04B23","stroke-width":4},"id":"10207"},{"type":"Feature","geometry":{"type":"LineString","coordinates":[[107.7061596,-7.0341573,0],[107.7062246,-7.0341916,0]]},"properties":{"name":"Jalan Raya Laswi","styleUrl":"#10212","stroke-opacity":1,"stroke":"#F04B23","stroke-width":4},"id":"10211"},{"type":"Feature","geometry":{"type":"LineString","coordinates":[[107.703997,-7.0329155,0],[107.7043511,-7.0331264,0],[107.7048547,-7.0334019,0],[107.7051477,-7.0335896,0],[107.7054656,-7.033776,0],[107.7061138,-7.0341321,0],[107.7061596,-7.0341573,0]]},"properties":{"name":"Jalan Raya Laswi","styleUrl":"#10216","stroke-opacity":1,"stroke":"#F04B23","stroke-width":4},"id":"10215"},{"type":"Feature","geometry":{"type":"LineString","coordinates":[[107.7062246,-7.0341916,0],[107.7062588,-7.0342105,0],[107.7063135,-7.0342288,0],[107.7063701,-7.0342485,0],[107.7064835,-7.0342844,0],[107.7066303,-7.0343237,0],[107.7072637,-7.0344691,0],[107.7073458,-7.034488,0],[107.7074155,-7.0345007,0],[107.7077045,-7.0345599,0],[107.7080063,-7.0346191,0],[107.709002,-7.0348248,0],[107.7098372,-7.0350001,0],[107.7098707,-7.0350075,0]]},"properties":{"name":"Jalan Raya Laswi","styleUrl":"#10220","stroke-opacity":1,"stroke":"#F04B23","stroke-width":4},"id":"10219"},{"type":"Feature","geometry":{"type":"LineString","coordinates":[[107.7163204,-7.0363195,0],[107.7166222,-7.0363808,0]]},"properties":{"name":"Jalan Raya Laswi","styleUrl":"#10224","stroke-opacity":1,"stroke":"#F04B23","stroke-width":4},"id":"10223"},{"type":"Feature","geometry":{"type":"LineString","coordinates":[[107.7158999,-7.0362415,0],[107.7159925,-7.03626,0],[107.7162239,-7.0363011,0],[107.7163023,-7.0363162,0],[107.7163204,-7.0363195,0]]},"properties":{"name":"Jalan Raya Laswi","styleUrl":"#10228","stroke-opacity":1,"stroke":"#F04B23","stroke-width":4},"id":"10227"},{"type":"Feature","geometry":{"type":"LineString","coordinates":[[107.7519681,-7.0506716,0],[107.7520475,-7.0506762,0]]},"properties":{"name":"Jalan Raya Laswi","styleUrl":"#10232","stroke-opacity":1,"stroke":"#F04B23","stroke-width":4},"id":"10231"},{"type":"Feature","geometry":{"type":"LineString","coordinates":[[107.7520475,-7.0506762,0],[107.7521658,-7.0506796,0],[107.7524411,-7.0506987,0],[107.7527099,-7.0507084,0],[107.7528192,-7.0507144,0],[107.7529611,-7.0507263,0],[107.7531735,-7.0507517,0],[107.7533636,-7.0507924,0],[107.7536301,-7.0508496,0],[107.7540586,-7.0509441,0],[107.7546428,-7.051081,0],[107.7550168,-7.0511819,0],[107.7551446,-7.0512103,0],[107.7552373,-7.0512225,0],[107.7553375,-7.0512327,0],[107.7555334,-7.051239,0],[107.7556336,-7.0512332,0],[107.7557208,-7.0512225,0],[107.7557912,-7.0512054,0],[107.755942,-7.0511378,0],[107.7560622,-7.0510807,0],[107.7564014,-7.0508901,0],[107.7565232,-7.0508383,0]]},"properties":{"name":"Jalan Raya Laswi","styleUrl":"#10236","stroke-opacity":1,"stroke":"#F04B23","stroke-width":4},"id":"10235"},{"type":"Feature","geometry":{"type":"LineString","coordinates":[[107.6322368,-6.9895932,0],[107.6320736,-6.9900649,0]]},"properties":{"name":"Jalan Terusan Bojongsoang","styleUrl":"#10240","stroke-opacity":1,"stroke":"#F04B23","stroke-width":4},"id":"10239"},{"type":"Feature","geometry":{"type":"LineString","coordinates":[[107.6313361,-6.9924993,0],[107.6310419,-6.9935157,0]]},"properties":{"name":"Jalan Terusan Bojongsoang","styleUrl":"#10244","stroke-opacity":1,"stroke":"#F04B23","stroke-width":4},"id":"10243"},{"type":"Feature","geometry":{"type":"LineString","coordinates":[[107.6516931,-7.0163333,0],[107.6518482,-7.0164765,0],[107.6519358,-7.0165596,0],[107.6519602,-7.0165856,0],[107.6520205,-7.0166635,0],[107.6520655,-7.0167194,0],[107.6521067,-7.0167923,0],[107.6521309,-7.0168386,0],[107.6521446,-7.0168684,0],[107.652152,-7.0168845,0],[107.6521674,-7.0169218,0]]},"properties":{"name":"Jalan Raya Laswi","styleUrl":"#10248","stroke-opacity":1,"stroke":"#F04B23","stroke-width":4},"id":"10247"},{"type":"Feature","geometry":{"type":"LineString","coordinates":[[107.5948299,-6.9373141,0],[107.5949436,-6.9371168,0],[107.5949807,-6.9370518,0]]},"properties":{"name":"Jalan Kyai Haji Wahid Hasyim","styleUrl":"#10252","stroke-opacity":1,"stroke":"#F04B23","stroke-width":4},"id":"10251"},{"type":"Feature","geometry":{"type":"LineString","coordinates":[[107.680979,-7.0220419,0],[107.6810217,-7.0220479,0],[107.6818813,-7.0221437,0],[107.6824186,-7.0221977,0],[107.6825132,-7.0222073,0],[107.6829098,-7.022251,0],[107.6830262,-7.0222639,0],[107.6833681,-7.0222989,0],[107.6834299,-7.0223052,0],[107.6839663,-7.0223717,0],[107.6845014,-7.022421,0],[107.6847124,-7.022464,0],[107.6850567,-7.0225341,0],[107.6852524,-7.0225487,0],[107.685463,-7.0225673,0],[107.6857164,-7.02259,0],[107.6859659,-7.0226193,0],[107.6861698,-7.0226381,0],[107.6863126,-7.0226512,0],[107.6864587,-7.022667,0],[107.686562,-7.0226785,0],[107.6867343,-7.0227058,0],[107.6868322,-7.0227251,0],[107.6869208,-7.0227537,0],[107.6870368,-7.022799,0],[107.6871514,-7.0228589,0],[107.6872627,-7.0229374,0],[107.6876637,-7.0232622,0],[107.6879883,-7.0234925,0],[107.6881002,-7.02356,0],[107.6883875,-7.0237499,0],[107.6888459,-7.0240355,0],[107.6891565,-7.0241989,0],[107.689204,-7.0242255,0],[107.6895875,-7.0244647,0],[107.6898048,-7.0245932,0],[107.6899241,-7.0246617,0],[107.6901807,-7.0248221,0],[107.6902132,-7.0248428,0],[107.690767,-7.0251662,0],[107.6914664,-7.0255642,0],[107.6923727,-7.0260883,0],[107.6924823,-7.0261652,0],[107.6926614,-7.0262663,0],[107.6937302,-7.0269006,0],[107.6941149,-7.0271238,0],[107.6942861,-7.0272207,0],[107.6949104,-7.0275854,0],[107.6951551,-7.0277338,0],[107.6953188,-7.0278236,0],[107.6954395,-7.0278915,0],[107.6961911,-7.0283467,0],[107.6965043,-7.0285307,0],[107.6965519,-7.0285604,0],[107.6968811,-7.0287567,0],[107.6974082,-7.0290934,0],[107.6977757,-7.0292997,0],[107.6978923,-7.0293716,0],[107.6981555,-7.0295097,0],[107.6982048,-7.0295373,0],[107.6991781,-7.0301067,0],[107.6995104,-7.0303013,0],[107.6995916,-7.0303502,0],[107.6997761,-7.0304612,0],[107.7000126,-7.0306035,0],[107.7003485,-7.0308091,0],[107.7005008,-7.0309023,0],[107.7007613,-7.0310347,0],[107.7008575,-7.031088,0],[107.7010417,-7.0311899,0],[107.7011714,-7.031259,0],[107.7013913,-7.0313855,0],[107.7016159,-7.0315099,0],[107.7016903,-7.0315552,0],[107.7019881,-7.0317488,0],[107.7021664,-7.0318486,0],[107.7025822,-7.0320816,0],[107.702778,-7.0321934,0],[107.7030288,-7.0323371,0],[107.703997,-7.0329155,0]]},"properties":{"name":"Jalan Raya Laswi","styleUrl":"#10256","stroke-opacity":1,"stroke":"#F04B23","stroke-width":4},"id":"10255"},{"type":"Feature","geometry":{"type":"LineString","coordinates":[[107.6809083,-7.0220369,0],[107.680979,-7.0220419,0]]},"properties":{"name":"Jalan Raya Laswi","styleUrl":"#10260","stroke-opacity":1,"stroke":"#F04B23","stroke-width":4},"id":"10259"},{"type":"Feature","geometry":{"type":"LineString","coordinates":[[107.6095322,-6.9486416,0],[107.6094437,-6.9483822,0]]},"properties":{"name":"Jalan Mohammad Toha","styleUrl":"#10264","stroke-opacity":1,"stroke":"#F04B23","stroke-width":4},"id":"10263"},{"type":"Feature","geometry":{"type":"LineString","coordinates":[[107.609996,-6.9500355,0],[107.6098084,-6.9494703,0],[107.6097027,-6.9491518,0],[107.6096343,-6.9489457,0],[107.6095822,-6.9487887,0],[107.6095322,-6.9486416,0]]},"properties":{"name":"Jalan Mohammad Toha","styleUrl":"#10268","stroke-opacity":1,"stroke":"#F04B23","stroke-width":4},"id":"10267"},{"type":"Feature","geometry":{"type":"LineString","coordinates":[[107.5952913,-6.937055,0],[107.5955701,-6.9371851,0],[107.5956524,-6.9372267,0],[107.5957833,-6.9372929,0],[107.5960045,-6.937408,0],[107.596358,-6.9375437,0],[107.5965807,-6.9376054,0],[107.5967717,-6.9376364,0],[107.5970266,-6.9376757,0],[107.5970826,-6.9376843,0],[107.597167,-6.937696,0],[107.597571,-6.9377203,0],[107.5980158,-6.9377065,0],[107.5984843,-6.937651,0],[107.5993404,-6.9374905,0],[107.599356,-6.9374873,0]]},"properties":{"name":"Jalan Peta","styleUrl":"#10272","stroke-opacity":1,"stroke":"#F04B23","stroke-width":4},"id":"10271"},{"type":"Feature","geometry":{"type":"LineString","coordinates":[[107.6030002,-6.9372376,0],[107.60308,-6.9372447,0]]},"properties":{"name":"Jalan Peta","styleUrl":"#10276","stroke-opacity":1,"stroke":"#F04B23","stroke-width":4},"id":"10275"},{"type":"Feature","geometry":{"type":"LineString","coordinates":[[107.6604044,-7.0232515,0],[107.6604983,-7.0233061,0]]},"properties":{"name":"Jalan Raya Laswi","styleUrl":"#10280","stroke-opacity":1,"stroke":"#F04B23","stroke-width":4},"id":"10279"},{"type":"Feature","geometry":{"type":"LineString","coordinates":[[107.6577335,-7.0215902,0],[107.6580478,-7.021781,0],[107.6583267,-7.0219549,0],[107.6584177,-7.0220117,0],[107.6585596,-7.0221143,0],[107.6586439,-7.0221677,0],[107.6591009,-7.0224571,0],[107.6593824,-7.0226353,0],[107.6597047,-7.0228358,0],[107.6598962,-7.022952,0],[107.6601033,-7.0230838,0],[107.6603392,-7.0232169,0],[107.6603621,-7.0232302,0],[107.6604044,-7.0232515,0]]},"properties":{"name":"Jalan Raya Laswi","styleUrl":"#10284","stroke-opacity":1,"stroke":"#F04B23","stroke-width":4},"id":"10283"},{"type":"Feature","geometry":{"type":"LineString","coordinates":[[107.6576627,-7.0215425,0],[107.6577335,-7.0215902,0]]},"properties":{"name":"Jalan Raya Laswi","styleUrl":"#10288","stroke-opacity":1,"stroke":"#F04B23","stroke-width":4},"id":"10287"},{"type":"Feature","geometry":{"type":"LineString","coordinates":[[107.6521674,-7.0169218,0],[107.6521754,-7.0169467,0],[107.6521927,-7.0170112,0],[107.6522075,-7.0170839,0],[107.6522143,-7.0171393,0],[107.6522312,-7.0172538,0],[107.6522386,-7.0172925,0],[107.6523673,-7.0179711,0],[107.6523902,-7.018054,0],[107.6524383,-7.0181496,0],[107.6524639,-7.0181815,0],[107.6526823,-7.0183209,0],[107.6533375,-7.0187396,0],[107.6533657,-7.0187569,0],[107.6533932,-7.018775,0],[107.6538276,-7.0190588,0],[107.6539023,-7.0191076,0],[107.6541225,-7.0192514,0],[107.6543196,-7.0193802,0],[107.6550446,-7.0198554,0],[107.6554992,-7.0201513,0],[107.6556946,-7.0202785,0],[107.6557827,-7.020333,0],[107.6560054,-7.0204803,0],[107.6561508,-7.0205716,0],[107.6561693,-7.0205836,0],[107.6563391,-7.0206932,0],[107.6563884,-7.020725,0],[107.6566587,-7.0208996,0],[107.656764,-7.0209665,0],[107.6568112,-7.0209965,0],[107.6568355,-7.0210125,0],[107.656866,-7.0210337,0],[107.6569083,-7.021065,0],[107.6571736,-7.0212268,0],[107.6574987,-7.0214423,0],[107.6576627,-7.0215425,0]]},"properties":{"name":"Jalan Raya Laswi","styleUrl":"#10292","stroke-opacity":1,"stroke":"#F04B23","stroke-width":4},"id":"10291"},{"type":"Feature","geometry":{"type":"LineString","coordinates":[[107.60308,-6.9372447,0],[107.6031763,-6.9372532,0],[107.603309,-6.9372649,0]]},"properties":{"name":"Jalan Peta","styleUrl":"#10296","stroke-opacity":1,"stroke":"#F04B23","stroke-width":4},"id":"10295"},{"type":"Feature","geometry":{"type":"LineString","coordinates":[[107.6061721,-6.9375296,0],[107.6062346,-6.9375336,0]]},"properties":{"name":"Jalan BKR","styleUrl":"#10300","stroke-opacity":1,"stroke":"#F04B23","stroke-width":4},"id":"10299"},{"type":"Feature","geometry":{"type":"LineString","coordinates":[[107.6310419,-6.9935157,0],[107.6309877,-6.9937096,0],[107.6309524,-6.9938605,0],[107.6309343,-6.9939642,0],[107.6308714,-6.9943251,0],[107.6308112,-6.9946948,0],[107.6307767,-6.9949068,0],[107.6307642,-6.9949973,0],[107.6307513,-6.9951191,0],[107.6307466,-6.995583,0],[107.6307627,-6.9957461,0],[107.6308707,-6.9965927,0],[107.6309236,-6.9968209,0],[107.6309996,-6.9971489,0],[107.6310282,-6.9973015,0],[107.6310792,-6.997611,0],[107.6311094,-6.9977754,0],[107.6311198,-6.9978516,0],[107.6311368,-6.9979105,0],[107.6312073,-6.9980755,0],[107.631235,-6.9981448,0],[107.6312562,-6.998198,0],[107.6313266,-6.9983338,0],[107.6314265,-6.9985454,0],[107.6316025,-6.9989284,0],[107.6316216,-6.9989678,0],[107.6316458,-6.9990175,0],[107.6316699,-6.9990672,0],[107.6318386,-6.9995318,0],[107.6318678,-6.9996123,0],[107.6318943,-6.9996808,0],[107.6319395,-6.999798,0],[107.6319033,-7.0000422,0],[107.6318805,-7.0001847,0],[107.6318753,-7.0002118,0],[107.6318593,-7.0002949,0],[107.6316539,-7.001362,0],[107.6316364,-7.0014605,0],[107.6313964,-7.0027517,0],[107.6313132,-7.0032895,0],[107.6312931,-7.0035251,0],[107.6312636,-7.0039683,0],[107.6312603,-7.0040341,0],[107.6312535,-7.004168,0],[107.6312522,-7.0043111,0],[107.6312529,-7.0043683,0],[107.6312562,-7.0044362,0],[107.6312529,-7.0045307,0],[107.6312482,-7.0046066,0],[107.6312405,-7.0048462,0]]},"properties":{"name":"Jalan Terusan Bojongsoang","styleUrl":"#10304","stroke-opacity":1,"stroke":"#F04B23","stroke-width":4},"id":"10303"},{"type":"Feature","geometry":{"type":"LineString","coordinates":[[107.6094101,-6.9482727,0],[107.6093038,-6.9479813,0]]},"properties":{"name":"Jalan Mohammad Toha","styleUrl":"#10308","stroke-opacity":1,"stroke":"#F04B23","stroke-width":4},"id":"10307"},{"type":"Feature","geometry":{"type":"LineString","coordinates":[[107.6119773,-6.9559046,0],[107.6119986,-6.9559705,0],[107.6120885,-6.9562234,0],[107.6121421,-6.9563873,0],[107.6121542,-6.9564271,0],[107.6121624,-6.9565318,0]]},"properties":{"name":"Jalan Mohammad Toha","styleUrl":"#10312","stroke-opacity":1,"stroke":"#F04B23","stroke-width":4},"id":"10311"},{"type":"Feature","geometry":{"type":"LineString","coordinates":[[107.6045674,-6.937378,0],[107.6059561,-6.9375043,0]]},"properties":{"name":"Jalan Peta","styleUrl":"#10316","stroke-opacity":1,"stroke":"#F04B23","stroke-width":4},"id":"10315"},{"type":"Feature","geometry":{"type":"LineString","coordinates":[[107.603309,-6.9372649,0],[107.6037009,-6.9373001,0],[107.6043789,-6.9373611,0],[107.6045674,-6.937378,0]]},"properties":{"name":"Jalan Peta","styleUrl":"#10320","stroke-opacity":1,"stroke":"#F04B23","stroke-width":4},"id":"10319"},{"type":"Feature","geometry":{"type":"LineString","coordinates":[[107.6025122,-6.9371945,0],[107.6028669,-6.9372273,0],[107.6028903,-6.9372279,0],[107.6030002,-6.9372376,0]]},"properties":{"name":"Jalan Peta","styleUrl":"#10324","stroke-opacity":1,"stroke":"#F04B23","stroke-width":4},"id":"10323"},{"type":"Feature","geometry":{"type":"LineString","coordinates":[[107.6335002,-6.9825117,0],[107.6335365,-6.9825707,0],[107.6335714,-6.9826134,0],[107.6336174,-6.9826583,0],[107.6336739,-6.9827042,0]]},"properties":{"name":"Route Segment","styleUrl":"#10328","stroke-opacity":1,"stroke":"#F04B23","stroke-width":4},"id":"10327"},{"type":"Feature","geometry":{"type":"LineString","coordinates":[[107.6179596,-6.9736256,0],[107.6178299,-6.9732458,0],[107.6177978,-6.9731518,0],[107.6174623,-6.9721692,0],[107.617423,-6.9720542,0],[107.6173961,-6.9719753,0],[107.6173546,-6.9718537,0],[107.6170113,-6.9708485,0],[107.6169765,-6.9707466,0],[107.6169386,-6.9706355,0],[107.6168176,-6.9702811,0],[107.6166991,-6.9699343,0],[107.6165138,-6.9693916,0],[107.6164324,-6.9691531,0],[107.6162581,-6.9686427,0],[107.6162261,-6.968549,0],[107.6162026,-6.9684801,0],[107.6161081,-6.9682033,0],[107.6160722,-6.9680981,0],[107.615939,-6.9677082,0],[107.6158435,-6.9674285,0],[107.6157641,-6.9671958,0],[107.6155875,-6.9666787,0],[107.6155668,-6.9666258,0],[107.6155484,-6.9665641,0],[107.6154548,-6.9662899,0],[107.6152535,-6.9657004,0],[107.615121,-6.9653124,0],[107.615049,-6.9651016,0],[107.6150006,-6.9649599,0],[107.6148467,-6.9645092,0],[107.6147948,-6.9643572,0],[107.6146299,-6.9638886,0],[107.6146073,-6.963808,0],[107.6145303,-6.9635825,0],[107.6144992,-6.9634879,0],[107.6144627,-6.9633845,0],[107.6143394,-6.9630233,0]]},"properties":{"name":"Jalan Dayeuhkolot","styleUrl":"#10332","stroke-opacity":1,"stroke":"#F04B23","stroke-width":4},"id":"10331"},{"type":"Feature","geometry":{"type":"LineString","coordinates":[[107.5932469,-6.9458124,0],[107.593099,-6.9457887,0],[107.5930399,-6.9457531,0]]},"properties":{"name":"Jalur Bus Kota","styleUrl":"#10336","stroke-opacity":1,"stroke":"#F04B23","stroke-width":4},"id":"10335"},{"type":"Feature","geometry":{"type":"LineString","coordinates":[[107.7166222,-7.0363808,0],[107.7170268,-7.0364837,0],[107.7177621,-7.0366747,0],[107.7179583,-7.0367162,0],[107.7180023,-7.0367267,0],[107.7180153,-7.0367298,0],[107.7188245,-7.0369229,0],[107.7198506,-7.0371783,0],[107.7199002,-7.0371982,0],[107.7200403,-7.0372813,0],[107.7205165,-7.0375369,0],[107.7208274,-7.0377057,0],[107.7211069,-7.0378599,0],[107.7213215,-7.0379804,0],[107.721783,-7.0382431,0],[107.7222016,-7.0384551,0],[107.7223079,-7.0385076,0],[107.7224716,-7.0385885,0],[107.722943,-7.0388214,0],[107.7230081,-7.0388576,0],[107.7230671,-7.0388839,0],[107.7234827,-7.0391039,0]]},"properties":{"name":"Jalan Raya Laswi","styleUrl":"#10340","stroke-opacity":1,"stroke":"#F04B23","stroke-width":4},"id":"10339"},{"type":"Feature","geometry":{"type":"LineString","coordinates":[[107.6076477,-6.9431556,0],[107.6075689,-6.9429228,0],[107.6074989,-6.9427159,0],[107.6074151,-6.942468,0],[107.6074044,-6.9424365,0],[107.6073267,-6.9422067,0],[107.6072871,-6.9420857,0],[107.6072103,-6.9418515,0],[107.6071736,-6.9417393,0],[107.606932,-6.9410019,0],[107.6068982,-6.9408986,0],[107.6067904,-6.9405695,0],[107.6067424,-6.9404231,0],[107.6066617,-6.9401765,0],[107.6066129,-6.9400276,0],[107.6065833,-6.9399373,0],[107.6065081,-6.9397106,0],[107.6064373,-6.939497,0],[107.6063207,-6.9391297,0],[107.6063015,-6.9390693,0],[107.6062885,-6.939027,0],[107.6062755,-6.9389847,0],[107.6062595,-6.9389365,0],[107.6062399,-6.9388618,0],[107.6062007,-6.9387072,0],[107.6061889,-6.9386548,0],[107.6061828,-6.9385203,0],[107.6061749,-6.938344,0]]},"properties":{"name":"Jalan Mohammad Toha","styleUrl":"#10344","stroke-opacity":1,"stroke":"#F04B23","stroke-width":4},"id":"10343"},{"type":"Feature","geometry":{"type":"LineString","coordinates":[[107.6143394,-6.9630233,0],[107.6142712,-6.9628213,0],[107.6142065,-6.9626283,0],[107.6140679,-6.9622149,0],[107.6139412,-6.9618372,0],[107.6138864,-6.9616735,0],[107.6138487,-6.9615612,0],[107.6137567,-6.9612851,0],[107.6137443,-6.9612499,0],[107.613571,-6.9607329,0],[107.6135242,-6.9605935,0]]},"properties":{"name":"Jalan Mohammad Toha","styleUrl":"#10348","stroke-opacity":1,"stroke":"#F04B23","stroke-width":4},"id":"10347"},{"type":"Feature","geometry":{"type":"LineString","coordinates":[[107.5930399,-6.9457531,0],[107.592993,-6.9456782,0],[107.5929837,-6.9456634,0],[107.5929519,-6.9455681,0],[107.5929354,-6.9455213,0],[107.592865,-6.9452968,0],[107.5928485,-6.9452341,0],[107.5928394,-6.9450646,0]]},"properties":{"name":"Jalur Bus Kota","styleUrl":"#10352","stroke-opacity":1,"stroke":"#F04B23","stroke-width":4},"id":"10351"},{"type":"Feature","geometry":{"type":"LineString","coordinates":[[107.6093038,-6.9479813,0],[107.6092951,-6.9479579,0],[107.6092415,-6.9478107,0],[107.6091943,-6.9476776,0],[107.6091509,-6.9475613,0],[107.6090997,-6.9474124,0],[107.6090862,-6.9473728,0],[107.6090786,-6.9473503,0],[107.6089872,-6.9470817,0],[107.6087733,-6.946453,0],[107.6086954,-6.946224,0],[107.6086676,-6.9461425,0]]},"properties":{"name":"Jalan Mohammad Toha","styleUrl":"#10356","stroke-opacity":1,"stroke":"#F04B23","stroke-width":4},"id":"10355"},{"type":"Feature","geometry":{"type":"LineString","coordinates":[[107.5928394,-6.9450646,0],[107.5928649,-6.9448811,0]]},"properties":{"name":"Jalur Bus Kota","styleUrl":"#10360","stroke-opacity":1,"stroke":"#F04B23","stroke-width":4},"id":"10359"},{"type":"Feature","geometry":{"type":"LineString","coordinates":[[107.5916379,-6.9438582,0],[107.5910845,-6.9435862,0],[107.5910269,-6.9435481,0]]},"properties":{"name":"Jalan Keluar Terminal Leuwipanjang","styleUrl":"#10364","stroke-opacity":1,"stroke":"#F04B23","stroke-width":4},"id":"10363"},{"type":"Feature","geometry":{"type":"LineString","coordinates":[[107.6119014,-6.955675,0],[107.611923,-6.9557408,0],[107.6119415,-6.9557973,0]]},"properties":{"name":"Jalan Mohammad Toha","styleUrl":"#10368","stroke-opacity":1,"stroke":"#F04B23","stroke-width":4},"id":"10367"},{"type":"Feature","geometry":{"type":"LineString","coordinates":[[107.6118897,-6.9556394,0],[107.6119014,-6.955675,0]]},"properties":{"name":"Jalan Mohammad Toha","styleUrl":"#10372","stroke-opacity":1,"stroke":"#F04B23","stroke-width":4},"id":"10371"},{"type":"Feature","geometry":{"type":"LineString","coordinates":[[107.6119415,-6.9557973,0],[107.6119773,-6.9559046,0]]},"properties":{"name":"Jalan Mohammad Toha","styleUrl":"#10376","stroke-opacity":1,"stroke":"#F04B23","stroke-width":4},"id":"10375"},{"type":"Feature","geometry":{"type":"LineString","coordinates":[[107.6270195,-6.9861916,0],[107.6265321,-6.9862119,0]]},"properties":{"name":"Jalan Bojongsoang","styleUrl":"#10380","stroke-opacity":1,"stroke":"#F04B23","stroke-width":4},"id":"10379"},{"type":"Feature","geometry":{"type":"LineString","coordinates":[[107.7132426,-7.0357112,0],[107.713347,-7.0357328,0]]},"properties":{"name":"Jalan Raya Laswi","styleUrl":"#10384","stroke-opacity":1,"stroke":"#F04B23","stroke-width":4},"id":"10383"},{"type":"Feature","geometry":{"type":"LineString","coordinates":[[107.7601839,-7.0477492,0],[107.7604213,-7.0478012,0],[107.7604301,-7.0478057,0],[107.7604336,-7.0478108,0],[107.7604358,-7.0478198,0],[107.7604367,-7.0478288,0],[107.7604173,-7.0479175,0]]},"properties":{"name":"Route Segment","styleUrl":"#10388","stroke-opacity":1,"stroke":"#F04B23","stroke-width":4},"id":"10387"},{"type":"Feature","geometry":{"type":"LineString","coordinates":[[107.7604305,-7.0481343,0],[107.7609939,-7.0482421,0]]},"properties":{"name":"Route Segment","styleUrl":"#10392","stroke-opacity":1,"stroke":"#F04B23","stroke-width":4},"id":"10391"},{"type":"Feature","geometry":{"type":"LineString","coordinates":[[107.7604173,-7.0479175,0],[107.7604539,-7.047939,0],[107.7604606,-7.0479493,0],[107.7604622,-7.0479643,0],[107.7604305,-7.0481343,0]]},"properties":{"name":"Route Segment","styleUrl":"#10396","stroke-opacity":1,"stroke":"#F04B23","stroke-width":4},"id":"10395"},{"type":"Feature","geometry":{"type":"LineString","coordinates":[[107.6335002,-6.9825117,0],[107.6334271,-6.982576,0]]},"properties":{"name":"Jalan Bojongsoang","styleUrl":"#10400","stroke-opacity":1,"stroke":"#F04B23","stroke-width":4},"id":"10399"},{"type":"Feature","geometry":{"type":"LineString","coordinates":[[107.6336739,-6.9827042,0],[107.6336213,-6.982891,0]]},"properties":{"name":"Jalan Terusan Bojongsoang","styleUrl":"#10404","stroke-opacity":1,"stroke":"#F04B23","stroke-width":4},"id":"10403"},{"type":"Feature","geometry":{"type":"LineString","coordinates":[[107.7515157,-7.0506389,0],[107.7519681,-7.0506716,0]]},"properties":{"name":"Jalan Raya Laswi","styleUrl":"#10408","stroke-opacity":1,"stroke":"#F04B23","stroke-width":4},"id":"10407"},{"type":"Feature","geometry":{"type":"Point","coordinates":[107.6173961,-6.9719753,0]},"properties":{"name":"Palasari Ceres","styleUrl":"#10417","icon-scale":1,"icon":"http://maps.google.com/mapfiles/kml/pushpin/ylw-pushpin.png"},"id":"10416"},{"type":"Feature","geometry":{"type":"Point","coordinates":[107.6055097,-6.9375586,0]},"properties":{"name":"Simpang Mohamad Toha Biddokkes","styleUrl":"#10422","icon-scale":1,"icon":"http://maps.google.com/mapfiles/kml/pushpin/ylw-pushpin.png"},"id":"10421"},{"type":"Feature","geometry":{"type":"Point","coordinates":[107.608407,-6.9453744,0]},"properties":{"name":"TK Kemala Bhayangkari","styleUrl":"#10427","icon-scale":1,"icon":"http://maps.google.com/mapfiles/kml/pushpin/ylw-pushpin.png"},"id":"10426"},{"type":"Feature","geometry":{"type":"Point","coordinates":[107.6330944,-6.984586,0]},"properties":{"name":"Borma Bojongsoang","styleUrl":"#10432","icon-scale":1,"icon":"http://maps.google.com/mapfiles/kml/pushpin/ylw-pushpin.png"},"id":"10431"},{"type":"Feature","geometry":{"type":"Point","coordinates":[107.6316458,-6.9990175,0]},"properties":{"name":"Pasar Baleendah B","styleUrl":"#10437","icon-scale":1,"icon":"http://maps.google.com/mapfiles/kml/pushpin/ylw-pushpin.png"},"id":"10436"},{"type":"Feature","geometry":{"type":"Point","coordinates":[107.6563884,-7.020725,0]},"properties":{"name":"Giriharja Jelekong","styleUrl":"#10442","icon-scale":1,"icon":"http://maps.google.com/mapfiles/kml/pushpin/ylw-pushpin.png"},"id":"10441"},{"type":"Feature","geometry":{"type":"Point","coordinates":[107.7601839,-7.0477492,0]},"properties":{"name":"Terminal Majalaya","styleUrl":"#10447","icon-scale":1,"icon":"http://maps.google.com/mapfiles/kml/pushpin/ylw-pushpin.png"},"id":"10446"},{"type":"Feature","geometry":{"type":"Point","coordinates":[107.5932469,-6.9458124,0]},"properties":{"name":"Terminal Leuwipanjang","styleUrl":"#10452","icon-scale":1,"icon":"http://maps.google.com/mapfiles/kml/pushpin/ylw-pushpin.png"},"id":"10451"},{"type":"Feature","geometry":{"type":"LineString","coordinates":[[107.6135242,-6.9605935,0],[107.6134967,-6.9605112,0],[107.6134826,-6.9604693,0],[107.6134509,-6.9603747,0],[107.6134491,-6.9603694,0],[107.6134294,-6.9603107,0],[107.6133004,-6.9599258,0],[107.6132323,-6.9597228,0],[107.6132181,-6.9596806,0],[107.6131861,-6.9595851,0],[107.6131031,-6.9593374,0],[107.6130538,-6.9591904,0],[107.6130199,-6.9590893,0],[107.6129626,-6.9589186,0],[107.6129406,-6.9588528,0],[107.6128675,-6.9586348,0],[107.6128341,-6.9585353,0],[107.612791,-6.9584068,0],[107.6126981,-6.9581152,0],[107.6126235,-6.957907,0],[107.6124989,-6.9575355,0],[107.6124531,-6.9573989,0],[107.6124293,-6.9573278,0],[107.6123798,-6.9571801,0],[107.6123336,-6.9570425,0],[107.6123085,-6.9569675,0],[107.6122717,-6.9568578,0],[107.6122543,-6.9568058,0],[107.6122153,-6.9566896,0],[107.6121788,-6.9565808,0],[107.6121624,-6.9565318,0]]},"properties":{"name":"Jalan Mohammad Toha","styleUrl":"#10457","stroke-opacity":1,"stroke":"#F04B23","stroke-width":4},"id":"10456"},{"type":"Feature","geometry":{"type":"LineString","coordinates":[[107.6265321,-6.9862119,0],[107.62626,-6.9862068,0],[107.6259513,-6.9861907,0],[107.6254938,-6.9861751,0],[107.6253066,-6.9861719,0],[107.624845,-6.9861797,0],[107.6247579,-6.9861812,0],[107.6243009,-6.9861882,0],[107.6241566,-6.9861849,0],[107.6240862,-6.986158,0],[107.6239396,-6.9860879,0],[107.623838,-6.9860341,0],[107.6236997,-6.9859543,0],[107.6235813,-6.9858646,0],[107.6234881,-6.9857543,0],[107.6234397,-6.9856742,0],[107.6233888,-6.9855798,0],[107.6233378,-6.9854426,0],[107.6232353,-6.9851551,0],[107.6231774,-6.9849985,0],[107.6231613,-6.9849509,0],[107.6230909,-6.9847609,0],[107.6230366,-6.9846724,0],[107.6229973,-6.9846241,0],[107.6229191,-6.9845547,0],[107.6226198,-6.9843696,0],[107.6223567,-6.9842428,0],[107.6217907,-6.9839835,0],[107.6217008,-6.9839389,0],[107.6216217,-6.9838876,0],[107.6215211,-6.9837918,0],[107.6214512,-6.9836741,0],[107.6213941,-6.9835445,0],[107.621356,-6.9834348,0],[107.6212898,-6.983244,0],[107.6212375,-6.9830936,0],[107.6211273,-6.9827919,0],[107.6211214,-6.9827781,0],[107.6210933,-6.9827029,0],[107.6210059,-6.9824795,0],[107.6209885,-6.9824289,0],[107.620819,-6.9819366,0],[107.6207502,-6.9817348,0],[107.6206793,-6.9815355,0],[107.6205775,-6.9812493,0],[107.6205442,-6.9811487,0],[107.6203694,-6.9806363,0],[107.6201403,-6.9800357,0],[107.6199301,-6.9794243,0],[107.6198293,-6.9791473,0],[107.6198194,-6.9791178,0],[107.6194795,-6.9781434,0],[107.6194529,-6.9780717,0],[107.6194036,-6.9779295,0],[107.6192427,-6.9774649,0],[107.6189989,-6.9767398,0],[107.6188276,-6.9762303,0],[107.6187612,-6.976033,0],[107.6186775,-6.9757839,0],[107.6186627,-6.97574,0],[107.6185203,-6.9753132,0],[107.6184443,-6.9750836,0],[107.6184305,-6.9750351,0],[107.6183416,-6.9747731,0],[107.6181556,-6.9742373,0],[107.6181453,-6.9742063,0],[107.6181183,-6.9741257,0],[107.6180443,-6.9738994,0],[107.6179596,-6.9736256,0]]},"properties":{"name":"Jalan Dayeuhkolot","styleUrl":"#10461","stroke-opacity":1,"stroke":"#F04B23","stroke-width":4},"id":"10460"},{"type":"Feature","geometry":{"type":"LineString","coordinates":[[107.6312405,-7.0048462,0],[107.6314212,-7.0051842,0],[107.6314922,-7.005344,0],[107.6315171,-7.0054079,0],[107.631574,-7.0055217,0],[107.6316545,-7.0056708,0],[107.6317169,-7.0058072,0],[107.6317705,-7.0059044,0],[107.631967,-7.0062345,0],[107.6320367,-7.0063091,0],[107.6321118,-7.006361,0],[107.6321963,-7.0064135,0],[107.6322734,-7.0064528,0],[107.6325698,-7.0065906,0],[107.6327039,-7.0066505,0],[107.6328515,-7.0067237,0],[107.6330593,-7.0068169,0],[107.6332752,-7.0069194,0],[107.6336534,-7.0070991,0],[107.6337339,-7.0071323,0],[107.6340812,-7.0073,0],[107.6343495,-7.0074265,0],[107.6345682,-7.00753,0],[107.6347907,-7.0076408,0],[107.635058,-7.0077692,0],[107.6355417,-7.0079988,0],[107.6356965,-7.0080708,0],[107.6361323,-7.0082741,0],[107.636604,-7.0085035,0],[107.6376298,-7.0090005,0],[107.6376962,-7.0090364,0],[107.6385597,-7.009444,0],[107.6388288,-7.009573,0],[107.6393844,-7.009843,0],[107.6394644,-7.0098819,0],[107.6395409,-7.0099166,0],[107.6396503,-7.0099688,0],[107.6397222,-7.0100016,0],[107.6401994,-7.0102191,0],[107.6405168,-7.0103731,0],[107.6416308,-7.0109138,0],[107.6421088,-7.0111298,0],[107.6425914,-7.0113582,0],[107.642683,-7.0114051,0],[107.6440822,-7.012075,0],[107.6446524,-7.0123315,0],[107.6449351,-7.0124543,0],[107.6455298,-7.012737,0],[107.64597,-7.0129501,0],[107.6460088,-7.0129682,0],[107.6468319,-7.0133524,0],[107.6472355,-7.0135408,0],[107.6478348,-7.0138146,0],[107.6485812,-7.0141804,0],[107.6486571,-7.0142175,0],[107.6488907,-7.014332,0],[107.6489437,-7.014357,0],[107.6490866,-7.0144243,0],[107.6492833,-7.0145067,0],[107.6495399,-7.0146347,0],[107.650286,-7.0149837,0],[107.6504174,-7.0150446,0],[107.6506759,-7.0151643,0],[107.6507378,-7.0152013,0],[107.6508052,-7.0152518,0],[107.6509212,-7.0153453,0],[107.6509955,-7.0154281,0],[107.6510752,-7.0155207,0],[107.6512232,-7.0157084,0],[107.6515849,-7.016179,0],[107.6516931,-7.0163333,0]]},"properties":{"name":"Jalan Siliwangi","styleUrl":"#10465","stroke-opacity":1,"stroke":"#F04B23","stroke-width":4},"id":"10464"},{"type":"Feature","geometry":{"type":"LineString","coordinates":[[107.6334271,-6.982576,0],[107.6332771,-6.9826966,0],[107.6329595,-6.9828925,0],[107.632677,-6.9830155,0],[107.6324623,-6.9830967,0],[107.6322221,-6.9831765,0],[107.6319965,-6.9832285,0],[107.6317677,-6.9832746,0],[107.6316703,-6.9832899,0],[107.6314598,-6.9833231,0],[107.6313168,-6.9833408,0],[107.6311272,-6.9834023,0],[107.6310399,-6.9834527,0],[107.6309193,-6.9835557,0],[107.6307659,-6.9837107,0],[107.6305255,-6.9838989,0],[107.6301666,-6.9841369,0],[107.6301521,-6.9841458,0]]},"properties":{"name":"Jalan Bojongsoang","styleUrl":"#10469","stroke-opacity":1,"stroke":"#F04B23","stroke-width":4},"id":"10468"},{"type":"Feature","geometry":{"type":"LineString","coordinates":[[107.629967,-6.984275,0],[107.629842,-6.9843655,0],[107.6297584,-6.9844195,0],[107.629587,-6.9844922,0],[107.629441,-6.9845291,0],[107.6291326,-6.9845669,0],[107.629002,-6.9845787,0],[107.6288669,-6.9846967,0],[107.6286511,-6.9849081,0],[107.6283903,-6.9851983,0],[107.62832,-6.9852785,0],[107.6281685,-6.9854591,0],[107.6276386,-6.9860824,0],[107.6276154,-6.986108,0],[107.6275953,-6.9861306,0],[107.627565,-6.9861572,0],[107.6275382,-6.9861699,0],[107.6275025,-6.9861794,0],[107.6274602,-6.9861832,0],[107.6273537,-6.9861862,0],[107.6272859,-6.9861805,0],[107.6272097,-6.9861837,0],[107.6270195,-6.9861916,0]]},"properties":{"name":"Jalan Bojongsoang","styleUrl":"#10473","stroke-opacity":1,"stroke":"#F04B23","stroke-width":4},"id":"10472"},{"type":"Feature","geometry":{"type":"LineString","coordinates":[[107.6301521,-6.9841458,0],[107.629967,-6.984275,0]]},"properties":{"name":"Jalan Bojongsoang","styleUrl":"#10477","stroke-opacity":1,"stroke":"#F04B23","stroke-width":4},"id":"10476"},{"type":"Feature","geometry":{"type":"LineString","coordinates":[[107.5899199,-6.9452949,0],[107.5899683,-6.9452286,0],[107.5900352,-6.9451237,0],[107.5901553,-6.9449353,0],[107.5903058,-6.9446993,0],[107.5904884,-6.944413,0],[107.5905391,-6.9443334,0],[107.5905904,-6.944253,0],[107.590768,-6.9439758,0],[107.5908061,-6.9439147,0],[107.5908631,-6.9438253,0],[107.5910269,-6.9435481,0]]},"properties":{"name":"Jalan Kyai Haji Wahid Hasyim","styleUrl":"#10481","stroke-opacity":1,"stroke":"#F04B23","stroke-width":4},"id":"10480"},{"type":"Feature","geometry":{"type":"LineString","coordinates":[[107.7565232,-7.0508383,0],[107.756599,-7.0508172,0],[107.7567291,-7.0507872,0]]},"properties":{"name":"Jalan Raya Laswi","styleUrl":"#10485","stroke-opacity":1,"stroke":"#F04B23","stroke-width":4},"id":"10484"},{"type":"Feature","geometry":{"type":"LineString","coordinates":[[107.7583277,-7.0504467,0],[107.7583305,-7.0503661,0],[107.7583309,-7.0503233,0],[107.758332,-7.0502789,0],[107.7583346,-7.0501478,0],[107.7583362,-7.0500677,0],[107.7583457,-7.0499571,0],[107.7583689,-7.0496634,0],[107.7583772,-7.0494876,0],[107.7583793,-7.0491518,0],[107.758379,-7.0491327,0]]},"properties":{"name":"Jl. Kondang","styleUrl":"#10489","stroke-opacity":1,"stroke":"#F04B23","stroke-width":4},"id":"10488"},{"type":"Feature","geometry":{"type":"LineString","coordinates":[[107.7567291,-7.0507872,0],[107.7567589,-7.0507807,0],[107.7571709,-7.0506912,0],[107.757389,-7.0506471,0],[107.7578544,-7.0505557,0],[107.7579805,-7.0505266,0],[107.7581439,-7.050489,0],[107.7581931,-7.0504776,0],[107.7583277,-7.0504467,0]]},"properties":{"name":"Jalan Raya Laswi","styleUrl":"#10493","stroke-opacity":1,"stroke":"#F04B23","stroke-width":4},"id":"10492"},{"type":"Feature","geometry":{"type":"LineString","coordinates":[[107.6320736,-6.9900649,0],[107.6320352,-6.9901805,0],[107.6319793,-6.9903512,0],[107.6318697,-6.9907532,0],[107.6318415,-6.9908464,0],[107.6317423,-6.9911484,0],[107.6316708,-6.99136,0],[107.6316525,-6.9914167,0],[107.6315815,-6.9916369,0],[107.6315,-6.9919241,0],[107.6314065,-6.992229,0],[107.6313361,-6.9924993,0]]},"properties":{"name":"Jalan Terusan Bojongsoang","styleUrl":"#10497","stroke-opacity":1,"stroke":"#F04B23","stroke-width":4},"id":"10496"},{"type":"Feature","geometry":{"type":"LineString","coordinates":[[107.5905372,-6.9458885,0],[107.5906174,-6.9459184,0],[107.5908186,-6.9459976,0],[107.5909454,-6.9460471,0],[107.5912869,-6.9461769,0],[107.5915135,-6.946263,0],[107.5919633,-6.946418,0],[107.5920057,-6.9464327,0]]},"properties":{"name":"Jalan Soekarno-Hatta","styleUrl":"#10501","stroke-opacity":1,"stroke":"#F04B23","stroke-width":4},"id":"10500"},{"type":"Feature","geometry":{"type":"LineString","coordinates":[[107.6086676,-6.9461425,0],[107.6086093,-6.945971,0],[107.6085871,-6.9459059,0],[107.608562,-6.9458321,0],[107.6085284,-6.9457333,0],[107.6084824,-6.9455982,0],[107.6084779,-6.9455849,0],[107.6084496,-6.9455018,0],[107.608427,-6.9454354,0],[107.608407,-6.9453744,0],[107.6083491,-6.945205,0],[107.6082597,-6.9449435,0],[107.6082426,-6.9448934,0],[107.6082103,-6.9447985,0],[107.6080915,-6.9444492,0],[107.6079672,-6.944084,0],[107.6078706,-6.9438055,0],[107.607766,-6.9435054,0],[107.6077347,-6.9434128,0],[107.607677,-6.9432421,0],[107.6076477,-6.9431556,0]]},"properties":{"name":"Jalan Mohammad Toha","styleUrl":"#10505","stroke-opacity":1,"stroke":"#F04B23","stroke-width":4},"id":"10504"},{"type":"Feature","geometry":{"type":"LineString","coordinates":[[107.6089854,-6.9482416,0],[107.6091215,-6.9482171,0],[107.6091635,-6.9482034,0],[107.6091847,-6.9481943,0],[107.6092024,-6.9481834,0],[107.6092158,-6.9481721,0],[107.6092305,-6.9481568,0],[107.6092432,-6.9481413,0],[107.6092554,-6.9481208,0],[107.6092687,-6.9480936,0],[107.6092789,-6.9480682,0],[107.6092906,-6.948039,0],[107.6093038,-6.9479813,0]]},"properties":{"name":"Route Segment","styleUrl":"#10509","stroke-opacity":1,"stroke":"#F04B23","stroke-width":4},"id":"10508"},{"type":"Feature","geometry":{"type":"LineString","coordinates":[[107.6095322,-6.9486416,0],[107.6094657,-6.9485947,0],[107.6094231,-6.9485507,0],[107.6093919,-6.9485164,0],[107.6093631,-6.9484883,0],[107.6093357,-6.948465,0],[107.6092838,-6.9484357,0],[107.6092254,-6.948413,0],[107.6091509,-6.9483908,0],[107.6089974,-6.9483475,0]]},"properties":{"name":"Route Segment","styleUrl":"#10513","stroke-opacity":1,"stroke":"#F04B23","stroke-width":4},"id":"10512"},{"type":"Feature","geometry":{"type":"LineString","coordinates":[[107.5946801,-6.9470993,0],[107.5949015,-6.9470904,0],[107.5949654,-6.9470873,0],[107.5949874,-6.9470844,0],[107.5950189,-6.9470765,0],[107.5950591,-6.9470659,0],[107.5950873,-6.9470551,0],[107.5951121,-6.9470451,0],[107.5951365,-6.9470303,0],[107.5951489,-6.9470195,0],[107.5951597,-6.9470058,0],[107.5951778,-6.9469812,0],[107.5951852,-6.9469692,0],[107.595202,-6.9469407,0],[107.5952184,-6.9469031,0]]},"properties":{"name":"Route Segment","styleUrl":"#10517","stroke-opacity":1,"stroke":"#F04B23","stroke-width":4},"id":"10516"},{"type":"Feature","geometry":{"type":"LineString","coordinates":[[107.6061483,-6.9378682,0],[107.6061327,-6.9378056,0],[107.6061152,-6.9377567,0],[107.6060844,-6.9377076,0],[107.6060472,-6.9376628,0],[107.6059954,-6.9376241,0],[107.6059365,-6.9375973,0]]},"properties":{"name":"Route Segment","styleUrl":"#10521","stroke-opacity":1,"stroke":"#F04B23","stroke-width":4},"id":"10520"},{"type":"Feature","geometry":{"type":"LineString","coordinates":[[107.5910269,-6.9435481,0],[107.5910603,-6.9434929,0],[107.5910903,-6.9434463,0],[107.5911028,-6.9434233,0],[107.5911203,-6.9433931,0],[107.5912147,-6.9432302,0],[107.591257,-6.9431573,0],[107.5913003,-6.9430856,0],[107.5913435,-6.9430138,0],[107.5914686,-6.9428144,0],[107.5916513,-6.9425217,0],[107.5918451,-6.942203,0],[107.5918647,-6.9421708,0],[107.59192,-6.9420837,0],[107.5920724,-6.9418438,0],[107.5922389,-6.9415903,0],[107.5924641,-6.9412448,0],[107.5930896,-6.9402979,0],[107.59314,-6.9402168,0],[107.5932148,-6.9400962,0],[107.5932356,-6.9400628,0],[107.5933094,-6.939944,0],[107.5934404,-6.9397331,0],[107.5936005,-6.9394752,0],[107.5937688,-6.9391642,0],[107.5939092,-6.9389121,0],[107.5939987,-6.938752,0],[107.5940814,-6.9386042,0],[107.5941015,-6.9385696,0],[107.594148,-6.9384872,0],[107.594204,-6.9383881,0],[107.594524,-6.9378129,0],[107.5945872,-6.9376992,0],[107.5946221,-6.9376377,0],[107.5946542,-6.9375847,0],[107.5948299,-6.9373141,0]]},"properties":{"name":"Jalan Kyai Haji Wahid Hasyim","styleUrl":"#10525","stroke-opacity":1,"stroke":"#F04B23","stroke-width":4},"id":"10524"},{"type":"Feature","geometry":{"type":"LineString","coordinates":[[107.5971376,-6.937801,0],[107.5970548,-6.9377924,0]]},"properties":{"name":"Jalan Peta","styleUrl":"#10529","stroke-opacity":1,"stroke":"#F04B23","stroke-width":4},"id":"10528"},{"type":"Feature","geometry":{"type":"LineString","coordinates":[[107.6030687,-6.9373365,0],[107.6029953,-6.9373294,0]]},"properties":{"name":"Jalan Peta","styleUrl":"#10533","stroke-opacity":1,"stroke":"#F04B23","stroke-width":4},"id":"10532"},{"type":"Feature","geometry":{"type":"LineString","coordinates":[[107.6117909,-6.9555998,0],[107.6117857,-6.9555778,0],[107.611748,-6.9554589,0],[107.6117404,-6.9554321,0],[107.6116741,-6.9552221,0]]},"properties":{"name":"Jalan Mohammad Toha","styleUrl":"#10537","stroke-opacity":1,"stroke":"#F04B23","stroke-width":4},"id":"10536"},{"type":"Feature","geometry":{"type":"LineString","coordinates":[[107.6116113,-6.9549027,0],[107.6115903,-6.9548395,0],[107.6115567,-6.9547392,0],[107.6115404,-6.9546891,0],[107.6115168,-6.954618,0],[107.6115056,-6.9545841,0],[107.6114306,-6.9543571,0],[107.6114039,-6.9542777,0],[107.6113779,-6.9541994,0],[107.6113491,-6.9541126,0],[107.6113021,-6.953971,0],[107.6112433,-6.9537939,0],[107.6112087,-6.9536897,0],[107.6111523,-6.9535196,0],[107.6111025,-6.9533696,0],[107.6110127,-6.9530992,0],[107.6109821,-6.9530069,0],[107.6109598,-6.9529395,0],[107.610882,-6.9527052,0],[107.6108172,-6.9525101,0],[107.6107154,-6.9522033,0],[107.610704,-6.9521688,0],[107.6106927,-6.9521348,0],[107.6106289,-6.9519383,0],[107.6105529,-6.9517136,0],[107.6105221,-6.9516206,0],[107.6103079,-6.9509754,0],[107.6101654,-6.950546,0],[107.6101111,-6.9503823,0],[107.609996,-6.9500355,0]]},"properties":{"name":"Jalan Mohammad Toha","styleUrl":"#10541","stroke-opacity":1,"stroke":"#F04B23","stroke-width":4},"id":"10540"},{"type":"Feature","geometry":{"type":"LineString","coordinates":[[107.7581921,-7.0475377,0],[107.7585583,-7.0476779,0],[107.7587108,-7.0477204,0],[107.7589488,-7.0477905,0],[107.7591352,-7.0478561,0],[107.7596318,-7.0479636,0],[107.759761,-7.0479959,0]]},"properties":{"name":"Route Segment","styleUrl":"#10545","stroke-opacity":1,"stroke":"#F04B23","stroke-width":4},"id":"10544"},{"type":"Feature","geometry":{"type":"LineString","coordinates":[[107.713347,-7.0357328,0],[107.7140017,-7.0358683,0],[107.7151861,-7.036094,0],[107.7156258,-7.0361864,0],[107.7158999,-7.0362415,0]]},"properties":{"name":"Jalan Raya Laswi","styleUrl":"#10549","stroke-opacity":1,"stroke":"#F04B23","stroke-width":4},"id":"10548"},{"type":"Feature","geometry":{"type":"LineString","coordinates":[[107.7581921,-7.0475377,0],[107.7582834,-7.0481921,0],[107.758357,-7.0487816,0],[107.758379,-7.0491327,0]]},"properties":{"name":"Jl. Raya Majalaya - Rancaekek","styleUrl":"#10553","stroke-opacity":1,"stroke":"#F04B23","stroke-width":4},"id":"10552"},{"type":"Feature","geometry":{"type":"LineString","coordinates":[[107.7234827,-7.0391039,0],[107.7249625,-7.0398533,0],[107.726015,-7.0403954,0],[107.7262947,-7.0405863,0],[107.7264237,-7.040657,0],[107.7267152,-7.0408102,0],[107.7267995,-7.0408541,0],[107.7276273,-7.0412931,0],[107.7276746,-7.0413163,0],[107.7287743,-7.0418744,0],[107.7299807,-7.0425473,0],[107.7303307,-7.0427233,0],[107.730685,-7.0428999,0],[107.7308629,-7.0430109,0],[107.7324969,-7.0438569,0],[107.7328375,-7.0440166,0],[107.7336569,-7.0444798,0],[107.7340043,-7.0446595,0],[107.7345836,-7.0449576,0],[107.7347311,-7.0450482,0],[107.7349439,-7.045153,0],[107.7354462,-7.0454004,0],[107.7356212,-7.0454866,0],[107.7358252,-7.0455951,0],[107.7360266,-7.0456975,0],[107.736391,-7.0458958,0],[107.7365768,-7.0459946,0],[107.7367602,-7.0460921,0],[107.7370053,-7.0462224,0],[107.737092,-7.0462724,0],[107.7375906,-7.0465598,0],[107.7376774,-7.0466099,0],[107.7378533,-7.0467118,0],[107.7379402,-7.0467621,0],[107.7383595,-7.047005,0],[107.7387405,-7.0471784,0],[107.7387898,-7.0472048,0],[107.7392994,-7.0474954,0],[107.7394231,-7.047566,0],[107.7400193,-7.047902,0],[107.7407149,-7.048248,0],[107.7412081,-7.0485201,0],[107.7413251,-7.0485807,0],[107.7413917,-7.0486153,0],[107.7416168,-7.0487369,0],[107.7422524,-7.0490802,0],[107.7427597,-7.0493706,0],[107.7432886,-7.0496732,0],[107.7433593,-7.0497114,0],[107.7435134,-7.0497857,0],[107.7435869,-7.0498112,0],[107.74383,-7.0498294,0],[107.7449189,-7.0498388,0],[107.7450292,-7.0498397,0],[107.7455296,-7.0498458,0],[107.7457712,-7.0498385,0],[107.7460411,-7.0498675,0],[107.7463161,-7.049897,0],[107.7466705,-7.0499373,0],[107.7469641,-7.0499865,0],[107.7470353,-7.0500016,0],[107.7472319,-7.0500433,0],[107.7475467,-7.0501031,0],[107.7481085,-7.05021,0],[107.7483513,-7.0502552,0],[107.7484777,-7.0502787,0],[107.7491359,-7.0504012,0],[107.7492471,-7.050418,0],[107.7496581,-7.0504367,0],[107.750146,-7.050513,0],[107.750697,-7.0505757,0],[107.7512717,-7.0506168,0],[107.7515157,-7.0506389,0]]},"properties":{"name":"Jalan Raya Laswi","styleUrl":"#10557","stroke-opacity":1,"stroke":"#F04B23","stroke-width":4},"id":"10556"},{"type":"Feature","geometry":{"type":"LineString","coordinates":[[107.604469,-6.9374642,0],[107.6043625,-6.9374545,0],[107.6036889,-6.9373934,0],[107.6032992,-6.937358,0],[107.6031703,-6.9373463,0],[107.6030687,-6.9373365,0]]},"properties":{"name":"Jalan Peta","styleUrl":"#10561","stroke-opacity":1,"stroke":"#F04B23","stroke-width":4},"id":"10560"},{"type":"Feature","geometry":{"type":"LineString","coordinates":[[107.6029953,-6.9373294,0],[107.6028855,-6.9373188,0],[107.6028524,-6.937315,0],[107.602016,-6.9372409,0],[107.6019146,-6.9372385,0],[107.601703,-6.9372304,0],[107.6014696,-6.937233,0],[107.6010236,-6.9372742,0],[107.6000125,-6.9374518,0],[107.5999005,-6.9374746,0],[107.5994727,-6.9375618,0]]},"properties":{"name":"Jalan Peta","styleUrl":"#10565","stroke-opacity":1,"stroke":"#F04B23","stroke-width":4},"id":"10564"},{"type":"Feature","geometry":{"type":"LineString","coordinates":[[107.6336213,-6.982891,0],[107.633572,-6.9830355,0],[107.6335615,-6.9830663,0],[107.6335302,-6.9831657,0],[107.6335161,-6.9832054,0],[107.6334542,-6.9834001,0],[107.6334443,-6.9834337,0],[107.6333645,-6.9836962,0],[107.633295,-6.9839307,0],[107.63319,-6.9842659,0],[107.6331142,-6.9845196,0],[107.6330944,-6.984586,0],[107.6330745,-6.9846524,0],[107.6329877,-6.9849885,0],[107.6329841,-6.98501,0],[107.632947,-6.985235,0],[107.6328922,-6.9855671,0],[107.6328659,-6.9857289,0],[107.6328247,-6.9859824,0],[107.6327896,-6.9861987,0],[107.6327571,-6.9863987,0],[107.6326896,-6.9868137,0],[107.6324776,-6.987975,0],[107.6324363,-6.9883896,0],[107.6324078,-6.9888436,0],[107.632341,-6.9892213,0],[107.6323057,-6.9893722,0],[107.63227,-6.9894981,0],[107.6322368,-6.9895932,0]]},"properties":{"name":"Jalan Terusan Bojongsoang","styleUrl":"#10569","stroke-opacity":1,"stroke":"#F04B23","stroke-width":4},"id":"10568"},{"type":"Feature","geometry":{"type":"LineString","coordinates":[[107.6604983,-7.0233061,0],[107.6605263,-7.0233224,0],[107.6605705,-7.0233474,0],[107.6606472,-7.0233886,0],[107.6607555,-7.0234324,0],[107.6607712,-7.0234396,0],[107.6608015,-7.0234515,0],[107.6609756,-7.0235237,0],[107.6610026,-7.0235336,0],[107.6612727,-7.0236332,0],[107.6614335,-7.0236915,0],[107.661473,-7.0237035,0],[107.6616063,-7.0237454,0],[107.6617227,-7.0237813,0],[107.6618642,-7.0238139,0],[107.6619735,-7.0238319,0],[107.6621023,-7.0238448,0],[107.6622514,-7.0238574,0],[107.662389,-7.0238691,0],[107.6626192,-7.0238764,0],[107.6627439,-7.0238786,0],[107.6629069,-7.0238777,0],[107.66295,-7.0238775,0],[107.6630035,-7.0238788,0],[107.6631471,-7.0238825,0],[107.6633187,-7.0238895,0],[107.6634285,-7.0238943,0],[107.6635528,-7.0238973,0],[107.6637063,-7.0238994,0],[107.6638252,-7.0238988,0],[107.6638886,-7.0238963,0],[107.6639664,-7.0238891,0],[107.6640546,-7.023877,0],[107.6641287,-7.0238631,0],[107.6642071,-7.0238406,0],[107.6643992,-7.0237976,0],[107.6649327,-7.0236748,0],[107.6649646,-7.0236676,0],[107.6649789,-7.023664,0],[107.6652125,-7.0236047,0],[107.6654319,-7.0235496,0],[107.6656837,-7.0234825,0],[107.6670654,-7.0231608,0],[107.6674565,-7.0230651,0],[107.6675328,-7.0230511,0],[107.6680943,-7.0229174,0],[107.6683137,-7.0228683,0],[107.6696054,-7.0225692,0],[107.6706398,-7.0222772,0],[107.6710977,-7.022166,0],[107.6712805,-7.0221012,0],[107.6713559,-7.0220616,0],[107.6714002,-7.0220336,0],[107.6714511,-7.0219897,0],[107.6720154,-7.0213894,0],[107.672056,-7.0213495,0],[107.6721069,-7.0213042,0],[107.6721525,-7.0212736,0],[107.6722209,-7.021239,0],[107.6722689,-7.021223,0],[107.6723101,-7.0212137,0],[107.6723966,-7.0211951,0],[107.6724844,-7.0211818,0],[107.6725656,-7.0211811,0],[107.6731597,-7.0212177,0],[107.6732272,-7.0212244,0],[107.6742583,-7.0213128,0],[107.6746788,-7.0213425,0],[107.6753792,-7.021424,0],[107.6754332,-7.0214301,0],[107.6761544,-7.0215079,0],[107.6765728,-7.0215553,0],[107.6776333,-7.0216744,0],[107.6776508,-7.0216764,0],[107.6782948,-7.0217501,0],[107.6788336,-7.0218098,0],[107.6791985,-7.0218503,0],[107.6792843,-7.0218596,0],[107.6795647,-7.0218955,0],[107.6808929,-7.0220346,0],[107.6809083,-7.0220369,0]]},"properties":{"name":"Jalan Raya Laswi","styleUrl":"#10573","stroke-opacity":1,"stroke":"#F04B23","stroke-width":4},"id":"10572"},{"type":"Feature","geometry":{"type":"LineString","coordinates":[[107.5952296,-6.9371632,0],[107.5951614,-6.9371577,0],[107.5950932,-6.9371631,0],[107.5950268,-6.9371793,0],[107.5949529,-6.9372115,0],[107.5948865,-6.937257,0],[107.5948299,-6.9373141,0]]},"properties":{"name":"Route Segment","styleUrl":"#10577","stroke-opacity":1,"stroke":"#F04B23","stroke-width":4},"id":"10576"},{"type":"Feature","geometry":{"type":"LineString","coordinates":[[107.5994727,-6.9375618,0],[107.5993708,-6.9375805,0]]},"properties":{"name":"Jalan Peta","styleUrl":"#10581","stroke-opacity":1,"stroke":"#F04B23","stroke-width":4},"id":"10580"},{"type":"Feature","geometry":{"type":"LineString","coordinates":[[107.5993708,-6.9375805,0],[107.5988884,-6.9376814,0],[107.5984434,-6.9377562,0],[107.5983423,-6.9377695,0],[107.5980891,-6.9378047,0],[107.5978299,-6.9378174,0],[107.5975831,-6.9378255,0],[107.5972383,-6.9378114,0],[107.5971376,-6.937801,0]]},"properties":{"name":"Jalan Peta","styleUrl":"#10585","stroke-opacity":1,"stroke":"#F04B23","stroke-width":4},"id":"10584"},{"type":"Feature","geometry":{"type":"LineString","coordinates":[[107.6061749,-6.938344,0],[107.6061574,-6.9383237,0],[107.6061507,-6.9383009,0],[107.6061483,-6.9378682,0]]},"properties":{"name":"Jalan Mohammad Toha","styleUrl":"#10589","stroke-opacity":1,"stroke":"#F04B23","stroke-width":4},"id":"10588"},{"type":"Feature","geometry":{"type":"LineString","coordinates":[[107.6054387,-6.9480071,0],[107.6057218,-6.9480258,0],[107.6059845,-6.9480432,0],[107.6061148,-6.9480518,0],[107.6064402,-6.9480733,0],[107.6065499,-6.9480806,0],[107.6067107,-6.9480912,0],[107.6070517,-6.9481138,0],[107.6072587,-6.9481274,0],[107.6073396,-6.9481328,0],[107.6077353,-6.9481589,0],[107.6080187,-6.9481777,0],[107.6086542,-6.9482197,0],[107.6089854,-6.9482416,0]]},"properties":{"name":"Jalan Soekarno-Hatta","styleUrl":"#10593","stroke-opacity":1,"stroke":"#F04B23","stroke-width":4},"id":"10592"},{"type":"Feature","geometry":{"type":"LineString","coordinates":[[107.6089974,-6.9483475,0],[107.6088993,-6.9483444,0],[107.6087518,-6.9483342,0],[107.6084452,-6.9483129,0],[107.6082859,-6.9483019,0],[107.6079479,-6.9482785,0],[107.6076198,-6.9482557,0],[107.6075247,-6.9482491,0],[107.6072566,-6.9482306,0],[107.6072047,-6.948227,0],[107.6071349,-6.9482221,0],[107.6070593,-6.9482169,0],[107.6065158,-6.9481792,0],[107.6063661,-6.9481689,0],[107.6056908,-6.9481221,0],[107.6054314,-6.9481041,0]]},"properties":{"name":"Jalan Soekarno-Hatta","styleUrl":"#10597","stroke-opacity":1,"stroke":"#F04B23","stroke-width":4},"id":"10596"},{"type":"Feature","geometry":{"type":"LineString","coordinates":[[107.7098707,-7.0350075,0],[107.7099274,-7.0350198,0]]},"properties":{"name":"Jalan Raya Laswi","styleUrl":"#10601","stroke-opacity":1,"stroke":"#F04B23","stroke-width":4},"id":"10600"},{"type":"Feature","geometry":{"type":"LineString","coordinates":[[107.7099274,-7.0350198,0],[107.7099589,-7.0350264,0],[107.7100823,-7.0350497,0],[107.7110633,-7.0352334,0],[107.7113825,-7.0352986,0],[107.7126713,-7.0355768,0],[107.7130133,-7.0356567,0],[107.7132426,-7.0357112,0]]},"properties":{"name":"Jalan Raya Laswi","styleUrl":"#10605","stroke-opacity":1,"stroke":"#F04B23","stroke-width":4},"id":"10604"},{"type":"Feature","geometry":{"type":"LineString","coordinates":[[107.7061596,-7.0341573,0],[107.7062246,-7.0341916,0]]},"properties":{"name":"Jalan Raya Laswi","styleUrl":"#10609","stroke-opacity":1,"stroke":"#F04B23","stroke-width":4},"id":"10608"},{"type":"Feature","geometry":{"type":"LineString","coordinates":[[107.703997,-7.0329155,0],[107.7043511,-7.0331264,0],[107.7048547,-7.0334019,0],[107.7051477,-7.0335896,0],[107.7054656,-7.033776,0],[107.7061138,-7.0341321,0],[107.7061596,-7.0341573,0]]},"properties":{"name":"Jalan Raya Laswi","styleUrl":"#10613","stroke-opacity":1,"stroke":"#F04B23","stroke-width":4},"id":"10612"},{"type":"Feature","geometry":{"type":"LineString","coordinates":[[107.7062246,-7.0341916,0],[107.7062588,-7.0342105,0],[107.7063135,-7.0342288,0],[107.7063701,-7.0342485,0],[107.7064835,-7.0342844,0],[107.7066303,-7.0343237,0],[107.7072637,-7.0344691,0],[107.7073458,-7.034488,0],[107.7074155,-7.0345007,0],[107.7077045,-7.0345599,0],[107.7080063,-7.0346191,0],[107.709002,-7.0348248,0],[107.7098372,-7.0350001,0],[107.7098707,-7.0350075,0]]},"properties":{"name":"Jalan Raya Laswi","styleUrl":"#10617","stroke-opacity":1,"stroke":"#F04B23","stroke-width":4},"id":"10616"},{"type":"Feature","geometry":{"type":"LineString","coordinates":[[107.7163204,-7.0363195,0],[107.7166222,-7.0363808,0]]},"properties":{"name":"Jalan Raya Laswi","styleUrl":"#10621","stroke-opacity":1,"stroke":"#F04B23","stroke-width":4},"id":"10620"},{"type":"Feature","geometry":{"type":"LineString","coordinates":[[107.7158999,-7.0362415,0],[107.7159925,-7.03626,0],[107.7162239,-7.0363011,0],[107.7163023,-7.0363162,0],[107.7163204,-7.0363195,0]]},"properties":{"name":"Jalan Raya Laswi","styleUrl":"#10625","stroke-opacity":1,"stroke":"#F04B23","stroke-width":4},"id":"10624"},{"type":"Feature","geometry":{"type":"LineString","coordinates":[[107.7598725,-7.0477914,0],[107.7598991,-7.0476988,0],[107.7599029,-7.0476942,0],[107.7599077,-7.0476913,0],[107.7599146,-7.0476902,0],[107.7601839,-7.0477492,0]]},"properties":{"name":"Route Segment","styleUrl":"#10629","stroke-opacity":1,"stroke":"#F04B23","stroke-width":4},"id":"10628"},{"type":"Feature","geometry":{"type":"LineString","coordinates":[[107.7519681,-7.0506716,0],[107.7520475,-7.0506762,0]]},"properties":{"name":"Jalan Raya Laswi","styleUrl":"#10633","stroke-opacity":1,"stroke":"#F04B23","stroke-width":4},"id":"10632"},{"type":"Feature","geometry":{"type":"LineString","coordinates":[[107.7520475,-7.0506762,0],[107.7521658,-7.0506796,0],[107.7524411,-7.0506987,0],[107.7527099,-7.0507084,0],[107.7528192,-7.0507144,0],[107.7529611,-7.0507263,0],[107.7531735,-7.0507517,0],[107.7533636,-7.0507924,0],[107.7536301,-7.0508496,0],[107.7540586,-7.0509441,0],[107.7546428,-7.051081,0],[107.7550168,-7.0511819,0],[107.7551446,-7.0512103,0],[107.7552373,-7.0512225,0],[107.7553375,-7.0512327,0],[107.7555334,-7.051239,0],[107.7556336,-7.0512332,0],[107.7557208,-7.0512225,0],[107.7557912,-7.0512054,0],[107.755942,-7.0511378,0],[107.7560622,-7.0510807,0],[107.7564014,-7.0508901,0],[107.7565232,-7.0508383,0]]},"properties":{"name":"Jalan Raya Laswi","styleUrl":"#10637","stroke-opacity":1,"stroke":"#F04B23","stroke-width":4},"id":"10636"},{"type":"Feature","geometry":{"type":"LineString","coordinates":[[107.6336213,-6.982891,0],[107.6335984,-6.9828182,0],[107.6335852,-6.9827739,0],[107.6335642,-6.9827308,0],[107.6335392,-6.9826922,0],[107.6335062,-6.9826547,0],[107.6334707,-6.9826159,0],[107.6334271,-6.982576,0]]},"properties":{"name":"Route Segment","styleUrl":"#10641","stroke-opacity":1,"stroke":"#F04B23","stroke-width":4},"id":"10640"},{"type":"Feature","geometry":{"type":"LineString","coordinates":[[107.6322368,-6.9895932,0],[107.6320736,-6.9900649,0]]},"properties":{"name":"Jalan Terusan Bojongsoang","styleUrl":"#10645","stroke-opacity":1,"stroke":"#F04B23","stroke-width":4},"id":"10644"},{"type":"Feature","geometry":{"type":"LineString","coordinates":[[107.6313361,-6.9924993,0],[107.6310419,-6.9935157,0]]},"properties":{"name":"Jalan Terusan Bojongsoang","styleUrl":"#10649","stroke-opacity":1,"stroke":"#F04B23","stroke-width":4},"id":"10648"},{"type":"Feature","geometry":{"type":"LineString","coordinates":[[107.6516931,-7.0163333,0],[107.6518482,-7.0164765,0],[107.6519358,-7.0165596,0],[107.6519602,-7.0165856,0],[107.6520205,-7.0166635,0],[107.6520655,-7.0167194,0],[107.6521067,-7.0167923,0],[107.6521309,-7.0168386,0],[107.6521446,-7.0168684,0],[107.652152,-7.0168845,0],[107.6521674,-7.0169218,0]]},"properties":{"name":"Jalan Raya Laswi","styleUrl":"#10653","stroke-opacity":1,"stroke":"#F04B23","stroke-width":4},"id":"10652"},{"type":"Feature","geometry":{"type":"LineString","coordinates":[[107.6116741,-6.9552221,0],[107.6116137,-6.9550271,0],[107.6116113,-6.9549027,0]]},"properties":{"name":"Jalan Mohammad Toha","styleUrl":"#10657","stroke-opacity":1,"stroke":"#F04B23","stroke-width":4},"id":"10656"},{"type":"Feature","geometry":{"type":"LineString","coordinates":[[107.6121624,-6.9565318,0],[107.6120965,-6.9564512,0],[107.6120562,-6.9563326,0],[107.6120093,-6.9561968,0],[107.6119314,-6.9560046,0],[107.6119023,-6.955933,0]]},"properties":{"name":"Jalan Mohammad Toha","styleUrl":"#10661","stroke-opacity":1,"stroke":"#F04B23","stroke-width":4},"id":"10660"},{"type":"Feature","geometry":{"type":"LineString","coordinates":[[107.6054387,-6.9480071,0],[107.6054314,-6.9481041,0]]},"properties":{"name":"Route Segment","styleUrl":"#10665","stroke-opacity":1,"stroke":"#F04B23","stroke-width":4},"id":"10664"},{"type":"Feature","geometry":{"type":"LineString","coordinates":[[107.5970548,-6.9377924,0],[107.5970082,-6.9377848,0],[107.5966811,-6.9377315,0],[107.5963307,-6.9376489,0],[107.5961367,-6.9375778,0],[107.5959549,-6.937498,0],[107.5955421,-6.9372977,0],[107.5954936,-6.9372742,0]]},"properties":{"name":"Jalan Peta","styleUrl":"#10669","stroke-opacity":1,"stroke":"#F04B23","stroke-width":4},"id":"10668"},{"type":"Feature","geometry":{"type":"LineString","coordinates":[[107.680979,-7.0220419,0],[107.6810217,-7.0220479,0],[107.6818813,-7.0221437,0],[107.6824186,-7.0221977,0],[107.6825132,-7.0222073,0],[107.6829098,-7.022251,0],[107.6830262,-7.0222639,0],[107.6833681,-7.0222989,0],[107.6834299,-7.0223052,0],[107.6839663,-7.0223717,0],[107.6845014,-7.022421,0],[107.6847124,-7.022464,0],[107.6850567,-7.0225341,0],[107.6852524,-7.0225487,0],[107.685463,-7.0225673,0],[107.6857164,-7.02259,0],[107.6859659,-7.0226193,0],[107.6861698,-7.0226381,0],[107.6863126,-7.0226512,0],[107.6864587,-7.022667,0],[107.686562,-7.0226785,0],[107.6867343,-7.0227058,0],[107.6868322,-7.0227251,0],[107.6869208,-7.0227537,0],[107.6870368,-7.022799,0],[107.6871514,-7.0228589,0],[107.6872627,-7.0229374,0],[107.6876637,-7.0232622,0],[107.6879883,-7.0234925,0],[107.6881002,-7.02356,0],[107.6883875,-7.0237499,0],[107.6888459,-7.0240355,0],[107.6891565,-7.0241989,0],[107.689204,-7.0242255,0],[107.6895875,-7.0244647,0],[107.6898048,-7.0245932,0],[107.6899241,-7.0246617,0],[107.6901807,-7.0248221,0],[107.6902132,-7.0248428,0],[107.690767,-7.0251662,0],[107.6914664,-7.0255642,0],[107.6923727,-7.0260883,0],[107.6924823,-7.0261652,0],[107.6926614,-7.0262663,0],[107.6937302,-7.0269006,0],[107.6941149,-7.0271238,0],[107.6942861,-7.0272207,0],[107.6949104,-7.0275854,0],[107.6951551,-7.0277338,0],[107.6953188,-7.0278236,0],[107.6954395,-7.0278915,0],[107.6961911,-7.0283467,0],[107.6965043,-7.0285307,0],[107.6965519,-7.0285604,0],[107.6968811,-7.0287567,0],[107.6974082,-7.0290934,0],[107.6977757,-7.0292997,0],[107.6978923,-7.0293716,0],[107.6981555,-7.0295097,0],[107.6982048,-7.0295373,0],[107.6991781,-7.0301067,0],[107.6995104,-7.0303013,0],[107.6995916,-7.0303502,0],[107.6997761,-7.0304612,0],[107.7000126,-7.0306035,0],[107.7003485,-7.0308091,0],[107.7005008,-7.0309023,0],[107.7007613,-7.0310347,0],[107.7008575,-7.031088,0],[107.7010417,-7.0311899,0],[107.7011714,-7.031259,0],[107.7013913,-7.0313855,0],[107.7016159,-7.0315099,0],[107.7016903,-7.0315552,0],[107.7019881,-7.0317488,0],[107.7021664,-7.0318486,0],[107.7025822,-7.0320816,0],[107.702778,-7.0321934,0],[107.7030288,-7.0323371,0],[107.703997,-7.0329155,0]]},"properties":{"name":"Jalan Raya Laswi","styleUrl":"#10673","stroke-opacity":1,"stroke":"#F04B23","stroke-width":4},"id":"10672"},{"type":"Feature","geometry":{"type":"LineString","coordinates":[[107.6809083,-7.0220369,0],[107.680979,-7.0220419,0]]},"properties":{"name":"Jalan Raya Laswi","styleUrl":"#10677","stroke-opacity":1,"stroke":"#F04B23","stroke-width":4},"id":"10676"},{"type":"Feature","geometry":{"type":"LineString","coordinates":[[107.609996,-6.9500355,0],[107.6098084,-6.9494703,0],[107.6097027,-6.9491518,0],[107.6096343,-6.9489457,0],[107.6095822,-6.9487887,0],[107.6095322,-6.9486416,0]]},"properties":{"name":"Jalan Mohammad Toha","styleUrl":"#10681","stroke-opacity":1,"stroke":"#F04B23","stroke-width":4},"id":"10680"},{"type":"Feature","geometry":{"type":"LineString","coordinates":[[107.5952184,-6.9469031,0],[107.5952459,-6.9466699,0],[107.5952669,-6.9462117,0],[107.595271,-6.9461694,0],[107.5952757,-6.9461131,0],[107.5952807,-6.9460535,0],[107.5952859,-6.9459928,0],[107.595295,-6.9458786,0]]},"properties":{"name":"Jalan Leuwi Panjang","styleUrl":"#10685","stroke-opacity":1,"stroke":"#F04B23","stroke-width":4},"id":"10684"},{"type":"Feature","geometry":{"type":"LineString","coordinates":[[107.6604044,-7.0232515,0],[107.6604983,-7.0233061,0]]},"properties":{"name":"Jalan Raya Laswi","styleUrl":"#10689","stroke-opacity":1,"stroke":"#F04B23","stroke-width":4},"id":"10688"},{"type":"Feature","geometry":{"type":"LineString","coordinates":[[107.6577335,-7.0215902,0],[107.6580478,-7.021781,0],[107.6583267,-7.0219549,0],[107.6584177,-7.0220117,0],[107.6585596,-7.0221143,0],[107.6586439,-7.0221677,0],[107.6591009,-7.0224571,0],[107.6593824,-7.0226353,0],[107.6597047,-7.0228358,0],[107.6598962,-7.022952,0],[107.6601033,-7.0230838,0],[107.6603392,-7.0232169,0],[107.6603621,-7.0232302,0],[107.6604044,-7.0232515,0]]},"properties":{"name":"Jalan Raya Laswi","styleUrl":"#10693","stroke-opacity":1,"stroke":"#F04B23","stroke-width":4},"id":"10692"},{"type":"Feature","geometry":{"type":"LineString","coordinates":[[107.6576627,-7.0215425,0],[107.6577335,-7.0215902,0]]},"properties":{"name":"Jalan Raya Laswi","styleUrl":"#10697","stroke-opacity":1,"stroke":"#F04B23","stroke-width":4},"id":"10696"},{"type":"Feature","geometry":{"type":"LineString","coordinates":[[107.6521674,-7.0169218,0],[107.6521754,-7.0169467,0],[107.6521927,-7.0170112,0],[107.6522075,-7.0170839,0],[107.6522143,-7.0171393,0],[107.6522312,-7.0172538,0],[107.6522386,-7.0172925,0],[107.6523673,-7.0179711,0],[107.6523902,-7.018054,0],[107.6524383,-7.0181496,0],[107.6524639,-7.0181815,0],[107.6526823,-7.0183209,0],[107.6533375,-7.0187396,0],[107.6533657,-7.0187569,0],[107.6533932,-7.018775,0],[107.6538276,-7.0190588,0],[107.6539023,-7.0191076,0],[107.6541225,-7.0192514,0],[107.6543196,-7.0193802,0],[107.6550446,-7.0198554,0],[107.6554992,-7.0201513,0],[107.6556946,-7.0202785,0],[107.6557827,-7.020333,0],[107.6560054,-7.0204803,0],[107.6561508,-7.0205716,0],[107.6561693,-7.0205836,0],[107.6563391,-7.0206932,0],[107.6563884,-7.020725,0],[107.6566587,-7.0208996,0],[107.656764,-7.0209665,0],[107.6568112,-7.0209965,0],[107.6568355,-7.0210125,0],[107.656866,-7.0210337,0],[107.6569083,-7.021065,0],[107.6571736,-7.0212268,0],[107.6574987,-7.0214423,0],[107.6576627,-7.0215425,0]]},"properties":{"name":"Jalan Raya Laswi","styleUrl":"#10701","stroke-opacity":1,"stroke":"#F04B23","stroke-width":4},"id":"10700"},{"type":"Feature","geometry":{"type":"LineString","coordinates":[[107.6310419,-6.9935157,0],[107.6309877,-6.9937096,0],[107.6309524,-6.9938605,0],[107.6309343,-6.9939642,0],[107.6308714,-6.9943251,0],[107.6308112,-6.9946948,0],[107.6307767,-6.9949068,0],[107.6307642,-6.9949973,0],[107.6307513,-6.9951191,0],[107.6307466,-6.995583,0],[107.6307627,-6.9957461,0],[107.6308707,-6.9965927,0],[107.6309236,-6.9968209,0],[107.6309996,-6.9971489,0],[107.6310282,-6.9973015,0],[107.6310792,-6.997611,0],[107.6311094,-6.9977754,0],[107.6311198,-6.9978516,0],[107.6311368,-6.9979105,0],[107.6312073,-6.9980755,0],[107.631235,-6.9981448,0],[107.6312562,-6.998198,0],[107.6313266,-6.9983338,0],[107.6314265,-6.9985454,0],[107.6316025,-6.9989284,0],[107.6316216,-6.9989678,0],[107.6316458,-6.9990175,0],[107.6316699,-6.9990672,0],[107.6318386,-6.9995318,0],[107.6318678,-6.9996123,0],[107.6318943,-6.9996808,0],[107.6319395,-6.999798,0],[107.6319033,-7.0000422,0],[107.6318805,-7.0001847,0],[107.6318753,-7.0002118,0],[107.6318593,-7.0002949,0],[107.6316539,-7.001362,0],[107.6316364,-7.0014605,0],[107.6313964,-7.0027517,0],[107.6313132,-7.0032895,0],[107.6312931,-7.0035251,0],[107.6312636,-7.0039683,0],[107.6312603,-7.0040341,0],[107.6312535,-7.004168,0],[107.6312522,-7.0043111,0],[107.6312529,-7.0043683,0],[107.6312562,-7.0044362,0],[107.6312529,-7.0045307,0],[107.6312482,-7.0046066,0],[107.6312405,-7.0048462,0]]},"properties":{"name":"Jalan Terusan Bojongsoang","styleUrl":"#10705","stroke-opacity":1,"stroke":"#F04B23","stroke-width":4},"id":"10704"},{"type":"Feature","geometry":{"type":"LineString","coordinates":[[107.6119023,-6.955933,0],[107.6118666,-6.9558199,0]]},"properties":{"name":"Jalan Mohammad Toha","styleUrl":"#10709","stroke-opacity":1,"stroke":"#F04B23","stroke-width":4},"id":"10708"},{"type":"Feature","geometry":{"type":"LineString","coordinates":[[107.5954936,-6.9372742,0],[107.5953437,-6.9372112,0],[107.5952296,-6.9371632,0]]},"properties":{"name":"Jalan Peta","styleUrl":"#10713","stroke-opacity":1,"stroke":"#F04B23","stroke-width":4},"id":"10712"},{"type":"Feature","geometry":{"type":"LineString","coordinates":[[107.6059365,-6.9375973,0],[107.6055097,-6.9375586,0],[107.604578,-6.9374741,0],[107.604469,-6.9374642,0]]},"properties":{"name":"Jalan Peta","styleUrl":"#10717","stroke-opacity":1,"stroke":"#F04B23","stroke-width":4},"id":"10716"},{"type":"Feature","geometry":{"type":"LineString","coordinates":[[107.6179596,-6.9736256,0],[107.6178299,-6.9732458,0],[107.6177978,-6.9731518,0],[107.6174623,-6.9721692,0],[107.617423,-6.9720542,0],[107.6173961,-6.9719753,0],[107.6173546,-6.9718537,0],[107.6170113,-6.9708485,0],[107.6169765,-6.9707466,0],[107.6169386,-6.9706355,0],[107.6168176,-6.9702811,0],[107.6166991,-6.9699343,0],[107.6165138,-6.9693916,0],[107.6164324,-6.9691531,0],[107.6162581,-6.9686427,0],[107.6162261,-6.968549,0],[107.6162026,-6.9684801,0],[107.6161081,-6.9682033,0],[107.6160722,-6.9680981,0],[107.615939,-6.9677082,0],[107.6158435,-6.9674285,0],[107.6157641,-6.9671958,0],[107.6155875,-6.9666787,0],[107.6155668,-6.9666258,0],[107.6155484,-6.9665641,0],[107.6154548,-6.9662899,0],[107.6152535,-6.9657004,0],[107.615121,-6.9653124,0],[107.615049,-6.9651016,0],[107.6150006,-6.9649599,0],[107.6148467,-6.9645092,0],[107.6147948,-6.9643572,0],[107.6146299,-6.9638886,0],[107.6146073,-6.963808,0],[107.6145303,-6.9635825,0],[107.6144992,-6.9634879,0],[107.6144627,-6.9633845,0],[107.6143394,-6.9630233,0]]},"properties":{"name":"Jalan Dayeuhkolot","styleUrl":"#10721","stroke-opacity":1,"stroke":"#F04B23","stroke-width":4},"id":"10720"},{"type":"Feature","geometry":{"type":"LineString","coordinates":[[107.5937098,-6.9458851,0],[107.5932469,-6.9458124,0]]},"properties":{"name":"Jalur Bus Kota","styleUrl":"#10725","stroke-opacity":1,"stroke":"#F04B23","stroke-width":4},"id":"10724"},{"type":"Feature","geometry":{"type":"LineString","coordinates":[[107.5898972,-6.9453598,0],[107.5898924,-6.9454526,0],[107.5898937,-6.9455017,0],[107.5899025,-6.94555,0],[107.5899197,-6.9455844,0],[107.5899482,-6.9456283,0],[107.5899816,-6.945652,0]]},"properties":{"name":"Route Segment","styleUrl":"#10729","stroke-opacity":1,"stroke":"#F04B23","stroke-width":4},"id":"10728"},{"type":"Feature","geometry":{"type":"LineString","coordinates":[[107.7166222,-7.0363808,0],[107.7170268,-7.0364837,0],[107.7177621,-7.0366747,0],[107.7179583,-7.0367162,0],[107.7180023,-7.0367267,0],[107.7180153,-7.0367298,0],[107.7188245,-7.0369229,0],[107.7198506,-7.0371783,0],[107.7199002,-7.0371982,0],[107.7200403,-7.0372813,0],[107.7205165,-7.0375369,0],[107.7208274,-7.0377057,0],[107.7211069,-7.0378599,0],[107.7213215,-7.0379804,0],[107.721783,-7.0382431,0],[107.7222016,-7.0384551,0],[107.7223079,-7.0385076,0],[107.7224716,-7.0385885,0],[107.722943,-7.0388214,0],[107.7230081,-7.0388576,0],[107.7230671,-7.0388839,0],[107.7234827,-7.0391039,0]]},"properties":{"name":"Jalan Raya Laswi","styleUrl":"#10733","stroke-opacity":1,"stroke":"#F04B23","stroke-width":4},"id":"10732"},{"type":"Feature","geometry":{"type":"LineString","coordinates":[[107.595295,-6.9458786,0],[107.5947542,-6.9458158,0]]},"properties":{"name":"Jalur Masuk Bus","styleUrl":"#10737","stroke-opacity":1,"stroke":"#F04B23","stroke-width":4},"id":"10736"},{"type":"Feature","geometry":{"type":"LineString","coordinates":[[107.5944877,-6.9457804,0],[107.5940855,-6.9457238,0]]},"properties":{"name":"Jalur Bus Kota dan AKAP","styleUrl":"#10741","stroke-opacity":1,"stroke":"#F04B23","stroke-width":4},"id":"10740"},{"type":"Feature","geometry":{"type":"LineString","coordinates":[[107.6076477,-6.9431556,0],[107.6075689,-6.9429228,0],[107.6074989,-6.9427159,0],[107.6074151,-6.942468,0],[107.6074044,-6.9424365,0],[107.6073267,-6.9422067,0],[107.6072871,-6.9420857,0],[107.6072103,-6.9418515,0],[107.6071736,-6.9417393,0],[107.606932,-6.9410019,0],[107.6068982,-6.9408986,0],[107.6067904,-6.9405695,0],[107.6067424,-6.9404231,0],[107.6066617,-6.9401765,0],[107.6066129,-6.9400276,0],[107.6065833,-6.9399373,0],[107.6065081,-6.9397106,0],[107.6064373,-6.939497,0],[107.6063207,-6.9391297,0],[107.6063015,-6.9390693,0],[107.6062885,-6.939027,0],[107.6062755,-6.9389847,0],[107.6062595,-6.9389365,0],[107.6062399,-6.9388618,0],[107.6062007,-6.9387072,0],[107.6061889,-6.9386548,0],[107.6061828,-6.9385203,0],[107.6061749,-6.938344,0]]},"properties":{"name":"Jalan Mohammad Toha","styleUrl":"#10745","stroke-opacity":1,"stroke":"#F04B23","stroke-width":4},"id":"10744"},{"type":"Feature","geometry":{"type":"LineString","coordinates":[[107.5920057,-6.9464327,0],[107.5922205,-6.9465024,0],[107.5923591,-6.9465464,0],[107.5924183,-6.9465651,0],[107.5929217,-6.946706,0],[107.5930626,-6.9467395,0],[107.5934341,-6.9468277,0]]},"properties":{"name":"Jalan Soekarno-Hatta","styleUrl":"#10749","stroke-opacity":1,"stroke":"#F04B23","stroke-width":4},"id":"10748"},{"type":"Feature","geometry":{"type":"LineString","coordinates":[[107.5899816,-6.945652,0],[107.5902641,-6.9457816,0],[107.5904302,-6.9458446,0],[107.5905372,-6.9458885,0]]},"properties":{"name":"Jalan Soekarno-Hatta","styleUrl":"#10753","stroke-opacity":1,"stroke":"#F04B23","stroke-width":4},"id":"10752"},{"type":"Feature","geometry":{"type":"LineString","coordinates":[[107.6143394,-6.9630233,0],[107.6142712,-6.9628213,0],[107.6142065,-6.9626283,0],[107.6140679,-6.9622149,0],[107.6139412,-6.9618372,0],[107.6138864,-6.9616735,0],[107.6138487,-6.9615612,0],[107.6137567,-6.9612851,0],[107.6137443,-6.9612499,0],[107.613571,-6.9607329,0],[107.6135242,-6.9605935,0]]},"properties":{"name":"Jalan Mohammad Toha","styleUrl":"#10757","stroke-opacity":1,"stroke":"#F04B23","stroke-width":4},"id":"10756"},{"type":"Feature","geometry":{"type":"LineString","coordinates":[[107.5899199,-6.9452949,0],[107.5898972,-6.9453598,0]]},"properties":{"name":"Jalan Kyai Haji Wahid Hasyim","styleUrl":"#10761","stroke-opacity":1,"stroke":"#F04B23","stroke-width":4},"id":"10760"},{"type":"Feature","geometry":{"type":"LineString","coordinates":[[107.6093038,-6.9479813,0],[107.6092951,-6.9479579,0],[107.6092415,-6.9478107,0],[107.6091943,-6.9476776,0],[107.6091509,-6.9475613,0],[107.6090997,-6.9474124,0],[107.6090862,-6.9473728,0],[107.6090786,-6.9473503,0],[107.6089872,-6.9470817,0],[107.6087733,-6.946453,0],[107.6086954,-6.946224,0],[107.6086676,-6.9461425,0]]},"properties":{"name":"Jalan Mohammad Toha","styleUrl":"#10765","stroke-opacity":1,"stroke":"#F04B23","stroke-width":4},"id":"10764"},{"type":"Feature","geometry":{"type":"LineString","coordinates":[[107.5934341,-6.9468277,0],[107.5935172,-6.946847,0],[107.5935575,-6.9468564,0],[107.5936688,-6.9468823,0],[107.593986,-6.9469544,0],[107.5940785,-6.9469738,0],[107.5941765,-6.9469938,0],[107.5942182,-6.9470057,0],[107.5946413,-6.947092,0],[107.5946801,-6.9470993,0]]},"properties":{"name":"Jalan Soekarno-Hatta","styleUrl":"#10769","stroke-opacity":1,"stroke":"#F04B23","stroke-width":4},"id":"10768"},{"type":"Feature","geometry":{"type":"LineString","coordinates":[[107.5937479,-6.9458174,0],[107.5937354,-6.9458345,0],[107.5937192,-6.9458627,0],[107.5937098,-6.9458851,0]]},"properties":{"name":"Jalur Bus Kota","styleUrl":"#10773","stroke-opacity":1,"stroke":"#F04B23","stroke-width":4},"id":"10772"},{"type":"Feature","geometry":{"type":"LineString","coordinates":[[107.5940315,-6.9457129,0],[107.5939798,-6.9457037,0]]},"properties":{"name":"Jalur Bus Kota dan AKAP","styleUrl":"#10777","stroke-opacity":1,"stroke":"#F04B23","stroke-width":4},"id":"10776"},{"type":"Feature","geometry":{"type":"LineString","coordinates":[[107.5939798,-6.9457037,0],[107.5938573,-6.9457504,0],[107.5938167,-6.9457793,0],[107.5937687,-6.9458089,0],[107.5937479,-6.9458174,0]]},"properties":{"name":"Route Segment","styleUrl":"#10781","stroke-opacity":1,"stroke":"#F04B23","stroke-width":4},"id":"10780"},{"type":"Feature","geometry":{"type":"LineString","coordinates":[[107.5940855,-6.9457238,0],[107.5940315,-6.9457129,0]]},"properties":{"name":"Jalur Bus Kota dan AKAP","styleUrl":"#10785","stroke-opacity":1,"stroke":"#F04B23","stroke-width":4},"id":"10784"},{"type":"Feature","geometry":{"type":"LineString","coordinates":[[107.5947542,-6.9458158,0],[107.5946724,-6.9458045,0],[107.5944877,-6.9457804,0]]},"properties":{"name":"Jalur Bus Kota dan AKAP","styleUrl":"#10789","stroke-opacity":1,"stroke":"#F04B23","stroke-width":4},"id":"10788"},{"type":"Feature","geometry":{"type":"LineString","coordinates":[[107.6118666,-6.9558199,0],[107.6118443,-6.955745,0],[107.6118189,-6.9556789,0],[107.6117909,-6.9555998,0]]},"properties":{"name":"Jalan Mohammad Toha","styleUrl":"#10793","stroke-opacity":1,"stroke":"#F04B23","stroke-width":4},"id":"10792"},{"type":"Feature","geometry":{"type":"LineString","coordinates":[[107.6270195,-6.9861916,0],[107.6265321,-6.9862119,0]]},"properties":{"name":"Jalan Bojongsoang","styleUrl":"#10797","stroke-opacity":1,"stroke":"#F04B23","stroke-width":4},"id":"10796"},{"type":"Feature","geometry":{"type":"LineString","coordinates":[[107.7132426,-7.0357112,0],[107.713347,-7.0357328,0]]},"properties":{"name":"Jalan Raya Laswi","styleUrl":"#10801","stroke-opacity":1,"stroke":"#F04B23","stroke-width":4},"id":"10800"},{"type":"Feature","geometry":{"type":"LineString","coordinates":[[107.759761,-7.0479959,0],[107.7597977,-7.0478069,0],[107.7598064,-7.0477936,0],[107.7598165,-7.0477883,0],[107.7598302,-7.0477863,0],[107.7598725,-7.0477914,0]]},"properties":{"name":"Route Segment","styleUrl":"#10805","stroke-opacity":1,"stroke":"#F04B23","stroke-width":4},"id":"10804"},{"type":"Feature","geometry":{"type":"LineString","coordinates":[[107.7515157,-7.0506389,0],[107.7519681,-7.0506716,0]]},"properties":{"name":"Jalan Raya Laswi","styleUrl":"#10809","stroke-opacity":1,"stroke":"#F04B23","stroke-width":4},"id":"10808"}]}