{
  "type": "FeatureCollection",
  "features": [
    {
      "type": "Feature",
      "geometry": {
        "type": "Point",
        "coordinates": [
          107.5720549,
          -6.9155598,
          0
        ]
      },
      "properties": {
        "name": "Optik Krida",
        "styleUrl": "#5315",
        "styleHash": "-7777fc4e"
      },
      "id": "5314"
    },
    {
      "type": "Feature",
      "geometry": {
        "type": "Point",
        "coordinates": [
          107.4901266,
          -6.8567205,
          0
        ]
      },
      "properties": {
        "name": "Bale Pare B",
        "styleUrl": "#5320",
        "styleHash": "-10fa4674"
      },
      "id": "5319"
    },
    {
      "type": "Feature",
      "geometry": {
        "type": "Point",
        "coordinates": [
          107.502934,
          -6.8630015,
          0
        ]
      },
      "properties": {
        "name": "RS Karisma Cimareme B",
        "styleUrl": "#5325",
        "styleHash": "-4230de8f"
      },
      "id": "5324"
    },
    {
      "type": "Feature",
      "geometry": {
        "type": "Point",
        "coordinates": [
          107.5100491,
          -6.8634203,
          0
        ]
      },
      "properties": {
        "name": "RS IMC B",
        "styleUrl": "#5330",
        "styleHash": "244cd74b"
      },
      "id": "5329"
    },
    {
      "type": "Feature",
      "geometry": {
        "type": "Point",
        "coordinates": [
          107.5260715,
          -6.8684195,
          0
        ]
      },
      "properties": {
        "name": "Padasuka Indah B",
        "styleUrl": "#5335",
        "styleHash": "-ce9c0d0"
      },
      "id": "5334"
    },
    {
      "type": "Feature",
      "geometry": {
        "type": "Point",
        "coordinates": [
          107.531878,
          -6.8687794,
          0
        ]
      },
      "properties": {
        "name": "Ranca Belut B",
        "styleUrl": "#5340",
        "styleHash": "5993f50a"
      },
      "id": "5339"
    },
    {
      "type": "Feature",
      "geometry": {
        "type": "Point",
        "coordinates": [
          107.5364884,
          -6.8704594,
          0
        ]
      },
      "properties": {
        "name": "PLN Cisangkan B",
        "styleUrl": "#5345",
        "styleHash": "285d5cef"
      },
      "id": "5344"
    },
    {
      "type": "Feature",
      "geometry": {
        "type": "Point",
        "coordinates": [
          107.5417036,
          -6.8799337,
          0
        ]
      },
      "properties": {
        "name": "Gedung 4",
        "styleUrl": "#5350",
        "styleHash": "-7124ed37"
      },
      "id": "5349"
    },
    {
      "type": "Feature",
      "geometry": {
        "type": "Point",
        "coordinates": [
          107.5452289,
          -6.8772766,
          0
        ]
      },
      "properties": {
        "name": "SMPN 6 Cimahi",
        "styleUrl": "#5355",
        "styleHash": "5da47aae"
      },
      "id": "5354"
    },
    {
      "type": "Feature",
      "geometry": {
        "type": "Point",
        "coordinates": [
          107.5503366,
          -6.8796404,
          0
        ]
      },
      "properties": {
        "name": "RSUD Cibabat B",
        "styleUrl": "#5360",
        "styleHash": "-3bddcf78"
      },
      "id": "5359"
    },
    {
      "type": "Feature",
      "geometry": {
        "type": "Point",
        "coordinates": [
          107.6071455,
          -6.9211653,
          0
        ]
      },
      "properties": {
        "name": "Alun-Alun Bandung",
        "styleUrl": "#5365",
        "styleHash": "-6d146793"
      },
      "id": "5364"
    },
    {
      "type": "Feature",
      "geometry": {
        "type": "Point",
        "coordinates": [
          107.597515,
          -6.9200243,
          0
        ]
      },
      "properties": {
        "name": "GKI Anugerah",
        "styleUrl": "#5370",
        "styleHash": "-696b1b9"
      },
      "id": "5369"
    },
    {
      "type": "Feature",
      "geometry": {
        "type": "Point",
        "coordinates": [
          107.6020569,
          -6.9205571,
          0
        ]
      },
      "properties": {
        "name": "KEB Hana Bank",
        "styleUrl": "#5375",
        "styleHash": "-37cd49d4"
      },
      "id": "5374"
    },
    {
      "type": "Feature",
      "geometry": {
        "type": "Point",
        "coordinates": [
          107.591747,
          -6.9193345,
          0
        ]
      },
      "properties": {
        "name": "Mayapada Tower",
        "styleUrl": "#5380",
        "styleHash": "2eb06c06"
      },
      "id": "5379"
    },
    {
      "type": "Feature",
      "geometry": {
        "type": "Point",
        "coordinates": [
          107.5855198,
          -6.9186067,
          0
        ]
      },
      "properties": {
        "name": "Toko Ambon",
        "styleUrl": "#5385",
        "styleHash": "-2862c15"
      },
      "id": "5384"
    },
    {
      "type": "Feature",
      "geometry": {
        "type": "Point",
        "coordinates": [
          107.5771136,
          -6.9176018,
          0
        ]
      },
      "properties": {
        "name": "Kemenag Kanwil Jabar",
        "styleUrl": "#5390",
        "styleHash": "63f789c5"
      },
      "id": "5389"
    },
    {
      "type": "Feature",
      "geometry": {
        "type": "Point",
        "coordinates": [
          107.5696333,
          -6.9115004,
          0
        ]
      },
      "properties": {
        "name": "Sudirman 3",
        "styleUrl": "#5395",
        "styleHash": "32c0f1aa"
      },
      "id": "5394"
    },
    {
      "type": "Feature",
      "geometry": {
        "type": "Point",
        "coordinates": [
          107.4986734,
          -6.8574856,
          0
        ]
      },
      "properties": {
        "name": "STEI LPPM B",
        "styleUrl": "#5400",
        "styleHash": "-7ebe7d1"
      },
      "id": "5399"
    },
    {
      "type": "Feature",
      "geometry": {
        "type": "Point",
        "coordinates": [
          107.5191264,
          -6.8676288,
          0
        ]
      },
      "properties": {
        "name": "Masjid Ar Ridwan B",
        "styleUrl": "#5405",
        "styleHash": "-39227fec"
      },
      "id": "5404"
    },
    {
      "type": "Feature",
      "geometry": {
        "type": "Point",
        "coordinates": [
          107.5406762,
          -6.8759934,
          0
        ]
      },
      "properties": {
        "name": "Buana",
        "styleUrl": "#5410",
        "styleHash": "2d5b35ee"
      },
      "id": "5409"
    },
    {
      "type": "Feature",
      "geometry": {
        "type": "Point",
        "coordinates": [
          107.5528472,
          -6.8837408,
          0
        ]
      },
      "properties": {
        "name": "RS Mitra Kasih",
        "styleUrl": "#5415",
        "styleHash": "-3db622d"
      },
      "id": "5414"
    },
    {
      "type": "Feature",
      "geometry": {
        "type": "Point",
        "coordinates": [
          107.5579997,
          -6.8923353,
          0
        ]
      },
      "properties": {
        "name": "Cilembar",
        "styleUrl": "#5420",
        "styleHash": "62a253ad"
      },
      "id": "5419"
    },
    {
      "type": "Feature",
      "geometry": {
        "type": "Point",
        "coordinates": [
          107.5647281,
          -6.9033981,
          0
        ]
      },
      "properties": {
        "name": "SMAN 13 Bandung B",
        "styleUrl": "#5425",
        "styleHash": "316bbb92"
      },
      "id": "5424"
    },
    {
      "type": "Feature",
      "geometry": {
        "type": "Point",
        "coordinates": [
          107.5664877,
          -6.9063062,
          0
        ]
      },
      "properties": {
        "name": "Kebon Kopi",
        "styleUrl": "#5430",
        "styleHash": "-68168e94"
      },
      "id": "5429"
    },
    {
      "type": "Feature",
      "geometry": {
        "type": "Point",
        "coordinates": [
          107.4738005,
          -6.8665457,
          0
        ]
      },
      "properties": {
        "name": "Tatar Pitaloka (Parahyangan Selatan)",
        "styleUrl": "#5435",
        "styleHash": "66b2d951"
      },
      "id": "5434"
    },
    {
      "type": "Feature",
      "geometry": {
        "type": "Point",
        "coordinates": [
          107.4815775,
          -6.8612441,
          0
        ]
      },
      "properties": {
        "name": "Tatar Wangsakerta B",
        "styleUrl": "#5440",
        "styleHash": "-32cf70d5"
      },
      "id": "5439"
    },
    {
      "type": "Feature",
      "geometry": {
        "type": "Point",
        "coordinates": [
          107.4782844,
          -6.865168,
          0
        ]
      },
      "properties": {
        "name": "Parahyangan Utara B",
        "styleUrl": "#5445",
        "styleHash": "-640608f0"
      },
      "id": "5444"
    },
    {
      "type": "Feature",
      "geometry": {
        "type": "Point",
        "coordinates": [
          107.4668097,
          -6.8663512,
          0
        ]
      },
      "properties": {
        "name": "IKEA Kota Baru Parahyangan",
        "styleUrl": "#5450",
        "styleHash": "277acea"
      },
      "id": "5449"
    },
    {
      "type": "Feature",
      "geometry": {
        "type": "LineString",
        "coordinates": [
          [
            107.6040992,
            -6.9208034,
            0
          ],
          [
            107.6038238,
            -6.9207677,
            0
          ],
          [
            107.6034762,
            -6.9207227,
            0
          ],
          [
            107.6031329,
            -6.9206812,
            0
          ],
          [
            107.6022243,
            -6.92058,
            0
          ]
        ]
      },
      "properties": {
        "name": "Jalan Jendral Sudirman",
        "styleUrl": "#5455",
        "styleHash": "13a5ac68",
        "stroke": "#ED1C24",
        "stroke-opacity": 1,
        "stroke-width": 4
      },
      "id": "5454"
    },
    {
      "type": "Feature",
      "geometry": {
        "type": "LineString",
        "coordinates": [
          [
            107.5741991,
            -6.9172935,
            0
          ],
          [
            107.5741057,
            -6.9172433,
            0
          ],
          [
            107.5739928,
            -6.9171937,
            0
          ],
          [
            107.5739676,
            -6.9171826,
            0
          ],
          [
            107.5739351,
            -6.917172,
            0
          ],
          [
            107.5737577,
            -6.9170672,
            0
          ],
          [
            107.57361,
            -6.916953,
            0
          ],
          [
            107.5735023,
            -6.9168687,
            0
          ],
          [
            107.5731624,
            -6.916607,
            0
          ],
          [
            107.5730285,
            -6.9164995,
            0
          ],
          [
            107.5725721,
            -6.916133,
            0
          ]
        ]
      },
      "properties": {
        "name": "Jalan Jenderal Sudirman",
        "styleUrl": "#5459",
        "styleHash": "2894802b",
        "stroke": "#ED1C24",
        "stroke-opacity": 1,
        "stroke-width": 4
      },
      "id": "5458"
    },
    {
      "type": "Feature",
      "geometry": {
        "type": "LineString",
        "coordinates": [
          [
            107.4844613,
            -6.8592048,
            0
          ],
          [
            107.4843771,
            -6.8591886,
            0
          ],
          [
            107.4843181,
            -6.8591899,
            0
          ],
          [
            107.4842507,
            -6.8592074,
            0
          ],
          [
            107.4841467,
            -6.8592563,
            0
          ],
          [
            107.4839497,
            -6.8593834,
            0
          ],
          [
            107.4838114,
            -6.8594726,
            0
          ],
          [
            107.4834444,
            -6.8597299,
            0
          ],
          [
            107.4832184,
            -6.8598823,
            0
          ],
          [
            107.4829814,
            -6.8600506,
            0
          ],
          [
            107.4827475,
            -6.8602353,
            0
          ],
          [
            107.4823409,
            -6.860562,
            0
          ],
          [
            107.4819824,
            -6.860872,
            0
          ],
          [
            107.4818837,
            -6.8609628,
            0
          ],
          [
            107.4816193,
            -6.861206,
            0
          ],
          [
            107.4815775,
            -6.8612441,
            0
          ],
          [
            107.4813933,
            -6.8614119,
            0
          ],
          [
            107.4813249,
            -6.8614742,
            0
          ],
          [
            107.4811969,
            -6.8615991,
            0
          ],
          [
            107.4810131,
            -6.8617692,
            0
          ],
          [
            107.4808213,
            -6.8619538,
            0
          ],
          [
            107.4806464,
            -6.8621116,
            0
          ],
          [
            107.4805321,
            -6.862234,
            0
          ],
          [
            107.4804538,
            -6.8623138,
            0
          ],
          [
            107.4803884,
            -6.8623796,
            0
          ],
          [
            107.4802647,
            -6.862522,
            0
          ],
          [
            107.4801983,
            -6.8626059,
            0
          ],
          [
            107.4801124,
            -6.8627206,
            0
          ],
          [
            107.4800417,
            -6.8628164,
            0
          ],
          [
            107.4798985,
            -6.8630117,
            0
          ],
          [
            107.4797441,
            -6.8632278,
            0
          ],
          [
            107.4795511,
            -6.8634814,
            0
          ],
          [
            107.4793841,
            -6.8637028,
            0
          ],
          [
            107.4793117,
            -6.8637987,
            0
          ],
          [
            107.479096,
            -6.8640963,
            0
          ],
          [
            107.4787391,
            -6.8645886,
            0
          ],
          [
            107.4783619,
            -6.8650692,
            0
          ],
          [
            107.4782844,
            -6.865168,
            0
          ],
          [
            107.4780592,
            -6.8654451,
            0
          ],
          [
            107.4779735,
            -6.8655351,
            0
          ],
          [
            107.4779258,
            -6.8655758,
            0
          ],
          [
            107.4777507,
            -6.8656956,
            0
          ],
          [
            107.4775943,
            -6.8657819,
            0
          ],
          [
            107.4772526,
            -6.8659122,
            0
          ],
          [
            107.4770978,
            -6.8659503,
            0
          ]
        ]
      },
      "properties": {
        "name": "Jalan Parahyangan",
        "styleUrl": "#5463",
        "styleHash": "3ca7a12e",
        "stroke": "#ED1C24",
        "stroke-opacity": 1,
        "stroke-width": 4
      },
      "id": "5462"
    },
    {
      "type": "Feature",
      "geometry": {
        "type": "LineString",
        "coordinates": [
          [
            107.4764906,
            -6.8660919,
            0
          ],
          [
            107.4760503,
            -6.8661814,
            0
          ],
          [
            107.4758131,
            -6.8662008,
            0
          ],
          [
            107.4752662,
            -6.8662456,
            0
          ],
          [
            107.4752463,
            -6.8662477,
            0
          ],
          [
            107.4749505,
            -6.8662547,
            0
          ],
          [
            107.4747528,
            -6.8662824,
            0
          ],
          [
            107.4745355,
            -6.8663356,
            0
          ],
          [
            107.4743769,
            -6.8663823,
            0
          ],
          [
            107.4742297,
            -6.8664256,
            0
          ],
          [
            107.4741165,
            -6.8664584,
            0
          ],
          [
            107.4738005,
            -6.8665457,
            0
          ],
          [
            107.4733795,
            -6.866662,
            0
          ],
          [
            107.4732314,
            -6.8667011,
            0
          ],
          [
            107.4731329,
            -6.8667115,
            0
          ],
          [
            107.4728191,
            -6.8667448,
            0
          ],
          [
            107.4727802,
            -6.8667489,
            0
          ],
          [
            107.4727473,
            -6.8667463,
            0
          ],
          [
            107.472457,
            -6.8667231,
            0
          ],
          [
            107.4722222,
            -6.8666793,
            0
          ],
          [
            107.4714992,
            -6.8665354,
            0
          ],
          [
            107.4709936,
            -6.8664781,
            0
          ],
          [
            107.4705404,
            -6.8664688,
            0
          ],
          [
            107.4699717,
            -6.8664623,
            0
          ],
          [
            107.4698331,
            -6.8664607,
            0
          ]
        ]
      },
      "properties": {
        "name": "Jalan Parahyangan",
        "styleUrl": "#5467",
        "styleHash": "-77117ada",
        "stroke": "#ED1C24",
        "stroke-opacity": 1,
        "stroke-width": 4
      },
      "id": "5466"
    },
    {
      "type": "Feature",
      "geometry": {
        "type": "LineString",
        "coordinates": [
          [
            107.4686667,
            -6.8664634,
            0
          ],
          [
            107.4685268,
            -6.8664582,
            0
          ],
          [
            107.4684229,
            -6.8664543,
            0
          ],
          [
            107.4683101,
            -6.8664501,
            0
          ],
          [
            107.467723,
            -6.8663648,
            0
          ],
          [
            107.467251,
            -6.8662533,
            0
          ]
        ]
      },
      "properties": {
        "name": "Jalan Parahyangan",
        "styleUrl": "#5471",
        "styleHash": "65a995f4",
        "stroke": "#ED1C24",
        "stroke-opacity": 1,
        "stroke-width": 4
      },
      "id": "5470"
    },
    {
      "type": "Feature",
      "geometry": {
        "type": "LineString",
        "coordinates": [
          [
            107.4698331,
            -6.8664607,
            0
          ],
          [
            107.469214,
            -6.8664584,
            0
          ]
        ]
      },
      "properties": {
        "name": "Jalan Parahyangan",
        "styleUrl": "#5475",
        "styleHash": "-4e0f8614",
        "stroke": "#ED1C24",
        "stroke-opacity": 1,
        "stroke-width": 4
      },
      "id": "5474"
    },
    {
      "type": "Feature",
      "geometry": {
        "type": "LineString",
        "coordinates": [
          [
            107.4770978,
            -6.8659503,
            0
          ],
          [
            107.4764906,
            -6.8660919,
            0
          ]
        ]
      },
      "properties": {
        "name": "Jalan Parahyangan",
        "styleUrl": "#5479",
        "styleHash": "-3920b251",
        "stroke": "#ED1C24",
        "stroke-opacity": 1,
        "stroke-width": 4
      },
      "id": "5478"
    },
    {
      "type": "Feature",
      "geometry": {
        "type": "LineString",
        "coordinates": [
          [
            107.5429927,
            -6.8805087,
            0
          ],
          [
            107.5426354,
            -6.8803397,
            0
          ],
          [
            107.542425,
            -6.8802474,
            0
          ],
          [
            107.5421995,
            -6.8801488,
            0
          ],
          [
            107.5420171,
            -6.8800697,
            0
          ],
          [
            107.5417036,
            -6.8799337,
            0
          ],
          [
            107.5411346,
            -6.8796867,
            0
          ],
          [
            107.54109,
            -6.8796691,
            0
          ],
          [
            107.540645,
            -6.8794767,
            0
          ],
          [
            107.5405892,
            -6.8794522,
            0
          ],
          [
            107.540539,
            -6.8794301,
            0
          ]
        ]
      },
      "properties": {
        "name": "Jalan Gandawijaya",
        "styleUrl": "#5483",
        "styleHash": "-250d914e",
        "stroke": "#ED1C24",
        "stroke-opacity": 1,
        "stroke-width": 4
      },
      "id": "5482"
    },
    {
      "type": "Feature",
      "geometry": {
        "type": "LineString",
        "coordinates": [
          [
            107.5616845,
            -6.8983006,
            0
          ],
          [
            107.5589596,
            -6.8938395,
            0
          ]
        ]
      },
      "properties": {
        "name": "Jalan Layang Cimindi",
        "styleUrl": "#5487",
        "styleHash": "273952aa",
        "stroke": "#ED1C24",
        "stroke-opacity": 1,
        "stroke-width": 4
      },
      "id": "5486"
    },
    {
      "type": "Feature",
      "geometry": {
        "type": "LineString",
        "coordinates": [
          [
            107.5432961,
            -6.8803887,
            0
          ],
          [
            107.5432343,
            -6.8804621,
            0
          ],
          [
            107.5432089,
            -6.8804808,
            0
          ],
          [
            107.5431878,
            -6.8804948,
            0
          ],
          [
            107.5431612,
            -6.8805057,
            0
          ],
          [
            107.5431246,
            -6.8805142,
            0
          ],
          [
            107.5430651,
            -6.8805146,
            0
          ],
          [
            107.5429927,
            -6.8805087,
            0
          ]
        ]
      },
      "properties": {
        "name": "Jalan Gandawijaya",
        "styleUrl": "#5491",
        "styleHash": "3f46378",
        "stroke": "#ED1C24",
        "stroke-opacity": 1,
        "stroke-width": 4
      },
      "id": "5490"
    },
    {
      "type": "Feature",
      "geometry": {
        "type": "LineString",
        "coordinates": [
          [
            107.5156622,
            -6.866132,
            0
          ],
          [
            107.5160919,
            -6.8663299,
            0
          ]
        ]
      },
      "properties": {
        "name": "Route Segment",
        "styleUrl": "#5495",
        "styleHash": "503b4770",
        "stroke": "#ED1C24",
        "stroke-opacity": 1,
        "stroke-width": 4
      },
      "id": "5494"
    },
    {
      "type": "Feature",
      "geometry": {
        "type": "LineString",
        "coordinates": [
          [
            107.5169868,
            -6.8667469,
            0
          ],
          [
            107.5172135,
            -6.866858,
            0
          ],
          [
            107.5174342,
            -6.8669686,
            0
          ],
          [
            107.5176534,
            -6.8670757,
            0
          ],
          [
            107.5178625,
            -6.8671767,
            0
          ],
          [
            107.5179976,
            -6.8672401,
            0
          ],
          [
            107.5183058,
            -6.8673783,
            0
          ],
          [
            107.5183672,
            -6.8673963,
            0
          ],
          [
            107.5185528,
            -6.8674486,
            0
          ],
          [
            107.5190095,
            -6.8675906,
            0
          ],
          [
            107.5190798,
            -6.8676144,
            0
          ],
          [
            107.5191264,
            -6.8676288,
            0
          ],
          [
            107.5191731,
            -6.8676432,
            0
          ],
          [
            107.5195447,
            -6.8677576,
            0
          ],
          [
            107.5196849,
            -6.8678007,
            0
          ],
          [
            107.5200389,
            -6.8679097,
            0
          ],
          [
            107.5201726,
            -6.8679508,
            0
          ],
          [
            107.5207876,
            -6.868147,
            0
          ],
          [
            107.5208297,
            -6.8681604,
            0
          ],
          [
            107.5209164,
            -6.8681885,
            0
          ],
          [
            107.5212073,
            -6.8682829,
            0
          ],
          [
            107.521271,
            -6.8683036,
            0
          ],
          [
            107.5214983,
            -6.8683763,
            0
          ],
          [
            107.5216087,
            -6.8684028,
            0
          ],
          [
            107.5217268,
            -6.8684273,
            0
          ],
          [
            107.521842,
            -6.8684414,
            0
          ],
          [
            107.5220823,
            -6.8684515,
            0
          ]
        ]
      },
      "properties": {
        "name": "Route Segment",
        "styleUrl": "#5499",
        "styleHash": "-4e7fdb38",
        "stroke": "#ED1C24",
        "stroke-opacity": 1,
        "stroke-width": 4
      },
      "id": "5498"
    },
    {
      "type": "Feature",
      "geometry": {
        "type": "LineString",
        "coordinates": [
          [
            107.6021351,
            -6.9205669,
            0
          ],
          [
            107.6020569,
            -6.9205571,
            0
          ],
          [
            107.6018937,
            -6.9205368,
            0
          ],
          [
            107.6018076,
            -6.9205271,
            0
          ],
          [
            107.6012351,
            -6.9204588,
            0
          ],
          [
            107.6009586,
            -6.9204246,
            0
          ],
          [
            107.6006489,
            -6.9203915,
            0
          ],
          [
            107.6005032,
            -6.9203759,
            0
          ],
          [
            107.5997986,
            -6.9202943,
            0
          ]
        ]
      },
      "properties": {
        "name": "Jalan Jendral Sudirman",
        "styleUrl": "#5503",
        "styleHash": "-8b155e0",
        "stroke": "#ED1C24",
        "stroke-opacity": 1,
        "stroke-width": 4
      },
      "id": "5502"
    },
    {
      "type": "Feature",
      "geometry": {
        "type": "LineString",
        "coordinates": [
          [
            107.595636,
            -6.9198002,
            0
          ],
          [
            107.5954814,
            -6.9197817,
            0
          ],
          [
            107.595137,
            -6.9197405,
            0
          ],
          [
            107.5949756,
            -6.9197212,
            0
          ],
          [
            107.59453,
            -6.9196678,
            0
          ],
          [
            107.5938915,
            -6.9195913,
            0
          ],
          [
            107.5937417,
            -6.9195734,
            0
          ],
          [
            107.5936429,
            -6.9195616,
            0
          ],
          [
            107.593036,
            -6.9194889,
            0
          ],
          [
            107.5929308,
            -6.9194769,
            0
          ]
        ]
      },
      "properties": {
        "name": "Jalan Jendral Sudirman",
        "styleUrl": "#5507",
        "styleHash": "43958e18",
        "stroke": "#ED1C24",
        "stroke-opacity": 1,
        "stroke-width": 4
      },
      "id": "5506"
    },
    {
      "type": "Feature",
      "geometry": {
        "type": "LineString",
        "coordinates": [
          [
            107.5766159,
            -6.9175515,
            0
          ],
          [
            107.5762592,
            -6.9175155,
            0
          ],
          [
            107.5760342,
            -6.9174893,
            0
          ],
          [
            107.5757932,
            -6.9174613,
            0
          ],
          [
            107.5756139,
            -6.9174409,
            0
          ],
          [
            107.5754537,
            -6.9174221,
            0
          ],
          [
            107.5751233,
            -6.9173833,
            0
          ],
          [
            107.5750142,
            -6.9173706,
            0
          ],
          [
            107.5747901,
            -6.9173287,
            0
          ],
          [
            107.5747047,
            -6.9173134,
            0
          ],
          [
            107.5746765,
            -6.9173067,
            0
          ],
          [
            107.5745601,
            -6.9172787,
            0
          ]
        ]
      },
      "properties": {
        "name": "Jalan Jenderal Sudirman",
        "styleUrl": "#5511",
        "styleHash": "20509ee6",
        "stroke": "#ED1C24",
        "stroke-opacity": 1,
        "stroke-width": 4
      },
      "id": "5510"
    },
    {
      "type": "Feature",
      "geometry": {
        "type": "LineString",
        "coordinates": [
          [
            107.5901341,
            -6.9191414,
            0
          ],
          [
            107.5889921,
            -6.9190081,
            0
          ],
          [
            107.5888501,
            -6.9189911,
            0
          ],
          [
            107.5883775,
            -6.9189333,
            0
          ],
          [
            107.5882729,
            -6.9189215,
            0
          ],
          [
            107.5879773,
            -6.9188869,
            0
          ],
          [
            107.5875333,
            -6.9188349,
            0
          ],
          [
            107.5874451,
            -6.9188238,
            0
          ],
          [
            107.5872953,
            -6.9188049,
            0
          ],
          [
            107.587156,
            -6.9187886,
            0
          ],
          [
            107.5869433,
            -6.9187744,
            0
          ]
        ]
      },
      "properties": {
        "name": "Jalan Jendral Sudirman",
        "styleUrl": "#5515",
        "styleHash": "6c9782de",
        "stroke": "#ED1C24",
        "stroke-opacity": 1,
        "stroke-width": 4
      },
      "id": "5514"
    },
    {
      "type": "Feature",
      "geometry": {
        "type": "LineString",
        "coordinates": [
          [
            107.5811963,
            -6.9181036,
            0
          ],
          [
            107.5798738,
            -6.9179273,
            0
          ],
          [
            107.5792897,
            -6.9178494,
            0
          ],
          [
            107.5791704,
            -6.917834,
            0
          ],
          [
            107.5789433,
            -6.9178048,
            0
          ],
          [
            107.5788599,
            -6.9177946,
            0
          ],
          [
            107.5784306,
            -6.9177423,
            0
          ],
          [
            107.5782874,
            -6.9177239,
            0
          ],
          [
            107.5781061,
            -6.9177006,
            0
          ]
        ]
      },
      "properties": {
        "name": "Jalan Jendral Sudirman",
        "styleUrl": "#5519",
        "styleHash": "-7e79a95f",
        "stroke": "#ED1C24",
        "stroke-opacity": 1,
        "stroke-width": 4
      },
      "id": "5518"
    },
    {
      "type": "Feature",
      "geometry": {
        "type": "LineString",
        "coordinates": [
          [
            107.6064546,
            -6.9210818,
            0
          ],
          [
            107.6059289,
            -6.9210206,
            0
          ],
          [
            107.6050735,
            -6.9209188,
            0
          ],
          [
            107.6042519,
            -6.9208229,
            0
          ],
          [
            107.6042261,
            -6.9208199,
            0
          ],
          [
            107.6040992,
            -6.9208034,
            0
          ]
        ]
      },
      "properties": {
        "name": "Jalan Asia Afrika",
        "styleUrl": "#5523",
        "styleHash": "-6a66885c",
        "stroke": "#ED1C24",
        "stroke-opacity": 1,
        "stroke-width": 4
      },
      "id": "5522"
    },
    {
      "type": "Feature",
      "geometry": {
        "type": "LineString",
        "coordinates": [
          [
            107.4971663,
            -6.851555,
            0
          ],
          [
            107.4969746,
            -6.8514085,
            0
          ],
          [
            107.4968492,
            -6.8513115,
            0
          ],
          [
            107.4967542,
            -6.8512441,
            0
          ],
          [
            107.4966845,
            -6.8511983,
            0
          ],
          [
            107.4964572,
            -6.8510514,
            0
          ],
          [
            107.4964375,
            -6.8510397,
            0
          ],
          [
            107.4964198,
            -6.8510316,
            0
          ],
          [
            107.4964035,
            -6.8510262,
            0
          ],
          [
            107.4963876,
            -6.8510228,
            0
          ],
          [
            107.4963709,
            -6.8510211,
            0
          ],
          [
            107.4963507,
            -6.8510217,
            0
          ],
          [
            107.4963301,
            -6.8510254,
            0
          ],
          [
            107.4963132,
            -6.8510299,
            0
          ],
          [
            107.4962963,
            -6.8510362,
            0
          ],
          [
            107.4962787,
            -6.8510449,
            0
          ],
          [
            107.4962614,
            -6.8510578,
            0
          ],
          [
            107.4962484,
            -6.8510712,
            0
          ],
          [
            107.4962343,
            -6.85109,
            0
          ],
          [
            107.4962221,
            -6.8511106,
            0
          ],
          [
            107.4962098,
            -6.8511338,
            0
          ],
          [
            107.4961976,
            -6.8511597,
            0
          ],
          [
            107.4961619,
            -6.8512443,
            0
          ],
          [
            107.4961444,
            -6.8512857,
            0
          ]
        ]
      },
      "properties": {
        "name": "Jalan Raya Padalarang",
        "styleUrl": "#5527",
        "styleHash": "-1e1fa464",
        "stroke": "#ED1C24",
        "stroke-opacity": 1,
        "stroke-width": 4
      },
      "id": "5526"
    },
    {
      "type": "Feature",
      "geometry": {
        "type": "LineString",
        "coordinates": [
          [
            107.5708773,
            -6.9135594,
            0
          ],
          [
            107.5707008,
            -6.9132508,
            0
          ],
          [
            107.5705747,
            -6.9130517,
            0
          ],
          [
            107.5703429,
            -6.9126894,
            0
          ]
        ]
      },
      "properties": {
        "name": "Jalan Jenderal Sudirman",
        "styleUrl": "#5531",
        "styleHash": "-41649396",
        "stroke": "#ED1C24",
        "stroke-opacity": 1,
        "stroke-width": 4
      },
      "id": "5530"
    },
    {
      "type": "Feature",
      "geometry": {
        "type": "LineString",
        "coordinates": [
          [
            107.5584996,
            -6.89319,
            0
          ],
          [
            107.5583845,
            -6.8929942,
            0
          ],
          [
            107.5582968,
            -6.8928484,
            0
          ],
          [
            107.5582471,
            -6.892759,
            0
          ],
          [
            107.558126,
            -6.8925411,
            0
          ],
          [
            107.5580399,
            -6.8924036,
            0
          ],
          [
            107.5580255,
            -6.8923792,
            0
          ],
          [
            107.5579997,
            -6.8923353,
            0
          ],
          [
            107.5578961,
            -6.8921589,
            0
          ],
          [
            107.557751,
            -6.8919043,
            0
          ],
          [
            107.5575682,
            -6.8915839,
            0
          ],
          [
            107.557194,
            -6.8909422,
            0
          ],
          [
            107.5571049,
            -6.8907999,
            0
          ],
          [
            107.5566781,
            -6.8901125,
            0
          ],
          [
            107.5566284,
            -6.8900246,
            0
          ],
          [
            107.556216,
            -6.8893169,
            0
          ],
          [
            107.5561597,
            -6.8892257,
            0
          ],
          [
            107.5556811,
            -6.8884444,
            0
          ],
          [
            107.555643,
            -6.8883823,
            0
          ]
        ]
      },
      "properties": {
        "name": "Jalan Jend. H. Amir Machmud",
        "styleUrl": "#5535",
        "styleHash": "ae25062",
        "stroke": "#ED1C24",
        "stroke-opacity": 1,
        "stroke-width": 4
      },
      "id": "5534"
    },
    {
      "type": "Feature",
      "geometry": {
        "type": "LineString",
        "coordinates": [
          [
            107.561879,
            -6.8986119,
            0
          ],
          [
            107.5616845,
            -6.8983006,
            0
          ]
        ]
      },
      "properties": {
        "name": "Jalan Layang Cimindi",
        "styleUrl": "#5539",
        "styleHash": "1fd12425",
        "stroke": "#ED1C24",
        "stroke-opacity": 1,
        "stroke-width": 4
      },
      "id": "5538"
    },
    {
      "type": "Feature",
      "geometry": {
        "type": "LineString",
        "coordinates": [
          [
            107.5359218,
            -6.8702457,
            0
          ],
          [
            107.5358294,
            -6.8702382,
            0
          ],
          [
            107.5355712,
            -6.8701428,
            0
          ],
          [
            107.535302,
            -6.8700476,
            0
          ],
          [
            107.5351164,
            -6.8699829,
            0
          ],
          [
            107.534761,
            -6.8698508,
            0
          ]
        ]
      },
      "properties": {
        "name": "Jalan Jend. H. Amir Machmud",
        "styleUrl": "#5543",
        "styleHash": "33e44528",
        "stroke": "#ED1C24",
        "stroke-opacity": 1,
        "stroke-width": 4
      },
      "id": "5542"
    },
    {
      "type": "Feature",
      "geometry": {
        "type": "LineString",
        "coordinates": [
          [
            107.4975965,
            -6.8527156,
            0
          ],
          [
            107.4975599,
            -6.8526317,
            0
          ]
        ]
      },
      "properties": {
        "name": "Jalan Raya Padalarang",
        "styleUrl": "#5547",
        "styleHash": "-7fd4d6e0",
        "stroke": "#ED1C24",
        "stroke-opacity": 1,
        "stroke-width": 4
      },
      "id": "5546"
    },
    {
      "type": "Feature",
      "geometry": {
        "type": "LineString",
        "coordinates": [
          [
            107.540539,
            -6.8794301,
            0
          ],
          [
            107.5402953,
            -6.8793126,
            0
          ],
          [
            107.5401369,
            -6.8792361,
            0
          ]
        ]
      },
      "properties": {
        "name": "Jalan Gandawijaya",
        "styleUrl": "#5551",
        "styleHash": "5ce639ee",
        "stroke": "#ED1C24",
        "stroke-opacity": 1,
        "stroke-width": 4
      },
      "id": "5550"
    },
    {
      "type": "Feature",
      "geometry": {
        "type": "LineString",
        "coordinates": [
          [
            107.5444838,
            -6.8783364,
            0
          ],
          [
            107.5443133,
            -6.8785759,
            0
          ],
          [
            107.5441059,
            -6.8788685,
            0
          ],
          [
            107.5440248,
            -6.8789876,
            0
          ],
          [
            107.5439242,
            -6.8791339,
            0
          ],
          [
            107.5438905,
            -6.8791833,
            0
          ],
          [
            107.5438142,
            -6.8792937,
            0
          ],
          [
            107.5437554,
            -6.8793795,
            0
          ],
          [
            107.5437169,
            -6.8794368,
            0
          ],
          [
            107.543657,
            -6.8795243,
            0
          ],
          [
            107.5434841,
            -6.879778,
            0
          ],
          [
            107.5434454,
            -6.8798383,
            0
          ],
          [
            107.5433605,
            -6.8799929,
            0
          ],
          [
            107.5433193,
            -6.8801087,
            0
          ],
          [
            107.5432942,
            -6.8802472,
            0
          ],
          [
            107.5432923,
            -6.8803212,
            0
          ],
          [
            107.5432961,
            -6.8803887,
            0
          ]
        ]
      },
      "properties": {
        "name": "Jalan Gatot Subroto",
        "styleUrl": "#5555",
        "styleHash": "-56d2e21a",
        "stroke": "#ED1C24",
        "stroke-opacity": 1,
        "stroke-width": 4
      },
      "id": "5554"
    },
    {
      "type": "Feature",
      "geometry": {
        "type": "LineString",
        "coordinates": [
          [
            107.5415376,
            -6.8743705,
            0
          ],
          [
            107.5419486,
            -6.8736407,
            0
          ]
        ]
      },
      "properties": {
        "name": "Jalan Gandawijaya",
        "styleUrl": "#5559",
        "styleHash": "-41e40e57",
        "stroke": "#ED1C24",
        "stroke-opacity": 1,
        "stroke-width": 4
      },
      "id": "5558"
    },
    {
      "type": "Feature",
      "geometry": {
        "type": "LineString",
        "coordinates": [
          [
            107.5034117,
            -6.8632727,
            0
          ],
          [
            107.5034772,
            -6.8633105,
            0
          ],
          [
            107.5035566,
            -6.8633604,
            0
          ],
          [
            107.5037925,
            -6.8634899,
            0
          ],
          [
            107.5039209,
            -6.8635608,
            0
          ],
          [
            107.5043597,
            -6.8637873,
            0
          ],
          [
            107.5044255,
            -6.8638215,
            0
          ],
          [
            107.5047344,
            -6.8639832,
            0
          ]
        ]
      },
      "properties": {
        "name": "Jalan Nasional III",
        "styleUrl": "#5563",
        "styleHash": "-2dd0ed54",
        "stroke": "#ED1C24",
        "stroke-opacity": 1,
        "stroke-width": 4
      },
      "id": "5562"
    },
    {
      "type": "Feature",
      "geometry": {
        "type": "LineString",
        "coordinates": [
          [
            107.5261248,
            -6.8684369,
            0
          ],
          [
            107.5262229,
            -6.8684691,
            0
          ],
          [
            107.5263122,
            -6.8685064,
            0
          ],
          [
            107.5263898,
            -6.8685422,
            0
          ],
          [
            107.5264225,
            -6.8685573,
            0
          ],
          [
            107.5266094,
            -6.8686384,
            0
          ],
          [
            107.5270877,
            -6.8688731,
            0
          ],
          [
            107.5271548,
            -6.868908,
            0
          ],
          [
            107.5273141,
            -6.8689718,
            0
          ],
          [
            107.5274989,
            -6.8690436,
            0
          ],
          [
            107.5275841,
            -6.8690682,
            0
          ],
          [
            107.527662,
            -6.8690849,
            0
          ],
          [
            107.5277986,
            -6.8691038,
            0
          ],
          [
            107.5278876,
            -6.8691021,
            0
          ],
          [
            107.5279891,
            -6.8690928,
            0
          ],
          [
            107.5281475,
            -6.8690695,
            0
          ],
          [
            107.5281996,
            -6.8690592,
            0
          ],
          [
            107.5283978,
            -6.8690203,
            0
          ],
          [
            107.5284509,
            -6.8690086,
            0
          ],
          [
            107.5285738,
            -6.8689815,
            0
          ],
          [
            107.5288591,
            -6.8689212,
            0
          ],
          [
            107.5289883,
            -6.8688991,
            0
          ],
          [
            107.5293786,
            -6.8688406,
            0
          ],
          [
            107.5300087,
            -6.868775,
            0
          ],
          [
            107.5302545,
            -6.8687509,
            0
          ],
          [
            107.5303683,
            -6.8687397,
            0
          ],
          [
            107.5306127,
            -6.8687157,
            0
          ],
          [
            107.5307996,
            -6.8686984,
            0
          ],
          [
            107.5309254,
            -6.8686864,
            0
          ],
          [
            107.5311366,
            -6.8686647,
            0
          ],
          [
            107.5311768,
            -6.86866,
            0
          ],
          [
            107.5313217,
            -6.8686505,
            0
          ],
          [
            107.5314385,
            -6.8686555,
            0
          ],
          [
            107.5315089,
            -6.8686615,
            0
          ],
          [
            107.5315735,
            -6.8686772,
            0
          ],
          [
            107.5317099,
            -6.8687176,
            0
          ],
          [
            107.5318119,
            -6.8687546,
            0
          ],
          [
            107.5318553,
            -6.8687705,
            0
          ],
          [
            107.531878,
            -6.8687794,
            0
          ],
          [
            107.5319386,
            -6.8688013,
            0
          ],
          [
            107.5322086,
            -6.8688988,
            0
          ],
          [
            107.5324551,
            -6.8689856,
            0
          ],
          [
            107.5327957,
            -6.8691022,
            0
          ],
          [
            107.5330853,
            -6.8692167,
            0
          ]
        ]
      },
      "properties": {
        "name": "Jalan Jend. H. Amir Machmud",
        "styleUrl": "#5567",
        "styleHash": "1e75f6a4",
        "stroke": "#ED1C24",
        "stroke-opacity": 1,
        "stroke-width": 4
      },
      "id": "5566"
    },
    {
      "type": "Feature",
      "geometry": {
        "type": "LineString",
        "coordinates": [
          [
            107.5419486,
            -6.8736407,
            0
          ],
          [
            107.5419535,
            -6.8735919,
            0
          ],
          [
            107.5419512,
            -6.8735591,
            0
          ],
          [
            107.5419417,
            -6.8735234,
            0
          ],
          [
            107.5419214,
            -6.873491,
            0
          ],
          [
            107.5418832,
            -6.8734607,
            0
          ],
          [
            107.5416146,
            -6.8733007,
            0
          ]
        ]
      },
      "properties": {
        "name": "Jalan Jend. H. Amir Machmud",
        "styleUrl": "#5571",
        "styleHash": "-4cef88e",
        "stroke": "#ED1C24",
        "stroke-opacity": 1,
        "stroke-width": 4
      },
      "id": "5570"
    },
    {
      "type": "Feature",
      "geometry": {
        "type": "LineString",
        "coordinates": [
          [
            107.5470087,
            -6.8765884,
            0
          ],
          [
            107.5468201,
            -6.8764737,
            0
          ],
          [
            107.5462018,
            -6.8760976,
            0
          ],
          [
            107.5461771,
            -6.8760913,
            0
          ],
          [
            107.5461516,
            -6.8760916,
            0
          ],
          [
            107.546127,
            -6.8760985,
            0
          ],
          [
            107.5461059,
            -6.8761108,
            0
          ],
          [
            107.5460886,
            -6.8761279,
            0
          ],
          [
            107.546043,
            -6.8761965,
            0
          ],
          [
            107.5459671,
            -6.8762377,
            0
          ]
        ]
      },
      "properties": {
        "name": "Jalan Jend. H. Amir Machmud",
        "styleUrl": "#5575",
        "styleHash": "4777eb6a",
        "stroke": "#ED1C24",
        "stroke-opacity": 1,
        "stroke-width": 4
      },
      "id": "5574"
    },
    {
      "type": "Feature",
      "geometry": {
        "type": "LineString",
        "coordinates": [
          [
            107.5398907,
            -6.878911,
            0
          ],
          [
            107.540033,
            -6.8782287,
            0
          ],
          [
            107.5400647,
            -6.878046,
            0
          ],
          [
            107.5400784,
            -6.8779667,
            0
          ],
          [
            107.5402735,
            -6.8770602,
            0
          ],
          [
            107.5403232,
            -6.8768433,
            0
          ],
          [
            107.5403766,
            -6.8766636,
            0
          ],
          [
            107.5403903,
            -6.8766233,
            0
          ],
          [
            107.5404467,
            -6.8764732,
            0
          ],
          [
            107.5405002,
            -6.8763519,
            0
          ],
          [
            107.5405976,
            -6.8761503,
            0
          ],
          [
            107.5406022,
            -6.8761408,
            0
          ],
          [
            107.5406475,
            -6.8760483,
            0
          ],
          [
            107.5406762,
            -6.8759934,
            0
          ],
          [
            107.5407256,
            -6.8758987,
            0
          ],
          [
            107.5407373,
            -6.8758761,
            0
          ],
          [
            107.54081,
            -6.8757369,
            0
          ],
          [
            107.5408989,
            -6.8755665,
            0
          ],
          [
            107.5410032,
            -6.8753667,
            0
          ],
          [
            107.5411826,
            -6.875023,
            0
          ],
          [
            107.5412818,
            -6.8748394,
            0
          ]
        ]
      },
      "properties": {
        "name": "Jalan Gandawijaya",
        "styleUrl": "#5579",
        "styleHash": "5c66bf2d",
        "stroke": "#ED1C24",
        "stroke-opacity": 1,
        "stroke-width": 4
      },
      "id": "5578"
    },
    {
      "type": "Feature",
      "geometry": {
        "type": "LineString",
        "coordinates": [
          [
            107.5401369,
            -6.8792361,
            0
          ],
          [
            107.5400249,
            -6.879188,
            0
          ],
          [
            107.5399654,
            -6.8791607,
            0
          ],
          [
            107.5399261,
            -6.8791313,
            0
          ],
          [
            107.5399008,
            -6.8791016,
            0
          ],
          [
            107.5398776,
            -6.8790604,
            0
          ],
          [
            107.5398693,
            -6.8790096,
            0
          ],
          [
            107.5398907,
            -6.878911,
            0
          ]
        ]
      },
      "properties": {
        "name": "Jalan Gandawijaya",
        "styleUrl": "#5583",
        "styleHash": "7079e030",
        "stroke": "#ED1C24",
        "stroke-opacity": 1,
        "stroke-width": 4
      },
      "id": "5582"
    },
    {
      "type": "Feature",
      "geometry": {
        "type": "LineString",
        "coordinates": [
          [
            107.5869433,
            -6.9187744,
            0
          ],
          [
            107.5865662,
            -6.9187469,
            0
          ]
        ]
      },
      "properties": {
        "name": "Jalan Jendral Sudirman",
        "styleUrl": "#5587",
        "styleHash": "-433f3bd8",
        "stroke": "#ED1C24",
        "stroke-opacity": 1,
        "stroke-width": 4
      },
      "id": "5586"
    },
    {
      "type": "Feature",
      "geometry": {
        "type": "LineString",
        "coordinates": [
          [
            107.494909,
            -6.852067,
            0
          ],
          [
            107.4948639,
            -6.8521257,
            0
          ],
          [
            107.4948502,
            -6.8521421,
            0
          ],
          [
            107.4948346,
            -6.8521589,
            0
          ],
          [
            107.4948188,
            -6.8521743,
            0
          ],
          [
            107.4947997,
            -6.8521915,
            0
          ],
          [
            107.4947778,
            -6.852209,
            0
          ],
          [
            107.4947547,
            -6.8522251,
            0
          ],
          [
            107.4947307,
            -6.8522396,
            0
          ],
          [
            107.4947024,
            -6.8522548,
            0
          ],
          [
            107.494574,
            -6.8523146,
            0
          ],
          [
            107.4945559,
            -6.8523251,
            0
          ],
          [
            107.4945407,
            -6.8523358,
            0
          ],
          [
            107.4945258,
            -6.8523487,
            0
          ],
          [
            107.4945104,
            -6.8523648,
            0
          ],
          [
            107.494498,
            -6.8523805,
            0
          ],
          [
            107.4944862,
            -6.8523976,
            0
          ],
          [
            107.4944522,
            -6.8524499,
            0
          ]
        ]
      },
      "properties": {
        "name": "Jalan Layang Kota Baru Parahyangan",
        "styleUrl": "#5591",
        "styleHash": "-66842b0a",
        "stroke": "#ED1C24",
        "stroke-opacity": 1,
        "stroke-width": 4
      },
      "id": "5590"
    },
    {
      "type": "Feature",
      "geometry": {
        "type": "LineString",
        "coordinates": [
          [
            107.4974224,
            -6.8519939,
            0
          ],
          [
            107.4973814,
            -6.8518888,
            0
          ],
          [
            107.4973343,
            -6.8517847,
            0
          ],
          [
            107.4972822,
            -6.8516803,
            0
          ],
          [
            107.4972419,
            -6.8516172,
            0
          ],
          [
            107.4972188,
            -6.8515916,
            0
          ],
          [
            107.4971663,
            -6.851555,
            0
          ]
        ]
      },
      "properties": {
        "name": "Jalan Raya Padalarang",
        "styleUrl": "#5595",
        "styleHash": "-1a3d4712",
        "stroke": "#ED1C24",
        "stroke-opacity": 1,
        "stroke-width": 4
      },
      "id": "5594"
    },
    {
      "type": "Feature",
      "geometry": {
        "type": "LineString",
        "coordinates": [
          [
            107.4987182,
            -6.8581066,
            0
          ],
          [
            107.4987288,
            -6.8582512,
            0
          ],
          [
            107.4987562,
            -6.8584531,
            0
          ],
          [
            107.4987799,
            -6.8586327,
            0
          ],
          [
            107.4988095,
            -6.8588159,
            0
          ],
          [
            107.498846,
            -6.8589418,
            0
          ],
          [
            107.4988952,
            -6.8590747,
            0
          ],
          [
            107.4989519,
            -6.859192,
            0
          ],
          [
            107.499024,
            -6.8593264,
            0
          ],
          [
            107.4991209,
            -6.8594557,
            0
          ],
          [
            107.4992202,
            -6.8595603,
            0
          ],
          [
            107.4993675,
            -6.8597221,
            0
          ],
          [
            107.4995891,
            -6.8599902,
            0
          ],
          [
            107.4997744,
            -6.8601871,
            0
          ],
          [
            107.4998426,
            -6.8602605,
            0
          ],
          [
            107.5001629,
            -6.8605893,
            0
          ],
          [
            107.500195,
            -6.8606217,
            0
          ],
          [
            107.5003415,
            -6.860773,
            0
          ],
          [
            107.5004973,
            -6.8609384,
            0
          ],
          [
            107.5006628,
            -6.8611039,
            0
          ],
          [
            107.5010639,
            -6.8614908,
            0
          ],
          [
            107.5012224,
            -6.8616525,
            0
          ],
          [
            107.5014146,
            -6.8618608,
            0
          ],
          [
            107.5015639,
            -6.8620124,
            0
          ],
          [
            107.5016093,
            -6.8620563,
            0
          ],
          [
            107.5018806,
            -6.8623184,
            0
          ],
          [
            107.5021156,
            -6.8625154,
            0
          ],
          [
            107.5022805,
            -6.8626367,
            0
          ],
          [
            107.5025833,
            -6.8628122,
            0
          ],
          [
            107.5028237,
            -6.8629469,
            0
          ],
          [
            107.502934,
            -6.8630015,
            0
          ],
          [
            107.5031549,
            -6.8631253,
            0
          ],
          [
            107.5031733,
            -6.8631354,
            0
          ],
          [
            107.5032331,
            -6.8631683,
            0
          ],
          [
            107.5033168,
            -6.8632144,
            0
          ],
          [
            107.5034117,
            -6.8632727,
            0
          ]
        ]
      },
      "properties": {
        "name": "Jalan Nasional III",
        "styleUrl": "#5599",
        "styleHash": "47079646",
        "stroke": "#ED1C24",
        "stroke-opacity": 1,
        "stroke-width": 4
      },
      "id": "5598"
    },
    {
      "type": "Feature",
      "geometry": {
        "type": "LineString",
        "coordinates": [
          [
            107.5471213,
            -6.876653,
            0
          ],
          [
            107.5470087,
            -6.8765884,
            0
          ]
        ]
      },
      "properties": {
        "name": "Jalan Jend. H. Amir Machmud",
        "styleUrl": "#5603",
        "styleHash": "-7329e462",
        "stroke": "#ED1C24",
        "stroke-opacity": 1,
        "stroke-width": 4
      },
      "id": "5602"
    },
    {
      "type": "Feature",
      "geometry": {
        "type": "LineString",
        "coordinates": [
          [
            107.548903,
            -6.8778074,
            0
          ],
          [
            107.548341,
            -6.8774399,
            0
          ],
          [
            107.54804,
            -6.8772387,
            0
          ],
          [
            107.5479168,
            -6.8771586,
            0
          ],
          [
            107.5474888,
            -6.8768836,
            0
          ],
          [
            107.5471213,
            -6.876653,
            0
          ]
        ]
      },
      "properties": {
        "name": "Jalan Jend. H. Amir Machmud",
        "styleUrl": "#5607",
        "styleHash": "-26e3006a",
        "stroke": "#ED1C24",
        "stroke-opacity": 1,
        "stroke-width": 4
      },
      "id": "5606"
    },
    {
      "type": "Feature",
      "geometry": {
        "type": "LineString",
        "coordinates": [
          [
            107.5416146,
            -6.8733007,
            0
          ],
          [
            107.5411979,
            -6.8730525,
            0
          ]
        ]
      },
      "properties": {
        "name": "Jalan Jend. H. Amir Machmud",
        "styleUrl": "#5611",
        "styleHash": "-4a27ef9c",
        "stroke": "#ED1C24",
        "stroke-opacity": 1,
        "stroke-width": 4
      },
      "id": "5610"
    },
    {
      "type": "Feature",
      "geometry": {
        "type": "LineString",
        "coordinates": [
          [
            107.5409753,
            -6.8729215,
            0
          ],
          [
            107.5409187,
            -6.8728882,
            0
          ],
          [
            107.5408723,
            -6.8728609,
            0
          ]
        ]
      },
      "properties": {
        "name": "Jalan Jend. H. Amir Machmud",
        "styleUrl": "#5615",
        "styleHash": "21ef45c",
        "stroke": "#ED1C24",
        "stroke-opacity": 1,
        "stroke-width": 4
      },
      "id": "5614"
    },
    {
      "type": "Feature",
      "geometry": {
        "type": "LineString",
        "coordinates": [
          [
            107.5391134,
            -6.8717381,
            0
          ],
          [
            107.539235,
            -6.8718115,
            0
          ],
          [
            107.5393459,
            -6.8718791,
            0
          ],
          [
            107.5395511,
            -6.8720061,
            0
          ],
          [
            107.5396118,
            -6.872043,
            0
          ]
        ]
      },
      "properties": {
        "name": "Jalan Jend. H. Amir Machmud",
        "styleUrl": "#5619",
        "styleHash": "170dc81f",
        "stroke": "#ED1C24",
        "stroke-opacity": 1,
        "stroke-width": 4
      },
      "id": "5618"
    },
    {
      "type": "Feature",
      "geometry": {
        "type": "LineString",
        "coordinates": [
          [
            107.5396118,
            -6.872043,
            0
          ],
          [
            107.5399548,
            -6.8722548,
            0
          ],
          [
            107.5400294,
            -6.8723014,
            0
          ],
          [
            107.5403035,
            -6.8724715,
            0
          ],
          [
            107.5403649,
            -6.8725096,
            0
          ],
          [
            107.5406997,
            -6.8727172,
            0
          ],
          [
            107.540747,
            -6.8727452,
            0
          ]
        ]
      },
      "properties": {
        "name": "Jalan Jend. H. Amir Machmud",
        "styleUrl": "#5623",
        "styleHash": "2b20e922",
        "stroke": "#ED1C24",
        "stroke-opacity": 1,
        "stroke-width": 4
      },
      "id": "5622"
    },
    {
      "type": "Feature",
      "geometry": {
        "type": "LineString",
        "coordinates": [
          [
            107.5957129,
            -6.919809,
            0
          ],
          [
            107.595636,
            -6.9198002,
            0
          ]
        ]
      },
      "properties": {
        "name": "Jalan Jendral Sudirman",
        "styleUrl": "#5627",
        "styleHash": "7767cd1a",
        "stroke": "#ED1C24",
        "stroke-opacity": 1,
        "stroke-width": 4
      },
      "id": "5626"
    },
    {
      "type": "Feature",
      "geometry": {
        "type": "LineString",
        "coordinates": [
          [
            107.5978833,
            -6.9200678,
            0
          ],
          [
            107.5976564,
            -6.9200411,
            0
          ],
          [
            107.597515,
            -6.9200243,
            0
          ],
          [
            107.5972865,
            -6.9199972,
            0
          ],
          [
            107.597247,
            -6.9199925,
            0
          ],
          [
            107.5957205,
            -6.9198099,
            0
          ],
          [
            107.5957129,
            -6.919809,
            0
          ]
        ]
      },
      "properties": {
        "name": "Jalan Jendral Sudirman",
        "styleUrl": "#5631",
        "styleHash": "5422dde8",
        "stroke": "#ED1C24",
        "stroke-opacity": 1,
        "stroke-width": 4
      },
      "id": "5630"
    },
    {
      "type": "Feature",
      "geometry": {
        "type": "LineString",
        "coordinates": [
          [
            107.5698951,
            -6.9119365,
            0
          ],
          [
            107.5697893,
            -6.9117669,
            0
          ],
          [
            107.569777,
            -6.9117459,
            0
          ],
          [
            107.5696479,
            -6.9115248,
            0
          ],
          [
            107.5696333,
            -6.9115004,
            0
          ],
          [
            107.569579,
            -6.9114097,
            0
          ],
          [
            107.5692741,
            -6.9108999,
            0
          ],
          [
            107.5691136,
            -6.9106315,
            0
          ],
          [
            107.569013,
            -6.9104799,
            0
          ]
        ]
      },
      "properties": {
        "name": "Jalan Jenderal Sudirman",
        "styleUrl": "#5635",
        "styleHash": "-5f963e20",
        "stroke": "#ED1C24",
        "stroke-opacity": 1,
        "stroke-width": 4
      },
      "id": "5634"
    },
    {
      "type": "Feature",
      "geometry": {
        "type": "LineString",
        "coordinates": [
          [
            107.5047344,
            -6.8639832,
            0
          ],
          [
            107.5049911,
            -6.8641067,
            0
          ],
          [
            107.5050586,
            -6.8641392,
            0
          ],
          [
            107.5051499,
            -6.8641787,
            0
          ],
          [
            107.5051913,
            -6.8641937,
            0
          ],
          [
            107.5052503,
            -6.8642111,
            0
          ],
          [
            107.5053149,
            -6.8642263,
            0
          ],
          [
            107.5053817,
            -6.8642351,
            0
          ],
          [
            107.5054411,
            -6.8642368,
            0
          ],
          [
            107.5054978,
            -6.8642341,
            0
          ],
          [
            107.5055404,
            -6.864229,
            0
          ]
        ]
      },
      "properties": {
        "name": "Jalan Nasional III",
        "styleUrl": "#5639",
        "styleHash": "-4aa76a5d",
        "stroke": "#ED1C24",
        "stroke-opacity": 1,
        "stroke-width": 4
      },
      "id": "5638"
    },
    {
      "type": "Feature",
      "geometry": {
        "type": "LineString",
        "coordinates": [
          [
            107.5055404,
            -6.864229,
            0
          ],
          [
            107.5056235,
            -6.864215,
            0
          ],
          [
            107.505703,
            -6.8641943,
            0
          ],
          [
            107.5063671,
            -6.864027,
            0
          ],
          [
            107.5065856,
            -6.8639771,
            0
          ],
          [
            107.5070193,
            -6.863866,
            0
          ],
          [
            107.5077676,
            -6.863685,
            0
          ],
          [
            107.5082119,
            -6.8635741,
            0
          ],
          [
            107.5086465,
            -6.8634599,
            0
          ],
          [
            107.5087248,
            -6.8634388,
            0
          ],
          [
            107.5094028,
            -6.8632576,
            0
          ],
          [
            107.5094818,
            -6.863253,
            0
          ],
          [
            107.5095628,
            -6.8632583,
            0
          ],
          [
            107.5096207,
            -6.8632683,
            0
          ],
          [
            107.5097112,
            -6.8632909,
            0
          ],
          [
            107.5098225,
            -6.8633262,
            0
          ],
          [
            107.5099964,
            -6.863395,
            0
          ],
          [
            107.5100491,
            -6.8634203,
            0
          ],
          [
            107.510072,
            -6.8634302,
            0
          ],
          [
            107.5104217,
            -6.8635854,
            0
          ],
          [
            107.5106152,
            -6.8636745,
            0
          ],
          [
            107.5106923,
            -6.8637105,
            0
          ],
          [
            107.510966,
            -6.8638385,
            0
          ],
          [
            107.5111617,
            -6.8639301,
            0
          ],
          [
            107.5113852,
            -6.8640346,
            0
          ],
          [
            107.5119852,
            -6.8643131,
            0
          ],
          [
            107.5120662,
            -6.8643533,
            0
          ],
          [
            107.5123015,
            -6.8644685,
            0
          ],
          [
            107.5125224,
            -6.8645767,
            0
          ],
          [
            107.5128242,
            -6.8647258,
            0
          ],
          [
            107.5130197,
            -6.8648201,
            0
          ],
          [
            107.513398,
            -6.865018,
            0
          ],
          [
            107.5134421,
            -6.8650411,
            0
          ],
          [
            107.513879,
            -6.8652552,
            0
          ],
          [
            107.5140447,
            -6.8653343,
            0
          ],
          [
            107.5150775,
            -6.8658424,
            0
          ],
          [
            107.5151703,
            -6.8658917,
            0
          ],
          [
            107.5152076,
            -6.8659101,
            0
          ],
          [
            107.5156233,
            -6.8661135,
            0
          ],
          [
            107.5156622,
            -6.866132,
            0
          ]
        ]
      },
      "properties": {
        "name": "Jalan Nasional III",
        "styleUrl": "#5643",
        "styleHash": "-3694495a",
        "stroke": "#ED1C24",
        "stroke-opacity": 1,
        "stroke-width": 4
      },
      "id": "5642"
    },
    {
      "type": "Feature",
      "geometry": {
        "type": "LineString",
        "coordinates": [
          [
            107.5160919,
            -6.8663299,
            0
          ],
          [
            107.5161279,
            -6.866347,
            0
          ],
          [
            107.5164712,
            -6.8665071,
            0
          ],
          [
            107.5167612,
            -6.8666428,
            0
          ],
          [
            107.5169868,
            -6.8667469,
            0
          ]
        ]
      },
      "properties": {
        "name": "Route Segment",
        "styleUrl": "#5647",
        "styleHash": "15b29a9e",
        "stroke": "#ED1C24",
        "stroke-opacity": 1,
        "stroke-width": 4
      },
      "id": "5646"
    },
    {
      "type": "Feature",
      "geometry": {
        "type": "LineString",
        "coordinates": [
          [
            107.5586991,
            -6.8935235,
            0
          ],
          [
            107.5586896,
            -6.8935077,
            0
          ]
        ]
      },
      "properties": {
        "name": "Jalan Jend. H. Amir Machmud",
        "styleUrl": "#5651",
        "styleHash": "-d925494",
        "stroke": "#ED1C24",
        "stroke-opacity": 1,
        "stroke-width": 4
      },
      "id": "5650"
    },
    {
      "type": "Feature",
      "geometry": {
        "type": "LineString",
        "coordinates": [
          [
            107.5586388,
            -6.8934232,
            0
          ],
          [
            107.5584996,
            -6.89319,
            0
          ]
        ]
      },
      "properties": {
        "name": "Jalan Jend. H. Amir Machmud",
        "styleUrl": "#5655",
        "styleHash": "3eb48f64",
        "stroke": "#ED1C24",
        "stroke-opacity": 1,
        "stroke-width": 4
      },
      "id": "5654"
    },
    {
      "type": "Feature",
      "geometry": {
        "type": "LineString",
        "coordinates": [
          [
            107.5588855,
            -6.8937179,
            0
          ],
          [
            107.5586991,
            -6.8935235,
            0
          ]
        ]
      },
      "properties": {
        "name": "Jalan Layang Cimindi",
        "styleUrl": "#5659",
        "styleHash": "53a36327",
        "stroke": "#ED1C24",
        "stroke-opacity": 1,
        "stroke-width": 4
      },
      "id": "5658"
    },
    {
      "type": "Feature",
      "geometry": {
        "type": "LineString",
        "coordinates": [
          [
            107.5715151,
            -6.9146659,
            0
          ],
          [
            107.5714243,
            -6.9145091,
            0
          ],
          [
            107.571384,
            -6.9144417,
            0
          ],
          [
            107.5710851,
            -6.913941,
            0
          ],
          [
            107.5709375,
            -6.9136862,
            0
          ],
          [
            107.5708773,
            -6.9135594,
            0
          ]
        ]
      },
      "properties": {
        "name": "Jalan Jenderal Sudirman",
        "styleUrl": "#5663",
        "styleHash": "67b6842a",
        "stroke": "#ED1C24",
        "stroke-opacity": 1,
        "stroke-width": 4
      },
      "id": "5662"
    },
    {
      "type": "Feature",
      "geometry": {
        "type": "LineString",
        "coordinates": [
          [
            107.5531885,
            -6.8843128,
            0
          ],
          [
            107.5531006,
            -6.8841655,
            0
          ],
          [
            107.5529605,
            -6.8839307,
            0
          ],
          [
            107.5529416,
            -6.883899,
            0
          ],
          [
            107.5528472,
            -6.8837408,
            0
          ],
          [
            107.5527794,
            -6.8836271,
            0
          ],
          [
            107.5527092,
            -6.8835093,
            0
          ],
          [
            107.5526121,
            -6.8833467,
            0
          ],
          [
            107.5525863,
            -6.8833033,
            0
          ],
          [
            107.5524109,
            -6.8830094,
            0
          ],
          [
            107.5522959,
            -6.8828167,
            0
          ],
          [
            107.5522386,
            -6.8827206,
            0
          ],
          [
            107.5520817,
            -6.8824713,
            0
          ],
          [
            107.5519439,
            -6.8822442,
            0
          ],
          [
            107.5518178,
            -6.8820536,
            0
          ],
          [
            107.5515938,
            -6.8816947,
            0
          ],
          [
            107.5515007,
            -6.8815314,
            0
          ],
          [
            107.5513132,
            -6.8812126,
            0
          ],
          [
            107.5510818,
            -6.8808273,
            0
          ],
          [
            107.5510407,
            -6.8807588,
            0
          ],
          [
            107.5509549,
            -6.8806153,
            0
          ],
          [
            107.5507239,
            -6.8802572,
            0
          ],
          [
            107.550617,
            -6.8800913,
            0
          ],
          [
            107.5505345,
            -6.8799545,
            0
          ],
          [
            107.5504164,
            -6.8797669,
            0
          ],
          [
            107.5503819,
            -6.8797123,
            0
          ],
          [
            107.5503366,
            -6.8796404,
            0
          ],
          [
            107.5501318,
            -6.8792963,
            0
          ],
          [
            107.5500491,
            -6.8791569,
            0
          ],
          [
            107.5499778,
            -6.8790409,
            0
          ],
          [
            107.5498734,
            -6.8788724,
            0
          ],
          [
            107.5498308,
            -6.8788036,
            0
          ],
          [
            107.549812,
            -6.8787698,
            0
          ]
        ]
      },
      "properties": {
        "name": "Jalan Jend. H. Amir Machmud",
        "styleUrl": "#5667",
        "styleHash": "-4c0297de",
        "stroke": "#ED1C24",
        "stroke-opacity": 1,
        "stroke-width": 4
      },
      "id": "5666"
    },
    {
      "type": "Feature",
      "geometry": {
        "type": "LineString",
        "coordinates": [
          [
            107.549812,
            -6.8787698,
            0
          ],
          [
            107.5497459,
            -6.8787214,
            0
          ],
          [
            107.5497311,
            -6.8787014,
            0
          ],
          [
            107.5496078,
            -6.8784837,
            0
          ],
          [
            107.5495062,
            -6.8783419,
            0
          ],
          [
            107.5493651,
            -6.8781649,
            0
          ],
          [
            107.5493436,
            -6.8781455,
            0
          ]
        ]
      },
      "properties": {
        "name": "Jalan Jend. H. Amir Machmud",
        "styleUrl": "#5671",
        "styleHash": "-6f478710",
        "stroke": "#ED1C24",
        "stroke-opacity": 1,
        "stroke-width": 4
      },
      "id": "5670"
    },
    {
      "type": "Feature",
      "geometry": {
        "type": "LineString",
        "coordinates": [
          [
            107.569013,
            -6.9104799,
            0
          ],
          [
            107.5689515,
            -6.9103782,
            0
          ],
          [
            107.5688895,
            -6.9102758,
            0
          ],
          [
            107.5688589,
            -6.9102251,
            0
          ],
          [
            107.5688066,
            -6.9101387,
            0
          ],
          [
            107.5686442,
            -6.9098748,
            0
          ],
          [
            107.5683186,
            -6.9093322,
            0
          ],
          [
            107.5676739,
            -6.9082679,
            0
          ],
          [
            107.5674722,
            -6.9079333,
            0
          ],
          [
            107.5673325,
            -6.9077024,
            0
          ],
          [
            107.5672438,
            -6.907556,
            0
          ],
          [
            107.5668478,
            -6.9069015,
            0
          ],
          [
            107.5666139,
            -6.9065148,
            0
          ],
          [
            107.5664877,
            -6.9063062,
            0
          ],
          [
            107.5663055,
            -6.9060051,
            0
          ],
          [
            107.5659443,
            -6.9054074,
            0
          ],
          [
            107.565924,
            -6.9053734,
            0
          ],
          [
            107.565673,
            -6.9049534,
            0
          ],
          [
            107.5653296,
            -6.9043922,
            0
          ],
          [
            107.5651363,
            -6.9040727,
            0
          ],
          [
            107.5647726,
            -6.9034716,
            0
          ],
          [
            107.5647281,
            -6.9033981,
            0
          ],
          [
            107.5646958,
            -6.9033447,
            0
          ],
          [
            107.5644297,
            -6.902905,
            0
          ],
          [
            107.5643428,
            -6.9027614,
            0
          ],
          [
            107.5642879,
            -6.9026706,
            0
          ],
          [
            107.5639096,
            -6.9020454,
            0
          ],
          [
            107.5636843,
            -6.9016737,
            0
          ],
          [
            107.5636389,
            -6.901598,
            0
          ],
          [
            107.5635866,
            -6.9015056,
            0
          ],
          [
            107.5635485,
            -6.901452,
            0
          ],
          [
            107.5635096,
            -6.9013988,
            0
          ],
          [
            107.5633165,
            -6.9010686,
            0
          ],
          [
            107.5632168,
            -6.9009003,
            0
          ],
          [
            107.562808,
            -6.9002247,
            0
          ],
          [
            107.5626899,
            -6.9000295,
            0
          ],
          [
            107.5625298,
            -6.8997648,
            0
          ],
          [
            107.5622867,
            -6.899363,
            0
          ],
          [
            107.5622663,
            -6.8993293,
            0
          ],
          [
            107.5619186,
            -6.8987547,
            0
          ]
        ]
      },
      "properties": {
        "name": "Jalan Jend. H. Amir Machmud",
        "styleUrl": "#5675",
        "styleHash": "-2300a318",
        "stroke": "#ED1C24",
        "stroke-opacity": 1,
        "stroke-width": 4
      },
      "id": "5674"
    },
    {
      "type": "Feature",
      "geometry": {
        "type": "LineString",
        "coordinates": [
          [
            107.5619186,
            -6.8987547,
            0
          ],
          [
            107.561879,
            -6.8986119,
            0
          ]
        ]
      },
      "properties": {
        "name": "Jalan Layang Cimindi",
        "styleUrl": "#5679",
        "styleHash": "-e11cf55",
        "stroke": "#ED1C24",
        "stroke-opacity": 1,
        "stroke-width": 4
      },
      "id": "5678"
    },
    {
      "type": "Feature",
      "geometry": {
        "type": "LineString",
        "coordinates": [
          [
            107.5407965,
            -6.8728151,
            0
          ],
          [
            107.540747,
            -6.8727452,
            0
          ]
        ]
      },
      "properties": {
        "name": "Jalan Jend. H. Amir Machmud",
        "styleUrl": "#5683",
        "styleHash": "60151ae",
        "stroke": "#ED1C24",
        "stroke-opacity": 1,
        "stroke-width": 4
      },
      "id": "5682"
    },
    {
      "type": "Feature",
      "geometry": {
        "type": "LineString",
        "coordinates": [
          [
            107.533145,
            -6.8692367,
            0
          ],
          [
            107.5331785,
            -6.8692495,
            0
          ],
          [
            107.5335628,
            -6.8693791,
            0
          ],
          [
            107.5337126,
            -6.8694306,
            0
          ],
          [
            107.5337447,
            -6.8694416,
            0
          ],
          [
            107.5339049,
            -6.8694966,
            0
          ],
          [
            107.5341763,
            -6.8696061,
            0
          ],
          [
            107.5342233,
            -6.8696235,
            0
          ],
          [
            107.5343842,
            -6.869692,
            0
          ]
        ]
      },
      "properties": {
        "name": "Jalan Jend. H. Amir Machmud",
        "styleUrl": "#5687",
        "styleHash": "524835a6",
        "stroke": "#ED1C24",
        "stroke-opacity": 1,
        "stroke-width": 4
      },
      "id": "5686"
    },
    {
      "type": "Feature",
      "geometry": {
        "type": "LineString",
        "coordinates": [
          [
            107.5330853,
            -6.8692167,
            0
          ],
          [
            107.533145,
            -6.8692367,
            0
          ]
        ]
      },
      "properties": {
        "name": "Jalan Jend. H. Amir Machmud",
        "styleUrl": "#5691",
        "styleHash": "2f034674",
        "stroke": "#ED1C24",
        "stroke-opacity": 1,
        "stroke-width": 4
      },
      "id": "5690"
    },
    {
      "type": "Feature",
      "geometry": {
        "type": "LineString",
        "coordinates": [
          [
            107.4871202,
            -6.8579424,
            0
          ],
          [
            107.4869151,
            -6.8580095,
            0
          ],
          [
            107.4864366,
            -6.8581776,
            0
          ],
          [
            107.4859686,
            -6.8583506,
            0
          ],
          [
            107.4856253,
            -6.8584978,
            0
          ],
          [
            107.4850543,
            -6.8587831,
            0
          ],
          [
            107.4850014,
            -6.8588138,
            0
          ],
          [
            107.4849632,
            -6.858843,
            0
          ],
          [
            107.4849145,
            -6.8589012,
            0
          ]
        ]
      },
      "properties": {
        "name": "Jalan Panyawangan",
        "styleUrl": "#5695",
        "styleHash": "7b4a2a6c",
        "stroke": "#ED1C24",
        "stroke-opacity": 1,
        "stroke-width": 4
      },
      "id": "5694"
    },
    {
      "type": "Feature",
      "geometry": {
        "type": "LineString",
        "coordinates": [
          [
            107.4874813,
            -6.8578222,
            0
          ],
          [
            107.4871202,
            -6.8579424,
            0
          ]
        ]
      },
      "properties": {
        "name": "Jalan Panyawangan",
        "styleUrl": "#5699",
        "styleHash": "-2370f83c",
        "stroke": "#ED1C24",
        "stroke-opacity": 1,
        "stroke-width": 4
      },
      "id": "5698"
    },
    {
      "type": "Feature",
      "geometry": {
        "type": "LineString",
        "coordinates": [
          [
            107.4977859,
            -6.8538237,
            0
          ],
          [
            107.4978121,
            -6.8539405,
            0
          ]
        ]
      },
      "properties": {
        "name": "Jalan Nasional III",
        "styleUrl": "#5703",
        "styleHash": "225d8d1c",
        "stroke": "#ED1C24",
        "stroke-opacity": 1,
        "stroke-width": 4
      },
      "id": "5702"
    },
    {
      "type": "Feature",
      "geometry": {
        "type": "LineString",
        "coordinates": [
          [
            107.4975965,
            -6.8527156,
            0
          ],
          [
            107.4975988,
            -6.8527427,
            0
          ],
          [
            107.4976134,
            -6.8528859,
            0
          ],
          [
            107.497658,
            -6.8531891,
            0
          ],
          [
            107.4976818,
            -6.8533539,
            0
          ],
          [
            107.4977128,
            -6.8535065,
            0
          ],
          [
            107.4977859,
            -6.8538237,
            0
          ]
        ]
      },
      "properties": {
        "name": "Jalan Nasional III",
        "styleUrl": "#5707",
        "styleHash": "6ea47114",
        "stroke": "#ED1C24",
        "stroke-opacity": 1,
        "stroke-width": 4
      },
      "id": "5706"
    },
    {
      "type": "Feature",
      "geometry": {
        "type": "LineString",
        "coordinates": [
          [
            107.5865662,
            -6.9187469,
            0
          ],
          [
            107.5863762,
            -6.9187298,
            0
          ]
        ]
      },
      "properties": {
        "name": "Jalan Jendral Sudirman",
        "styleUrl": "#5711",
        "styleHash": "4b5f81e2",
        "stroke": "#ED1C24",
        "stroke-opacity": 1,
        "stroke-width": 4
      },
      "id": "5710"
    },
    {
      "type": "Feature",
      "geometry": {
        "type": "LineString",
        "coordinates": [
          [
            107.5238237,
            -6.8685111,
            0
          ],
          [
            107.5237614,
            -6.8685286,
            0
          ],
          [
            107.5234058,
            -6.868517,
            0
          ],
          [
            107.5232773,
            -6.8685128,
            0
          ],
          [
            107.5226323,
            -6.8684891,
            0
          ],
          [
            107.5221789,
            -6.868477,
            0
          ],
          [
            107.5220823,
            -6.8684515,
            0
          ]
        ]
      },
      "properties": {
        "name": "Route Segment",
        "styleUrl": "#5715",
        "styleHash": "-68599a26",
        "stroke": "#ED1C24",
        "stroke-opacity": 1,
        "stroke-width": 4
      },
      "id": "5714"
    },
    {
      "type": "Feature",
      "geometry": {
        "type": "LineString",
        "coordinates": [
          [
            107.5363431,
            -6.8704044,
            0
          ],
          [
            107.5363908,
            -6.8704221,
            0
          ],
          [
            107.5364884,
            -6.8704594,
            0
          ],
          [
            107.5365376,
            -6.8704766,
            0
          ],
          [
            107.5365778,
            -6.8704906,
            0
          ],
          [
            107.5366787,
            -6.8705296,
            0
          ],
          [
            107.5373836,
            -6.8707918,
            0
          ],
          [
            107.5376817,
            -6.8709329,
            0
          ],
          [
            107.5379552,
            -6.8710821,
            0
          ],
          [
            107.538003,
            -6.8711086,
            0
          ],
          [
            107.5381494,
            -6.8711877,
            0
          ],
          [
            107.5382103,
            -6.8712215,
            0
          ],
          [
            107.5383816,
            -6.8713181,
            0
          ],
          [
            107.538881,
            -6.871595,
            0
          ],
          [
            107.5391134,
            -6.8717381,
            0
          ]
        ]
      },
      "properties": {
        "name": "Jalan Jend. H. Amir Machmud",
        "styleUrl": "#5719",
        "styleHash": "-536ac663",
        "stroke": "#ED1C24",
        "stroke-opacity": 1,
        "stroke-width": 4
      },
      "id": "5718"
    },
    {
      "type": "Feature",
      "geometry": {
        "type": "LineString",
        "coordinates": [
          [
            107.5863762,
            -6.9187298,
            0
          ],
          [
            107.5863587,
            -6.9187225,
            0
          ],
          [
            107.5863067,
            -6.9187088,
            0
          ],
          [
            107.5855198,
            -6.9186067,
            0
          ],
          [
            107.5853056,
            -6.918579,
            0
          ],
          [
            107.585095,
            -6.9185515,
            0
          ],
          [
            107.5849982,
            -6.9185373,
            0
          ]
        ]
      },
      "properties": {
        "name": "Jalan Jendral Sudirman",
        "styleUrl": "#5723",
        "styleHash": "-3f57a560",
        "stroke": "#ED1C24",
        "stroke-opacity": 1,
        "stroke-width": 4
      },
      "id": "5722"
    },
    {
      "type": "Feature",
      "geometry": {
        "type": "LineString",
        "coordinates": [
          [
            107.4974571,
            -6.8521186,
            0
          ],
          [
            107.4974224,
            -6.8519939,
            0
          ]
        ]
      },
      "properties": {
        "name": "Jalan Raya Padalarang",
        "styleUrl": "#5727",
        "styleHash": "cef3e98",
        "stroke": "#ED1C24",
        "stroke-opacity": 1,
        "stroke-width": 4
      },
      "id": "5726"
    },
    {
      "type": "Feature",
      "geometry": {
        "type": "LineString",
        "coordinates": [
          [
            107.549261,
            -6.8780613,
            0
          ],
          [
            107.5491797,
            -6.8780009,
            0
          ],
          [
            107.5490452,
            -6.8779037,
            0
          ],
          [
            107.548903,
            -6.8778074,
            0
          ]
        ]
      },
      "properties": {
        "name": "Jalan Jend. H. Amir Machmud",
        "styleUrl": "#5731",
        "styleHash": "-1655b09a",
        "stroke": "#ED1C24",
        "stroke-opacity": 1,
        "stroke-width": 4
      },
      "id": "5730"
    },
    {
      "type": "Feature",
      "geometry": {
        "type": "LineString",
        "coordinates": [
          [
            107.5703429,
            -6.9126894,
            0
          ],
          [
            107.5701276,
            -6.9123274,
            0
          ],
          [
            107.5698951,
            -6.9119365,
            0
          ]
        ]
      },
      "properties": {
        "name": "Jalan Jenderal Sudirman",
        "styleUrl": "#5735",
        "styleHash": "35f1335e",
        "stroke": "#ED1C24",
        "stroke-opacity": 1,
        "stroke-width": 4
      },
      "id": "5734"
    },
    {
      "type": "Feature",
      "geometry": {
        "type": "LineString",
        "coordinates": [
          [
            107.4975599,
            -6.8526317,
            0
          ],
          [
            107.4974957,
            -6.8522961,
            0
          ],
          [
            107.4974571,
            -6.8521186,
            0
          ]
        ]
      },
      "properties": {
        "name": "Jalan Raya Padalarang",
        "styleUrl": "#5739",
        "styleHash": "4ae00721",
        "stroke": "#ED1C24",
        "stroke-opacity": 1,
        "stroke-width": 4
      },
      "id": "5738"
    },
    {
      "type": "Feature",
      "geometry": {
        "type": "LineString",
        "coordinates": [
          [
            107.5408723,
            -6.8728609,
            0
          ],
          [
            107.5407965,
            -6.8728151,
            0
          ]
        ]
      },
      "properties": {
        "name": "Jalan Jend. H. Amir Machmud",
        "styleUrl": "#5743",
        "styleHash": "5ef32824",
        "stroke": "#ED1C24",
        "stroke-opacity": 1,
        "stroke-width": 4
      },
      "id": "5742"
    },
    {
      "type": "Feature",
      "geometry": {
        "type": "LineString",
        "coordinates": [
          [
            107.4961444,
            -6.8512857,
            0
          ],
          [
            107.4960897,
            -6.8514097,
            0
          ],
          [
            107.4960736,
            -6.851442,
            0
          ],
          [
            107.4960591,
            -6.8514673,
            0
          ],
          [
            107.4960425,
            -6.8514915,
            0
          ],
          [
            107.4960261,
            -6.8515122,
            0
          ],
          [
            107.4960063,
            -6.8515313,
            0
          ],
          [
            107.4959822,
            -6.8515478,
            0
          ],
          [
            107.4959607,
            -6.8515595,
            0
          ],
          [
            107.4959397,
            -6.8515682,
            0
          ],
          [
            107.4959165,
            -6.8515759,
            0
          ],
          [
            107.4958879,
            -6.8515837,
            0
          ],
          [
            107.4958484,
            -6.8515932,
            0
          ],
          [
            107.4958073,
            -6.8516017,
            0
          ],
          [
            107.4957661,
            -6.8516091,
            0
          ],
          [
            107.49555,
            -6.8516434,
            0
          ],
          [
            107.4954972,
            -6.8516542,
            0
          ],
          [
            107.4954416,
            -6.8516674,
            0
          ],
          [
            107.4953935,
            -6.8516805,
            0
          ],
          [
            107.4953499,
            -6.8516958,
            0
          ],
          [
            107.4953074,
            -6.8517131,
            0
          ],
          [
            107.4952644,
            -6.8517336,
            0
          ],
          [
            107.4952276,
            -6.8517532,
            0
          ],
          [
            107.4951894,
            -6.8517762,
            0
          ],
          [
            107.4951386,
            -6.8518103,
            0
          ],
          [
            107.4951033,
            -6.8518359,
            0
          ],
          [
            107.4950728,
            -6.8518613,
            0
          ],
          [
            107.4950439,
            -6.8518894,
            0
          ],
          [
            107.495014,
            -6.8519245,
            0
          ],
          [
            107.494909,
            -6.852067,
            0
          ]
        ]
      },
      "properties": {
        "name": "Jalan Kota Baru Parahyangan",
        "styleUrl": "#5747",
        "styleHash": "-54c5f3e4",
        "stroke": "#ED1C24",
        "stroke-opacity": 1,
        "stroke-width": 4
      },
      "id": "5746"
    },
    {
      "type": "Feature",
      "geometry": {
        "type": "LineString",
        "coordinates": [
          [
            107.555643,
            -6.8883823,
            0
          ],
          [
            107.5554234,
            -6.8880103,
            0
          ],
          [
            107.5552322,
            -6.8876864,
            0
          ],
          [
            107.5550315,
            -6.8873463,
            0
          ],
          [
            107.5548919,
            -6.8871098,
            0
          ],
          [
            107.5546245,
            -6.8866774,
            0
          ],
          [
            107.5543949,
            -6.8863155,
            0
          ],
          [
            107.5541879,
            -6.8860004,
            0
          ],
          [
            107.5541319,
            -6.8859141,
            0
          ],
          [
            107.5540996,
            -6.8858644,
            0
          ]
        ]
      },
      "properties": {
        "name": "Jalan Jend. H. Amir Machmud",
        "styleUrl": "#5751",
        "styleHash": "-780ae316",
        "stroke": "#ED1C24",
        "stroke-opacity": 1,
        "stroke-width": 4
      },
      "id": "5750"
    },
    {
      "type": "Feature",
      "geometry": {
        "type": "LineString",
        "coordinates": [
          [
            107.5540996,
            -6.8858644,
            0
          ],
          [
            107.5539786,
            -6.8856737,
            0
          ],
          [
            107.5538495,
            -6.8854676,
            0
          ],
          [
            107.5537567,
            -6.8853142,
            0
          ],
          [
            107.5536309,
            -6.8850994,
            0
          ],
          [
            107.5532727,
            -6.8845289,
            0
          ],
          [
            107.5532466,
            -6.8844891,
            0
          ],
          [
            107.5532098,
            -6.8844243,
            0
          ],
          [
            107.5531885,
            -6.8843128,
            0
          ]
        ]
      },
      "properties": {
        "name": "Jalan Jend. H. Amir Machmud",
        "styleUrl": "#5755",
        "styleHash": "-2bc3ff1e",
        "stroke": "#ED1C24",
        "stroke-opacity": 1,
        "stroke-width": 4
      },
      "id": "5754"
    },
    {
      "type": "Feature",
      "geometry": {
        "type": "LineString",
        "coordinates": [
          [
            107.5493436,
            -6.8781455,
            0
          ],
          [
            107.549261,
            -6.8780613,
            0
          ]
        ]
      },
      "properties": {
        "name": "Jalan Jend. H. Amir Machmud",
        "styleUrl": "#5759",
        "styleHash": "-16d52b5b",
        "stroke": "#ED1C24",
        "stroke-opacity": 1,
        "stroke-width": 4
      },
      "id": "5758"
    },
    {
      "type": "Feature",
      "geometry": {
        "type": "LineString",
        "coordinates": [
          [
            107.5459671,
            -6.8762377,
            0
          ],
          [
            107.5458574,
            -6.8763919,
            0
          ],
          [
            107.545628,
            -6.8767142,
            0
          ],
          [
            107.5452953,
            -6.8771817,
            0
          ],
          [
            107.5452289,
            -6.8772766,
            0
          ],
          [
            107.5451738,
            -6.8773525,
            0
          ],
          [
            107.545096,
            -6.8774617,
            0
          ],
          [
            107.5444838,
            -6.8783364,
            0
          ]
        ]
      },
      "properties": {
        "name": "Jalan Gatot Subroto",
        "styleUrl": "#5763",
        "styleHash": "-2c20a58",
        "stroke": "#ED1C24",
        "stroke-opacity": 1,
        "stroke-width": 4
      },
      "id": "5762"
    },
    {
      "type": "Feature",
      "geometry": {
        "type": "LineString",
        "coordinates": [
          [
            107.534761,
            -6.8698508,
            0
          ],
          [
            107.5344209,
            -6.8697253,
            0
          ],
          [
            107.5343842,
            -6.869692,
            0
          ]
        ]
      },
      "properties": {
        "name": "Jalan Jend. H. Amir Machmud",
        "styleUrl": "#5767",
        "styleHash": "4984d9a0",
        "stroke": "#ED1C24",
        "stroke-opacity": 1,
        "stroke-width": 4
      },
      "id": "5766"
    },
    {
      "type": "Feature",
      "geometry": {
        "type": "LineString",
        "coordinates": [
          [
            107.5411979,
            -6.8730525,
            0
          ],
          [
            107.5409753,
            -6.8729215,
            0
          ]
        ]
      },
      "properties": {
        "name": "Jalan Jend. H. Amir Machmud",
        "styleUrl": "#5771",
        "styleHash": "263fea6e",
        "stroke": "#ED1C24",
        "stroke-opacity": 1,
        "stroke-width": 4
      },
      "id": "5770"
    },
    {
      "type": "Feature",
      "geometry": {
        "type": "LineString",
        "coordinates": [
          [
            107.4987021,
            -6.8578894,
            0
          ],
          [
            107.4987182,
            -6.8581066,
            0
          ]
        ]
      },
      "properties": {
        "name": "Jalan Nasional III",
        "styleUrl": "#5775",
        "styleHash": "7286ce66",
        "stroke": "#ED1C24",
        "stroke-opacity": 1,
        "stroke-width": 4
      },
      "id": "5774"
    },
    {
      "type": "Feature",
      "geometry": {
        "type": "LineString",
        "coordinates": [
          [
            107.4978121,
            -6.8539405,
            0
          ],
          [
            107.4978195,
            -6.8539756,
            0
          ],
          [
            107.497921,
            -6.8543483,
            0
          ],
          [
            107.4979689,
            -6.8545091,
            0
          ],
          [
            107.4980044,
            -6.8546237,
            0
          ],
          [
            107.4980409,
            -6.8547619,
            0
          ],
          [
            107.4980626,
            -6.8548322,
            0
          ],
          [
            107.4980832,
            -6.8548991,
            0
          ],
          [
            107.4981383,
            -6.8550605,
            0
          ],
          [
            107.4981795,
            -6.8551922,
            0
          ],
          [
            107.4982118,
            -6.8553041,
            0
          ],
          [
            107.4982291,
            -6.855364,
            0
          ],
          [
            107.4982378,
            -6.8553939,
            0
          ],
          [
            107.4982496,
            -6.8554342,
            0
          ],
          [
            107.4982975,
            -6.8555796,
            0
          ],
          [
            107.4983226,
            -6.8556685,
            0
          ],
          [
            107.4983676,
            -6.8558429,
            0
          ],
          [
            107.4983981,
            -6.8559365,
            0
          ],
          [
            107.4984229,
            -6.8560363,
            0
          ],
          [
            107.4984955,
            -6.8563195,
            0
          ],
          [
            107.4985165,
            -6.856411,
            0
          ],
          [
            107.4985642,
            -6.8566145,
            0
          ],
          [
            107.4986032,
            -6.8567807,
            0
          ],
          [
            107.4986178,
            -6.8568699,
            0
          ],
          [
            107.4986213,
            -6.8568936,
            0
          ],
          [
            107.4986408,
            -6.8570257,
            0
          ],
          [
            107.4986583,
            -6.8572813,
            0
          ],
          [
            107.4986651,
            -6.8573652,
            0
          ],
          [
            107.4986693,
            -6.8574167,
            0
          ],
          [
            107.4986734,
            -6.8574856,
            0
          ],
          [
            107.4986774,
            -6.8575545,
            0
          ],
          [
            107.4986922,
            -6.857755,
            0
          ],
          [
            107.4987011,
            -6.8578756,
            0
          ],
          [
            107.4987021,
            -6.8578894,
            0
          ]
        ]
      },
      "properties": {
        "name": "Jalan Nasional III",
        "styleUrl": "#5779",
        "styleHash": "-788a5dd7",
        "stroke": "#ED1C24",
        "stroke-opacity": 1,
        "stroke-width": 4
      },
      "id": "5778"
    },
    {
      "type": "Feature",
      "geometry": {
        "type": "LineString",
        "coordinates": [
          [
            107.4919706,
            -6.8536414,
            0
          ],
          [
            107.4916948,
            -6.8538818,
            0
          ],
          [
            107.4915401,
            -6.8540351,
            0
          ],
          [
            107.4913677,
            -6.8542461,
            0
          ],
          [
            107.4912795,
            -6.8543914,
            0
          ],
          [
            107.4912098,
            -6.8545277,
            0
          ],
          [
            107.4911334,
            -6.8546994,
            0
          ],
          [
            107.491047,
            -6.8549156,
            0
          ],
          [
            107.4909758,
            -6.85515,
            0
          ],
          [
            107.490886,
            -6.8554368,
            0
          ],
          [
            107.4908085,
            -6.8556729,
            0
          ],
          [
            107.4907426,
            -6.8558506,
            0
          ],
          [
            107.4906969,
            -6.8559436,
            0
          ],
          [
            107.490634,
            -6.8560715,
            0
          ],
          [
            107.4905367,
            -6.8562288,
            0
          ],
          [
            107.4904172,
            -6.8563985,
            0
          ],
          [
            107.4903987,
            -6.8564256,
            0
          ],
          [
            107.4902688,
            -6.8565768,
            0
          ],
          [
            107.4902587,
            -6.8565886,
            0
          ],
          [
            107.4901266,
            -6.8567205,
            0
          ],
          [
            107.4899602,
            -6.8568684,
            0
          ],
          [
            107.48993,
            -6.8568898,
            0
          ],
          [
            107.4897922,
            -6.8569873,
            0
          ],
          [
            107.4896188,
            -6.8570961,
            0
          ],
          [
            107.4894408,
            -6.8571858,
            0
          ],
          [
            107.4893412,
            -6.8572253,
            0
          ],
          [
            107.4890471,
            -6.8573475,
            0
          ],
          [
            107.4886886,
            -6.8574623,
            0
          ],
          [
            107.4884777,
            -6.8575259,
            0
          ],
          [
            107.4882278,
            -6.8576062,
            0
          ],
          [
            107.4879598,
            -6.8576864,
            0
          ],
          [
            107.4874813,
            -6.8578222,
            0
          ]
        ]
      },
      "properties": {
        "name": "Jalan Panyawangan",
        "styleUrl": "#5783",
        "styleHash": "-64773cd4",
        "stroke": "#ED1C24",
        "stroke-opacity": 1,
        "stroke-width": 4
      },
      "id": "5782"
    },
    {
      "type": "Feature",
      "geometry": {
        "type": "LineString",
        "coordinates": [
          [
            107.5745601,
            -6.9172787,
            0
          ],
          [
            107.5745248,
            -6.9173306,
            0
          ],
          [
            107.5744751,
            -6.9173693,
            0
          ],
          [
            107.5744159,
            -6.9173911,
            0
          ]
        ]
      },
      "properties": {
        "name": "Bunderan Cibeureum",
        "styleUrl": "#5787",
        "styleHash": "-183058dc",
        "stroke": "#ED1C24",
        "stroke-opacity": 1,
        "stroke-width": 4
      },
      "id": "5786"
    },
    {
      "type": "Feature",
      "geometry": {
        "type": "LineString",
        "coordinates": [
          [
            107.5412818,
            -6.8748394,
            0
          ],
          [
            107.5415376,
            -6.8743705,
            0
          ]
        ]
      },
      "properties": {
        "name": "Jalan Gandawijaya",
        "styleUrl": "#5791",
        "styleHash": "-3b75480e",
        "stroke": "#ED1C24",
        "stroke-opacity": 1,
        "stroke-width": 4
      },
      "id": "5790"
    },
    {
      "type": "Feature",
      "geometry": {
        "type": "LineString",
        "coordinates": [
          [
            107.5586896,
            -6.8935077,
            0
          ],
          [
            107.5586388,
            -6.8934232,
            0
          ]
        ]
      },
      "properties": {
        "name": "Jalan Jend. H. Amir Machmud",
        "styleUrl": "#5795",
        "styleHash": "10d19bea",
        "stroke": "#ED1C24",
        "stroke-opacity": 1,
        "stroke-width": 4
      },
      "id": "5794"
    },
    {
      "type": "Feature",
      "geometry": {
        "type": "LineString",
        "coordinates": [
          [
            107.5589596,
            -6.8938395,
            0
          ],
          [
            107.5588855,
            -6.8937179,
            0
          ]
        ]
      },
      "properties": {
        "name": "Jalan Layang Cimindi",
        "styleUrl": "#5799",
        "styleHash": "72167942",
        "stroke": "#ED1C24",
        "stroke-opacity": 1,
        "stroke-width": 4
      },
      "id": "5798"
    },
    {
      "type": "Feature",
      "geometry": {
        "type": "LineString",
        "coordinates": [
          [
            107.5983304,
            -6.9201181,
            0
          ],
          [
            107.598206,
            -6.9201031,
            0
          ],
          [
            107.5980871,
            -6.9200901,
            0
          ],
          [
            107.5978833,
            -6.9200678,
            0
          ]
        ]
      },
      "properties": {
        "name": "Jalan Jendral Sudirman",
        "styleUrl": "#5803",
        "styleHash": "-481b0166",
        "stroke": "#ED1C24",
        "stroke-opacity": 1,
        "stroke-width": 4
      },
      "id": "5802"
    },
    {
      "type": "Feature",
      "geometry": {
        "type": "LineString",
        "coordinates": [
          [
            107.5742937,
            -6.9173779,
            0
          ],
          [
            107.5742396,
            -6.9173432,
            0
          ],
          [
            107.5741991,
            -6.9172935,
            0
          ]
        ]
      },
      "properties": {
        "name": "Bunderan Cibeureum",
        "styleUrl": "#5807",
        "styleHash": "42be292",
        "stroke": "#ED1C24",
        "stroke-opacity": 1,
        "stroke-width": 4
      },
      "id": "5806"
    },
    {
      "type": "Feature",
      "geometry": {
        "type": "LineString",
        "coordinates": [
          [
            107.5744159,
            -6.9173911,
            0
          ],
          [
            107.5743538,
            -6.9173939,
            0
          ],
          [
            107.5742937,
            -6.9173779,
            0
          ]
        ]
      },
      "properties": {
        "name": "Bunderan Cibeureum",
        "styleUrl": "#5811",
        "styleHash": "-1f190ca0",
        "stroke": "#ED1C24",
        "stroke-opacity": 1,
        "stroke-width": 4
      },
      "id": "5810"
    },
    {
      "type": "Feature",
      "geometry": {
        "type": "LineString",
        "coordinates": [
          [
            107.469214,
            -6.8664584,
            0
          ],
          [
            107.4690056,
            -6.8664556,
            0
          ],
          [
            107.4689918,
            -6.8664562,
            0
          ],
          [
            107.4687696,
            -6.8664642,
            0
          ]
        ]
      },
      "properties": {
        "name": "Jalan Parahyangan",
        "styleUrl": "#5815",
        "styleHash": "2d2dd758",
        "stroke": "#ED1C24",
        "stroke-opacity": 1,
        "stroke-width": 4
      },
      "id": "5814"
    },
    {
      "type": "Feature",
      "geometry": {
        "type": "LineString",
        "coordinates": [
          [
            107.6069278,
            -6.9211397,
            0
          ],
          [
            107.6066723,
            -6.9211072,
            0
          ],
          [
            107.6064546,
            -6.9210818,
            0
          ]
        ]
      },
      "properties": {
        "name": "Jalan Asia Afrika",
        "styleUrl": "#5819",
        "styleHash": "421cab1b",
        "stroke": "#ED1C24",
        "stroke-opacity": 1,
        "stroke-width": 4
      },
      "id": "5818"
    },
    {
      "type": "Feature",
      "geometry": {
        "type": "LineString",
        "coordinates": [
          [
            107.5929308,
            -6.9194769,
            0
          ],
          [
            107.592526,
            -6.9194278,
            0
          ],
          [
            107.5919653,
            -6.9193607,
            0
          ],
          [
            107.591747,
            -6.9193345,
            0
          ],
          [
            107.5915523,
            -6.9193112,
            0
          ],
          [
            107.5908505,
            -6.9192272,
            0
          ],
          [
            107.5901341,
            -6.9191414,
            0
          ]
        ]
      },
      "properties": {
        "name": "Jalan Jendral Sudirman",
        "styleUrl": "#5823",
        "styleHash": "562fcc1e",
        "stroke": "#ED1C24",
        "stroke-opacity": 1,
        "stroke-width": 4
      },
      "id": "5822"
    },
    {
      "type": "Feature",
      "geometry": {
        "type": "LineString",
        "coordinates": [
          [
            107.6022243,
            -6.92058,
            0
          ],
          [
            107.6021351,
            -6.9205669,
            0
          ]
        ]
      },
      "properties": {
        "name": "Jalan Jendral Sudirman",
        "styleUrl": "#5827",
        "styleHash": "-5d894fea",
        "stroke": "#ED1C24",
        "stroke-opacity": 1,
        "stroke-width": 4
      },
      "id": "5826"
    },
    {
      "type": "Feature",
      "geometry": {
        "type": "LineString",
        "coordinates": [
          [
            107.5781061,
            -6.9177006,
            0
          ],
          [
            107.5771136,
            -6.9176018,
            0
          ],
          [
            107.5770629,
            -6.9175968,
            0
          ],
          [
            107.5768354,
            -6.9175724,
            0
          ],
          [
            107.5767383,
            -6.9175655,
            0
          ]
        ]
      },
      "properties": {
        "name": "Jalan Jendral Sudirman",
        "styleUrl": "#5831",
        "styleHash": "7f31c0e4",
        "stroke": "#ED1C24",
        "stroke-opacity": 1,
        "stroke-width": 4
      },
      "id": "5830"
    },
    {
      "type": "Feature",
      "geometry": {
        "type": "LineString",
        "coordinates": [
          [
            107.5849982,
            -6.9185373,
            0
          ],
          [
            107.584208,
            -6.9184389,
            0
          ],
          [
            107.5840062,
            -6.9184165,
            0
          ],
          [
            107.5839549,
            -6.918411,
            0
          ],
          [
            107.583604,
            -6.9183703,
            0
          ],
          [
            107.5829636,
            -6.9182959,
            0
          ],
          [
            107.5823245,
            -6.9182217,
            0
          ],
          [
            107.5819763,
            -6.9181852,
            0
          ],
          [
            107.5813282,
            -6.9181174,
            0
          ],
          [
            107.5811963,
            -6.9181036,
            0
          ]
        ]
      },
      "properties": {
        "name": "Jalan Jendral Sudirman",
        "styleUrl": "#5835",
        "styleHash": "-34875b24",
        "stroke": "#ED1C24",
        "stroke-opacity": 1,
        "stroke-width": 4
      },
      "id": "5834"
    },
    {
      "type": "Feature",
      "geometry": {
        "type": "LineString",
        "coordinates": [
          [
            107.5767383,
            -6.9175655,
            0
          ],
          [
            107.5766159,
            -6.9175515,
            0
          ]
        ]
      },
      "properties": {
        "name": "Jalan Jenderal Sudirman",
        "styleUrl": "#5839",
        "styleHash": "-1f988761",
        "stroke": "#ED1C24",
        "stroke-opacity": 1,
        "stroke-width": 4
      },
      "id": "5838"
    },
    {
      "type": "Feature",
      "geometry": {
        "type": "LineString",
        "coordinates": [
          [
            107.4687696,
            -6.8664642,
            0
          ],
          [
            107.4686667,
            -6.8664634,
            0
          ]
        ]
      },
      "properties": {
        "name": "Jalan Parahyangan",
        "styleUrl": "#5843",
        "styleHash": "-b85665e",
        "stroke": "#ED1C24",
        "stroke-opacity": 1,
        "stroke-width": 4
      },
      "id": "5842"
    },
    {
      "type": "Feature",
      "geometry": {
        "type": "LineString",
        "coordinates": [
          [
            107.4944522,
            -6.8524499,
            0
          ],
          [
            107.4944162,
            -6.8525103,
            0
          ],
          [
            107.4943818,
            -6.8525601,
            0
          ],
          [
            107.4943432,
            -6.8526068,
            0
          ],
          [
            107.4943051,
            -6.8526422,
            0
          ],
          [
            107.4942576,
            -6.8526775,
            0
          ],
          [
            107.4942009,
            -6.8527087,
            0
          ],
          [
            107.4941496,
            -6.8527293,
            0
          ],
          [
            107.4940916,
            -6.852747,
            0
          ],
          [
            107.4940257,
            -6.8527557,
            0
          ],
          [
            107.4939522,
            -6.8527551,
            0
          ],
          [
            107.4938894,
            -6.8527455,
            0
          ],
          [
            107.4938183,
            -6.8527241,
            0
          ],
          [
            107.4937587,
            -6.8526983,
            0
          ],
          [
            107.4936969,
            -6.8526597,
            0
          ],
          [
            107.4936415,
            -6.8526143,
            0
          ]
        ]
      },
      "properties": {
        "name": "Jalan Kota Baru Parahyangan",
        "styleUrl": "#5847",
        "styleHash": "40c17d9a",
        "stroke": "#ED1C24",
        "stroke-opacity": 1,
        "stroke-width": 4
      },
      "id": "5846"
    },
    {
      "type": "Feature",
      "geometry": {
        "type": "LineString",
        "coordinates": [
          [
            107.6071455,
            -6.9211653,
            0
          ],
          [
            107.606984,
            -6.9211463,
            0
          ],
          [
            107.6069278,
            -6.9211397,
            0
          ]
        ]
      },
      "properties": {
        "name": "Jalan Asia Afrika",
        "styleUrl": "#5851",
        "styleHash": "1d7c8e68",
        "stroke": "#ED1C24",
        "stroke-opacity": 1,
        "stroke-width": 4
      },
      "id": "5850"
    },
    {
      "type": "Feature",
      "geometry": {
        "type": "LineString",
        "coordinates": [
          [
            107.5359218,
            -6.8702457,
            0
          ],
          [
            107.5362685,
            -6.8703754,
            0
          ],
          [
            107.5363078,
            -6.8703903,
            0
          ]
        ]
      },
      "properties": {
        "name": "Jalan Jend. H. Amir Machmud",
        "styleUrl": "#5855",
        "styleHash": "69c37260",
        "stroke": "#ED1C24",
        "stroke-opacity": 1,
        "stroke-width": 4
      },
      "id": "5854"
    },
    {
      "type": "Feature",
      "geometry": {
        "type": "LineString",
        "coordinates": [
          [
            107.5363078,
            -6.8703903,
            0
          ],
          [
            107.5363431,
            -6.8704044,
            0
          ]
        ]
      },
      "properties": {
        "name": "Jalan Jend. H. Amir Machmud",
        "styleUrl": "#5859",
        "styleHash": "7eb24623",
        "stroke": "#ED1C24",
        "stroke-opacity": 1,
        "stroke-width": 4
      },
      "id": "5858"
    },
    {
      "type": "Feature",
      "geometry": {
        "type": "LineString",
        "coordinates": [
          [
            107.467251,
            -6.8662533,
            0
          ],
          [
            107.4671848,
            -6.8662728,
            0
          ],
          [
            107.4671602,
            -6.8662878,
            0
          ],
          [
            107.4671432,
            -6.8662981,
            0
          ],
          [
            107.4671218,
            -6.8663247,
            0
          ],
          [
            107.4671191,
            -6.8663647,
            0
          ],
          [
            107.4671285,
            -6.8664033,
            0
          ],
          [
            107.4671406,
            -6.8664352,
            0
          ],
          [
            107.4671469,
            -6.8664581,
            0
          ],
          [
            107.4671446,
            -6.8664817,
            0
          ],
          [
            107.467134,
            -6.866503,
            0
          ],
          [
            107.4671164,
            -6.8665191,
            0
          ],
          [
            107.4670963,
            -6.8665275,
            0
          ],
          [
            107.4670746,
            -6.8665289,
            0
          ],
          [
            107.4670536,
            -6.8665233,
            0
          ],
          [
            107.4670356,
            -6.8665111,
            0
          ],
          [
            107.4670225,
            -6.8664938,
            0
          ],
          [
            107.4670038,
            -6.8664659,
            0
          ],
          [
            107.4669716,
            -6.8664312,
            0
          ],
          [
            107.4669139,
            -6.866398,
            0
          ],
          [
            107.4668718,
            -6.8663791,
            0
          ],
          [
            107.4668097,
            -6.8663512,
            0
          ]
        ]
      },
      "properties": {
        "name": "Route Segment",
        "styleUrl": "#5863",
        "styleHash": "-6d3a98da",
        "stroke": "#ED1C24",
        "stroke-opacity": 1,
        "stroke-width": 4
      },
      "id": "5862"
    },
    {
      "type": "Feature",
      "geometry": {
        "type": "LineString",
        "coordinates": [
          [
            107.4936415,
            -6.8526143,
            0
          ],
          [
            107.493472,
            -6.8526301,
            0
          ],
          [
            107.4933779,
            -6.8526608,
            0
          ],
          [
            107.4932787,
            -6.8527061,
            0
          ],
          [
            107.493089,
            -6.8528142,
            0
          ],
          [
            107.4927386,
            -6.8530544,
            0
          ],
          [
            107.4924066,
            -6.8533123,
            0
          ],
          [
            107.4923235,
            -6.8533759,
            0
          ],
          [
            107.4919706,
            -6.8536414,
            0
          ]
        ]
      },
      "properties": {
        "name": "Jalan Panyawangan",
        "styleUrl": "#5867",
        "styleHash": "-20f3b4e2",
        "stroke": "#ED1C24",
        "stroke-opacity": 1,
        "stroke-width": 4
      },
      "id": "5866"
    },
    {
      "type": "Feature",
      "geometry": {
        "type": "LineString",
        "coordinates": [
          [
            107.5997986,
            -6.9202943,
            0
          ],
          [
            107.5997449,
            -6.9202871,
            0
          ]
        ]
      },
      "properties": {
        "name": "Jalan Jendral Sudirman",
        "styleUrl": "#5871",
        "styleHash": "-4438a414",
        "stroke": "#ED1C24",
        "stroke-opacity": 1,
        "stroke-width": 4
      },
      "id": "5870"
    },
    {
      "type": "Feature",
      "geometry": {
        "type": "LineString",
        "coordinates": [
          [
            107.5997449,
            -6.9202871,
            0
          ],
          [
            107.598497,
            -6.920137,
            0
          ],
          [
            107.5983304,
            -6.9201181,
            0
          ]
        ]
      },
      "properties": {
        "name": "Jalan Jendral Sudirman",
        "styleUrl": "#5875",
        "styleHash": "80e3fe4",
        "stroke": "#ED1C24",
        "stroke-opacity": 1,
        "stroke-width": 4
      },
      "id": "5874"
    },
    {
      "type": "Feature",
      "geometry": {
        "type": "LineString",
        "coordinates": [
          [
            107.5725721,
            -6.916133,
            0
          ],
          [
            107.5723979,
            -6.9159874,
            0
          ],
          [
            107.5723395,
            -6.9159333,
            0
          ],
          [
            107.5722759,
            -6.9158629,
            0
          ],
          [
            107.5722121,
            -6.9157842,
            0
          ],
          [
            107.5721531,
            -6.915707,
            0
          ],
          [
            107.5720994,
            -6.9156231,
            0
          ],
          [
            107.5720549,
            -6.9155598,
            0
          ],
          [
            107.5719123,
            -6.9153326,
            0
          ],
          [
            107.5718695,
            -6.9152634,
            0
          ],
          [
            107.5717819,
            -6.9151024,
            0
          ],
          [
            107.5717255,
            -6.9150035,
            0
          ],
          [
            107.5715151,
            -6.9146659,
            0
          ]
        ]
      },
      "properties": {
        "name": "Jalan Jenderal Sudirman",
        "styleUrl": "#5879",
        "styleHash": "1cfd13a7",
        "stroke": "#ED1C24",
        "stroke-opacity": 1,
        "stroke-width": 4
      },
      "id": "5878"
    },
    {
      "type": "Feature",
      "geometry": {
        "type": "LineString",
        "coordinates": [
          [
            107.5238237,
            -6.8685111,
            0
          ],
          [
            107.5240567,
            -6.8685213,
            0
          ],
          [
            107.5242475,
            -6.8685297,
            0
          ],
          [
            107.5243947,
            -6.8685238,
            0
          ],
          [
            107.5245213,
            -6.8685157,
            0
          ],
          [
            107.5246659,
            -6.8685002,
            0
          ],
          [
            107.5248121,
            -6.8684764,
            0
          ],
          [
            107.5250106,
            -6.8684338,
            0
          ],
          [
            107.5252251,
            -6.8683845,
            0
          ],
          [
            107.5253284,
            -6.8683626,
            0
          ],
          [
            107.5254235,
            -6.8683509,
            0
          ],
          [
            107.525547,
            -6.8683413,
            0
          ],
          [
            107.525671,
            -6.8683467,
            0
          ],
          [
            107.5258493,
            -6.8683639,
            0
          ],
          [
            107.5260715,
            -6.8684195,
            0
          ],
          [
            107.5261248,
            -6.8684369,
            0
          ]
        ]
      },
      "properties": {
        "name": "Route Segment",
        "styleUrl": "#5883",
        "styleHash": "311034aa",
        "stroke": "#ED1C24",
        "stroke-opacity": 1,
        "stroke-width": 4
      },
      "id": "5882"
    },
    {
      "type": "Feature",
      "geometry": {
        "type": "LineString",
        "coordinates": [
          [
            107.4849145,
            -6.8589012,
            0
          ],
          [
            107.4849108,
            -6.8589962,
            0
          ],
          [
            107.4848778,
            -6.8590855,
            0
          ],
          [
            107.4848187,
            -6.8591604,
            0
          ],
          [
            107.4847393,
            -6.8592136,
            0
          ],
          [
            107.4846473,
            -6.85924,
            0
          ],
          [
            107.4845515,
            -6.8592369,
            0
          ],
          [
            107.4844613,
            -6.8592048,
            0
          ]
        ]
      },
      "properties": {
        "name": "Jalan Kota Baru Parahyangan",
        "styleUrl": "#5887",
        "styleHash": "7d5718a2",
        "stroke": "#ED1C24",
        "stroke-opacity": 1,
        "stroke-width": 4
      },
      "id": "5886"
    }
  ]
}