{
  "type": "FeatureCollection",
  "features": [
    {
      "type": "Feature",
      "geometry": {
        "type": "Point",
        "coordinates": [
          107.609811,
          -6.916445,
          0
        ]
      },
      "properties": {
        "name": "Lembong",
        "styleUrl": "#5896",
        "styleHash": "-2ea15d50"
      },
      "id": "5895"
    },
    {
      "type": "Feature",
      "geometry": {
        "type": "Point",
        "coordinates": [
          107.5028237,
          -6.8629469,
          0
        ]
      },
      "properties": {
        "name": "RS Karisma Cimareme A",
        "styleUrl": "#5901",
        "styleHash": "-694e36cb"
      },
      "id": "5900"
    },
    {
      "type": "Feature",
      "geometry": {
        "type": "Point",
        "coordinates": [
          107.5098225,
          -6.8633262,
          0
        ]
      },
      "properties": {
        "name": "RS IMC A",
        "styleUrl": "#5906",
        "styleHash": "657b311a"
      },
      "id": "5905"
    },
    {
      "type": "Feature",
      "geometry": {
        "type": "Point",
        "coordinates": [
          107.5190095,
          -6.8675906,
          0
        ]
      },
      "properties": {
        "name": "Masjid Ar Ridwan A",
        "styleUrl": "#5911",
        "styleHash": "-3407190c"
      },
      "id": "5910"
    },
    {
      "type": "Feature",
      "geometry": {
        "type": "Point",
        "coordinates": [
          107.5442734,
          -6.8748788,
          0
        ]
      },
      "properties": {
        "name": "BRI Cimahi",
        "styleUrl": "#5916",
        "styleHash": "-653db127"
      },
      "id": "5915"
    },
    {
      "type": "Feature",
      "geometry": {
        "type": "Point",
        "coordinates": [
          107.4962927,
          -6.8423604,
          0
        ]
      },
      "properties": {
        "name": "Stasiun Kereta Cepat Padalarang",
        "styleUrl": "#5921",
        "styleHash": "14004b3"
      },
      "id": "5920"
    },
    {
      "type": "Feature",
      "geometry": {
        "type": "Point",
        "coordinates": [
          107.6071455,
          -6.9211653,
          0
        ]
      },
      "properties": {
        "name": "Alun-Alun Bandung",
        "styleUrl": "#5926",
        "styleHash": "-2ff69368"
      },
      "id": "5925"
    },
    {
      "type": "Feature",
      "geometry": {
        "type": "Point",
        "coordinates": [
          107.5701462,
          -6.9109306,
          0
        ]
      },
      "properties": {
        "name": "Rajawali Barat",
        "styleUrl": "#5931",
        "styleHash": "36872272"
      },
      "id": "5930"
    },
    {
      "type": "Feature",
      "geometry": {
        "type": "Point",
        "coordinates": [
          107.5753653,
          -6.9129722,
          0
        ]
      },
      "properties": {
        "name": "Plaza Telkom Rajawali",
        "styleUrl": "#5936",
        "styleHash": "5508a57"
      },
      "id": "5935"
    },
    {
      "type": "Feature",
      "geometry": {
        "type": "Point",
        "coordinates": [
          107.607935,
          -6.9140241,
          0
        ]
      },
      "properties": {
        "name": "Perintis Kemerdekaan",
        "styleUrl": "#5941",
        "styleHash": "6bce4031"
      },
      "id": "5940"
    },
    {
      "type": "Feature",
      "geometry": {
        "type": "Point",
        "coordinates": [
          107.5781901,
          -6.9137773,
          0
        ]
      },
      "properties": {
        "name": "Rajawali 1",
        "styleUrl": "#5946",
        "styleHash": "3a97a816"
      },
      "id": "5945"
    },
    {
      "type": "Feature",
      "geometry": {
        "type": "Point",
        "coordinates": [
          107.5828928,
          -6.9149105,
          0
        ]
      },
      "properties": {
        "name": "Dunguscariang",
        "styleUrl": "#5951",
        "styleHash": "-5eeaa210"
      },
      "id": "5950"
    },
    {
      "type": "Feature",
      "geometry": {
        "type": "Point",
        "coordinates": [
          107.5917121,
          -6.9165436,
          0
        ]
      },
      "properties": {
        "name": "SMA Trinitas",
        "styleUrl": "#5956",
        "styleHash": "6fdec5d5"
      },
      "id": "5955"
    },
    {
      "type": "Feature",
      "geometry": {
        "type": "Point",
        "coordinates": [
          107.5966005,
          -6.9163694,
          0
        ]
      },
      "properties": {
        "name": "Rumah Sakit Kebon Jati",
        "styleUrl": "#5961",
        "styleHash": "-29a38451"
      },
      "id": "5960"
    },
    {
      "type": "Feature",
      "geometry": {
        "type": "Point",
        "coordinates": [
          107.599627,
          -6.9162422,
          0
        ]
      },
      "properties": {
        "name": "SMA Pasundan",
        "styleUrl": "#5966",
        "styleHash": "-5ada1c6c"
      },
      "id": "5965"
    },
    {
      "type": "Feature",
      "geometry": {
        "type": "Point",
        "coordinates": [
          107.4986651,
          -6.8573652,
          0
        ]
      },
      "properties": {
        "name": "STEI LPPM A",
        "styleUrl": "#5971",
        "styleHash": "ba3996e"
      },
      "id": "5970"
    },
    {
      "type": "Feature",
      "geometry": {
        "type": "Point",
        "coordinates": [
          107.5263898,
          -6.8685422,
          0
        ]
      },
      "properties": {
        "name": "Padasuka Indah A",
        "styleUrl": "#5976",
        "styleHash": "-2592fead"
      },
      "id": "5975"
    },
    {
      "type": "Feature",
      "geometry": {
        "type": "Point",
        "coordinates": [
          107.5319386,
          -6.8688013,
          0
        ]
      },
      "properties": {
        "name": "Ranca Belut A",
        "styleUrl": "#5981",
        "styleHash": "40eab72d"
      },
      "id": "5980"
    },
    {
      "type": "Feature",
      "geometry": {
        "type": "Point",
        "coordinates": [
          107.5363908,
          -6.8704221,
          0
        ]
      },
      "properties": {
        "name": "PLN Cisangkan A",
        "styleUrl": "#5986",
        "styleHash": "fb41f12"
      },
      "id": "5985"
    },
    {
      "type": "Feature",
      "geometry": {
        "type": "Point",
        "coordinates": [
          107.5503819,
          -6.8797123,
          0
        ]
      },
      "properties": {
        "name": "RSUD Cibabat A",
        "styleUrl": "#5991",
        "styleHash": "7631d4ec"
      },
      "id": "5990"
    },
    {
      "type": "Feature",
      "geometry": {
        "type": "Point",
        "coordinates": [
          107.5542851,
          -6.8859958,
          0
        ]
      },
      "properties": {
        "name": "Dinas Sosial",
        "styleUrl": "#5996",
        "styleHash": "44fb3cd1"
      },
      "id": "5995"
    },
    {
      "type": "Feature",
      "geometry": {
        "type": "Point",
        "coordinates": [
          107.5580359,
          -6.8921818,
          0
        ]
      },
      "properties": {
        "name": "Jalan Budi",
        "styleUrl": "#6001",
        "styleHash": "-79d8f7f5"
      },
      "id": "6000"
    },
    {
      "type": "Feature",
      "geometry": {
        "type": "Point",
        "coordinates": [
          107.5648032,
          -6.9033346,
          0
        ]
      },
      "properties": {
        "name": "SMAN 13 Bandung A",
        "styleUrl": "#6006",
        "styleHash": "54f06ff0"
      },
      "id": "6005"
    },
    {
      "type": "Feature",
      "geometry": {
        "type": "Point",
        "coordinates": [
          107.5663258,
          -6.905851,
          0
        ]
      },
      "properties": {
        "name": "Paledang",
        "styleUrl": "#6011",
        "styleHash": "-4491da36"
      },
      "id": "6010"
    },
    {
      "type": "Feature",
      "geometry": {
        "type": "Point",
        "coordinates": [
          107.4668097,
          -6.8663512,
          0
        ]
      },
      "properties": {
        "name": "IKEA Kota Baru Parahyangan",
        "styleUrl": "#6016",
        "styleHash": "-75c87251"
      },
      "id": "6015"
    },
    {
      "type": "Feature",
      "geometry": {
        "type": "Point",
        "coordinates": [
          107.4712124,
          -6.8663744,
          0
        ]
      },
      "properties": {
        "name": "Parahyangan Timur",
        "styleUrl": "#6021",
        "styleHash": "-f4abc77"
      },
      "id": "6020"
    },
    {
      "type": "Feature",
      "geometry": {
        "type": "Point",
        "coordinates": [
          107.4734039,
          -6.8665328,
          0
        ]
      },
      "properties": {
        "name": "Rumah Sakit Cahaya Kawaluyaan",
        "styleUrl": "#6026",
        "styleHash": "-40815492"
      },
      "id": "6025"
    },
    {
      "type": "Feature",
      "geometry": {
        "type": "Point",
        "coordinates": [
          107.4783521,
          -6.8648529,
          0
        ]
      },
      "properties": {
        "name": "Masjid Al Irsyad",
        "styleUrl": "#6031",
        "styleHash": "25fc6148"
      },
      "id": "6030"
    },
    {
      "type": "Feature",
      "geometry": {
        "type": "Point",
        "coordinates": [
          107.4805786,
          -6.8619949,
          0
        ]
      },
      "properties": {
        "name": "Tatar Wangsakerta A",
        "styleUrl": "#6036",
        "styleHash": "-b3a36d3"
      },
      "id": "6035"
    },
    {
      "type": "Feature",
      "geometry": {
        "type": "Point",
        "coordinates": [
          107.4897438,
          -6.8568342,
          0
        ]
      },
      "properties": {
        "name": "Bale Pare A",
        "styleUrl": "#6041",
        "styleHash": "5b437f07"
      },
      "id": "6040"
    },
    {
      "type": "Feature",
      "geometry": {
        "type": "Point",
        "coordinates": [
          107.4654195,
          -6.8655811,
          0
        ]
      },
      "properties": {
        "name": "Wahoo Waterworld",
        "styleUrl": "#6046",
        "styleHash": "2a0ce6ec"
      },
      "id": "6045"
    },
    {
      "type": "Feature",
      "geometry": {
        "type": "LineString",
        "coordinates": [
          [
            107.6092086,
            -6.9161842,
            0
          ],
          [
            107.6092295,
            -6.9161907,
            0
          ],
          [
            107.6094526,
            -6.9162909,
            0
          ],
          [
            107.6097121,
            -6.9164037,
            0
          ],
          [
            107.609811,
            -6.916445,
            0
          ],
          [
            107.6099117,
            -6.9164912,
            0
          ],
          [
            107.610072,
            -6.9165602,
            0
          ]
        ]
      },
      "properties": {
        "name": "Jalan Lembong",
        "styleUrl": "#6051",
        "styleHash": "-73583f46",
        "stroke": "#ED1C24",
        "stroke-opacity": 1,
        "stroke-width": 4
      },
      "id": "6050"
    },
    {
      "type": "Feature",
      "geometry": {
        "type": "LineString",
        "coordinates": [
          [
            107.5983921,
            -6.91631,
            0
          ],
          [
            107.5986452,
            -6.9162913,
            0
          ],
          [
            107.5987499,
            -6.9162865,
            0
          ],
          [
            107.5988546,
            -6.916282,
            0
          ],
          [
            107.5991941,
            -6.9162673,
            0
          ],
          [
            107.5995626,
            -6.9162453,
            0
          ],
          [
            107.599627,
            -6.9162422,
            0
          ],
          [
            107.6002509,
            -6.9162121,
            0
          ],
          [
            107.600424,
            -6.9162116,
            0
          ],
          [
            107.6005777,
            -6.9162099,
            0
          ],
          [
            107.6016247,
            -6.9162094,
            0
          ],
          [
            107.6019524,
            -6.9161976,
            0
          ],
          [
            107.6022035,
            -6.9161755,
            0
          ]
        ]
      },
      "properties": {
        "name": "Jalan Kebon Jati",
        "styleUrl": "#6055",
        "styleHash": "-27115b4e",
        "stroke": "#ED1C24",
        "stroke-opacity": 1,
        "stroke-width": 4
      },
      "id": "6054"
    },
    {
      "type": "Feature",
      "geometry": {
        "type": "LineString",
        "coordinates": [
          [
            107.5933422,
            -6.9164938,
            0
          ],
          [
            107.5942457,
            -6.9164499,
            0
          ],
          [
            107.5955023,
            -6.9164053,
            0
          ],
          [
            107.5955245,
            -6.9164047,
            0
          ],
          [
            107.5955809,
            -6.9164032,
            0
          ],
          [
            107.5958327,
            -6.9163912,
            0
          ],
          [
            107.5958562,
            -6.9163894,
            0
          ]
        ]
      },
      "properties": {
        "name": "Jalan Kebon Jati",
        "styleUrl": "#6059",
        "styleHash": "-1222878b",
        "stroke": "#ED1C24",
        "stroke-opacity": 1,
        "stroke-width": 4
      },
      "id": "6058"
    },
    {
      "type": "Feature",
      "geometry": {
        "type": "LineString",
        "coordinates": [
          [
            107.5758021,
            -6.913142,
            0
          ],
          [
            107.5762053,
            -6.9133088,
            0
          ],
          [
            107.5762519,
            -6.9133265,
            0
          ],
          [
            107.5765322,
            -6.9134206,
            0
          ],
          [
            107.5766744,
            -6.9134545,
            0
          ],
          [
            107.5768473,
            -6.9134956,
            0
          ],
          [
            107.5771173,
            -6.9135481,
            0
          ],
          [
            107.5775341,
            -6.9136343,
            0
          ],
          [
            107.5776073,
            -6.9136496,
            0
          ]
        ]
      },
      "properties": {
        "name": "Jalan Rajawali Timur",
        "styleUrl": "#6063",
        "styleHash": "1f09978",
        "stroke": "#ED1C24",
        "stroke-opacity": 1,
        "stroke-width": 4
      },
      "id": "6062"
    },
    {
      "type": "Feature",
      "geometry": {
        "type": "LineString",
        "coordinates": [
          [
            107.6090123,
            -6.9139197,
            0
          ],
          [
            107.6090098,
            -6.9140203,
            0
          ],
          [
            107.6090062,
            -6.9141638,
            0
          ],
          [
            107.6089951,
            -6.9144714,
            0
          ],
          [
            107.608993,
            -6.9145426,
            0
          ],
          [
            107.6089869,
            -6.9147562,
            0
          ],
          [
            107.6089856,
            -6.9148401,
            0
          ],
          [
            107.608978,
            -6.9151089,
            0
          ],
          [
            107.6089778,
            -6.9151148,
            0
          ],
          [
            107.6089766,
            -6.9151405,
            0
          ],
          [
            107.6089755,
            -6.9151645,
            0
          ],
          [
            107.6089744,
            -6.91522,
            0
          ]
        ]
      },
      "properties": {
        "name": "Jalan Braga",
        "styleUrl": "#6067",
        "styleHash": "4e377d70",
        "stroke": "#ED1C24",
        "stroke-opacity": 1,
        "stroke-width": 4
      },
      "id": "6066"
    },
    {
      "type": "Feature",
      "geometry": {
        "type": "LineString",
        "coordinates": [
          [
            107.6071931,
            -6.9145156,
            0
          ],
          [
            107.6072105,
            -6.9144549,
            0
          ],
          [
            107.6072378,
            -6.9143977,
            0
          ],
          [
            107.6072741,
            -6.9143458,
            0
          ],
          [
            107.6073185,
            -6.9143005,
            0
          ]
        ]
      },
      "properties": {
        "name": "Jalan Perintis Kemerdekaan",
        "styleUrl": "#6071",
        "styleHash": "2af28e3e",
        "stroke": "#ED1C24",
        "stroke-opacity": 1,
        "stroke-width": 4
      },
      "id": "6070"
    },
    {
      "type": "Feature",
      "geometry": {
        "type": "LineString",
        "coordinates": [
          [
            107.6075641,
            -6.9142136,
            0
          ],
          [
            107.6078626,
            -6.9140606,
            0
          ],
          [
            107.607935,
            -6.9140241,
            0
          ],
          [
            107.6079799,
            -6.9140014,
            0
          ],
          [
            107.6081711,
            -6.9139136,
            0
          ],
          [
            107.6082715,
            -6.9138902,
            0
          ],
          [
            107.6089385,
            -6.9138394,
            0
          ]
        ]
      },
      "properties": {
        "name": "Jalan Perintis Kemerdekaan",
        "styleUrl": "#6075",
        "styleHash": "77397236",
        "stroke": "#ED1C24",
        "stroke-opacity": 1,
        "stroke-width": 4
      },
      "id": "6074"
    },
    {
      "type": "Feature",
      "geometry": {
        "type": "LineString",
        "coordinates": [
          [
            107.5690911,
            -6.9104213,
            0
          ],
          [
            107.5691322,
            -6.9104701,
            0
          ],
          [
            107.5691544,
            -6.910494,
            0
          ],
          [
            107.5691885,
            -6.9105173,
            0
          ],
          [
            107.569271,
            -6.9105673,
            0
          ],
          [
            107.5693569,
            -6.9106219,
            0
          ]
        ]
      },
      "properties": {
        "name": "Jalan Rajawali Barat",
        "styleUrl": "#6079",
        "styleHash": "-73d7ba07",
        "stroke": "#ED1C24",
        "stroke-opacity": 1,
        "stroke-width": 4
      },
      "id": "6078"
    },
    {
      "type": "Feature",
      "geometry": {
        "type": "LineString",
        "coordinates": [
          [
            107.6045889,
            -6.9148224,
            0
          ],
          [
            107.6045944,
            -6.9147921,
            0
          ],
          [
            107.6046031,
            -6.9147807,
            0
          ],
          [
            107.6046151,
            -6.914765,
            0
          ],
          [
            107.6046317,
            -6.9147543,
            0
          ],
          [
            107.6046427,
            -6.9147472,
            0
          ],
          [
            107.6046716,
            -6.9147379,
            0
          ],
          [
            107.6047205,
            -6.914736,
            0
          ],
          [
            107.6064066,
            -6.9149399,
            0
          ]
        ]
      },
      "properties": {
        "name": "Jalan Stasiun Timur",
        "styleUrl": "#6083",
        "styleHash": "-5fc49904",
        "stroke": "#ED1C24",
        "stroke-opacity": 1,
        "stroke-width": 4
      },
      "id": "6082"
    },
    {
      "type": "Feature",
      "geometry": {
        "type": "LineString",
        "coordinates": [
          [
            107.604546,
            -6.9153572,
            0
          ],
          [
            107.6045814,
            -6.9149387,
            0
          ],
          [
            107.6045889,
            -6.9148224,
            0
          ]
        ]
      },
      "properties": {
        "name": "Jalan Otto Iskandardinata",
        "styleUrl": "#6087",
        "styleHash": "-137db50c",
        "stroke": "#ED1C24",
        "stroke-opacity": 1,
        "stroke-width": 4
      },
      "id": "6086"
    },
    {
      "type": "Feature",
      "geometry": {
        "type": "LineString",
        "coordinates": [
          [
            107.4973395,
            -6.8515925,
            0
          ],
          [
            107.4973802,
            -6.8516677,
            0
          ],
          [
            107.4974241,
            -6.85176,
            0
          ],
          [
            107.4974862,
            -6.8519233,
            0
          ],
          [
            107.4975063,
            -6.8519776,
            0
          ]
        ]
      },
      "properties": {
        "name": "Jalan Raya Padalarang",
        "styleUrl": "#6091",
        "styleHash": "-36c2a43e",
        "stroke": "#ED1C24",
        "stroke-opacity": 1,
        "stroke-width": 4
      },
      "id": "6090"
    },
    {
      "type": "Feature",
      "geometry": {
        "type": "LineString",
        "coordinates": [
          [
            107.4980377,
            -6.8447794,
            0
          ],
          [
            107.4980289,
            -6.8448354,
            0
          ],
          [
            107.4979763,
            -6.8452064,
            0
          ],
          [
            107.4979497,
            -6.8453886,
            0
          ],
          [
            107.4979184,
            -6.8456015,
            0
          ],
          [
            107.4978748,
            -6.8459643,
            0
          ],
          [
            107.4978228,
            -6.8463567,
            0
          ],
          [
            107.497797,
            -6.8465254,
            0
          ],
          [
            107.4977652,
            -6.846731,
            0
          ],
          [
            107.4977044,
            -6.8471374,
            0
          ],
          [
            107.4976247,
            -6.8477076,
            0
          ],
          [
            107.4975847,
            -6.8479924,
            0
          ],
          [
            107.4975239,
            -6.8484377,
            0
          ],
          [
            107.4975122,
            -6.8485235,
            0
          ],
          [
            107.4974616,
            -6.8488561,
            0
          ],
          [
            107.497384,
            -6.8493691,
            0
          ],
          [
            107.4973653,
            -6.8495065,
            0
          ],
          [
            107.4973504,
            -6.8496195,
            0
          ],
          [
            107.4972993,
            -6.8499522,
            0
          ],
          [
            107.4972836,
            -6.8500571,
            0
          ],
          [
            107.4972495,
            -6.8502835,
            0
          ],
          [
            107.4971882,
            -6.8507054,
            0
          ],
          [
            107.4971618,
            -6.8508663,
            0
          ],
          [
            107.4971058,
            -6.8512547,
            0
          ],
          [
            107.4971035,
            -6.8512732,
            0
          ]
        ]
      },
      "properties": {
        "name": "Jalan Panaris",
        "styleUrl": "#6095",
        "styleHash": "15843fba",
        "stroke": "#ED1C24",
        "stroke-opacity": 1,
        "stroke-width": 4
      },
      "id": "6094"
    },
    {
      "type": "Feature",
      "geometry": {
        "type": "LineString",
        "coordinates": [
          [
            107.5666016,
            -6.9063054,
            0
          ],
          [
            107.5669287,
            -6.9068461,
            0
          ],
          [
            107.5673283,
            -6.9075068,
            0
          ],
          [
            107.5675554,
            -6.9078822,
            0
          ],
          [
            107.5677524,
            -6.908213,
            0
          ],
          [
            107.5680933,
            -6.9087725,
            0
          ],
          [
            107.568442,
            -6.9093481,
            0
          ],
          [
            107.5686667,
            -6.9097197,
            0
          ],
          [
            107.5690329,
            -6.910325,
            0
          ],
          [
            107.5690593,
            -6.9103687,
            0
          ],
          [
            107.5690911,
            -6.9104213,
            0
          ]
        ]
      },
      "properties": {
        "name": "Jalan Jend. H. Amir Machmud",
        "styleUrl": "#6099",
        "styleHash": "76c91d12",
        "stroke": "#ED1C24",
        "stroke-opacity": 1,
        "stroke-width": 4
      },
      "id": "6098"
    },
    {
      "type": "Feature",
      "geometry": {
        "type": "LineString",
        "coordinates": [
          [
            107.541619,
            -6.8732394,
            0
          ],
          [
            107.5423764,
            -6.8737035,
            0
          ],
          [
            107.5428429,
            -6.8739782,
            0
          ],
          [
            107.543171,
            -6.8741715,
            0
          ],
          [
            107.5435214,
            -6.8743778,
            0
          ]
        ]
      },
      "properties": {
        "name": "Jalan Jend. H. Amir Machmud",
        "styleUrl": "#6103",
        "styleHash": "-43685d96",
        "stroke": "#ED1C24",
        "stroke-opacity": 1,
        "stroke-width": 4
      },
      "id": "6102"
    },
    {
      "type": "Feature",
      "geometry": {
        "type": "LineString",
        "coordinates": [
          [
            107.4843016,
            -6.858936,
            0
          ],
          [
            107.484316,
            -6.8588447,
            0
          ],
          [
            107.4843572,
            -6.8587619,
            0
          ]
        ]
      },
      "properties": {
        "name": "Jalan Kota Baru Parahyangan",
        "styleUrl": "#6107",
        "styleHash": "8de8662",
        "stroke": "#ED1C24",
        "stroke-opacity": 1,
        "stroke-width": 4
      },
      "id": "6106"
    },
    {
      "type": "Feature",
      "geometry": {
        "type": "LineString",
        "coordinates": [
          [
            107.4940543,
            -6.8517636,
            0
          ],
          [
            107.4940828,
            -6.8517621,
            0
          ],
          [
            107.4941082,
            -6.8517594,
            0
          ],
          [
            107.4941315,
            -6.851755,
            0
          ],
          [
            107.4941572,
            -6.8517482,
            0
          ],
          [
            107.4941813,
            -6.85174,
            0
          ],
          [
            107.4942078,
            -6.8517287,
            0
          ],
          [
            107.4942327,
            -6.851716,
            0
          ],
          [
            107.4942529,
            -6.8517024,
            0
          ],
          [
            107.4942697,
            -6.8516875,
            0
          ],
          [
            107.4942868,
            -6.8516703,
            0
          ],
          [
            107.4943012,
            -6.8516526,
            0
          ],
          [
            107.4946927,
            -6.8510954,
            0
          ],
          [
            107.4947508,
            -6.8510173,
            0
          ],
          [
            107.4952692,
            -6.8503346,
            0
          ]
        ]
      },
      "properties": {
        "name": "Jalan Kota Baru Parahyangan",
        "styleUrl": "#6111",
        "styleHash": "-1a6668d0",
        "stroke": "#ED1C24",
        "stroke-opacity": 1,
        "stroke-width": 4
      },
      "id": "6110"
    },
    {
      "type": "Feature",
      "geometry": {
        "type": "LineString",
        "coordinates": [
          [
            107.4698236,
            -6.8663608,
            0
          ],
          [
            107.4709548,
            -6.8663543,
            0
          ],
          [
            107.4710013,
            -6.8663564,
            0
          ],
          [
            107.4712124,
            -6.8663744,
            0
          ],
          [
            107.4715875,
            -6.8664065,
            0
          ],
          [
            107.4724782,
            -6.8666043,
            0
          ],
          [
            107.4727666,
            -6.8666285,
            0
          ],
          [
            107.4730216,
            -6.8666102,
            0
          ],
          [
            107.4732532,
            -6.8665769,
            0
          ],
          [
            107.4734039,
            -6.8665328,
            0
          ],
          [
            107.473782,
            -6.8664222,
            0
          ],
          [
            107.4743417,
            -6.8662699,
            0
          ],
          [
            107.4746263,
            -6.8661924,
            0
          ],
          [
            107.4748755,
            -6.8661558,
            0
          ],
          [
            107.4750387,
            -6.866138,
            0
          ],
          [
            107.4751899,
            -6.8661306,
            0
          ],
          [
            107.4752676,
            -6.8661302,
            0
          ],
          [
            107.4760018,
            -6.8660868,
            0
          ],
          [
            107.4764356,
            -6.866007,
            0
          ]
        ]
      },
      "properties": {
        "name": "Jalan Parahyangan",
        "styleUrl": "#6115",
        "styleHash": "31e07b28",
        "stroke": "#ED1C24",
        "stroke-opacity": 1,
        "stroke-width": 4
      },
      "id": "6114"
    },
    {
      "type": "Feature",
      "geometry": {
        "type": "LineString",
        "coordinates": [
          [
            107.4764356,
            -6.866007,
            0
          ],
          [
            107.4770717,
            -6.8658522,
            0
          ]
        ]
      },
      "properties": {
        "name": "Jalan Parahyangan",
        "styleUrl": "#6119",
        "styleHash": "46cf4eeb",
        "stroke": "#ED1C24",
        "stroke-opacity": 1,
        "stroke-width": 4
      },
      "id": "6118"
    },
    {
      "type": "Feature",
      "geometry": {
        "type": "LineString",
        "coordinates": [
          [
            107.4692162,
            -6.8663547,
            0
          ],
          [
            107.4698236,
            -6.8663608,
            0
          ]
        ]
      },
      "properties": {
        "name": "Jalan Parahyangan",
        "styleUrl": "#6123",
        "styleHash": "5ae26fee",
        "stroke": "#ED1C24",
        "stroke-opacity": 1,
        "stroke-width": 4
      },
      "id": "6122"
    },
    {
      "type": "Feature",
      "geometry": {
        "type": "LineString",
        "coordinates": [
          [
            107.4770717,
            -6.8658522,
            0
          ],
          [
            107.4771828,
            -6.865811,
            0
          ],
          [
            107.4774403,
            -6.8657151,
            0
          ],
          [
            107.4776325,
            -6.8656175,
            0
          ],
          [
            107.477789,
            -6.8655128,
            0
          ],
          [
            107.4778845,
            -6.8654372,
            0
          ],
          [
            107.4779539,
            -6.8653639,
            0
          ],
          [
            107.4780049,
            -6.8652943,
            0
          ],
          [
            107.4782493,
            -6.8649836,
            0
          ],
          [
            107.4783521,
            -6.8648529,
            0
          ],
          [
            107.478623,
            -6.8644852,
            0
          ],
          [
            107.4787665,
            -6.8642969,
            0
          ],
          [
            107.4793221,
            -6.8635501,
            0
          ],
          [
            107.4794588,
            -6.8633663,
            0
          ],
          [
            107.4796486,
            -6.863124,
            0
          ],
          [
            107.4798236,
            -6.8628897,
            0
          ],
          [
            107.4799998,
            -6.862669,
            0
          ],
          [
            107.4800828,
            -6.862553,
            0
          ],
          [
            107.4801029,
            -6.862525,
            0
          ],
          [
            107.4802167,
            -6.862388,
            0
          ],
          [
            107.4803343,
            -6.8622504,
            0
          ],
          [
            107.4804332,
            -6.8621429,
            0
          ],
          [
            107.4805167,
            -6.862052,
            0
          ],
          [
            107.4805786,
            -6.8619949,
            0
          ],
          [
            107.4805918,
            -6.8619827,
            0
          ],
          [
            107.4807916,
            -6.8617955,
            0
          ],
          [
            107.4810422,
            -6.8615614,
            0
          ],
          [
            107.4812216,
            -6.8613836,
            0
          ],
          [
            107.4812976,
            -6.8613194,
            0
          ],
          [
            107.4814863,
            -6.861144,
            0
          ],
          [
            107.4817917,
            -6.8608628,
            0
          ],
          [
            107.4818339,
            -6.8608239,
            0
          ],
          [
            107.4821886,
            -6.8605153,
            0
          ],
          [
            107.4824943,
            -6.8602586,
            0
          ],
          [
            107.4826237,
            -6.86015,
            0
          ],
          [
            107.482933,
            -6.85992,
            0
          ],
          [
            107.4832819,
            -6.8596702,
            0
          ],
          [
            107.4836672,
            -6.8594023,
            0
          ],
          [
            107.4838823,
            -6.8592668,
            0
          ],
          [
            107.4839107,
            -6.8592489,
            0
          ],
          [
            107.4841227,
            -6.8591076,
            0
          ],
          [
            107.484169,
            -6.8590739,
            0
          ],
          [
            107.484233,
            -6.8590098,
            0
          ],
          [
            107.4843016,
            -6.858936,
            0
          ]
        ]
      },
      "properties": {
        "name": "Jalan Parahyangan",
        "styleUrl": "#6127",
        "styleHash": "-58d6ac1a",
        "stroke": "#ED1C24",
        "stroke-opacity": 1,
        "stroke-width": 4
      },
      "id": "6126"
    },
    {
      "type": "Feature",
      "geometry": {
        "type": "LineString",
        "coordinates": [
          [
            107.6122092,
            -6.9201091,
            0
          ],
          [
            107.6121953,
            -6.9202135,
            0
          ],
          [
            107.612155,
            -6.9205282,
            0
          ],
          [
            107.6121207,
            -6.9208351,
            0
          ],
          [
            107.6120718,
            -6.9213137,
            0
          ],
          [
            107.6120281,
            -6.9216096,
            0
          ],
          [
            107.6120118,
            -6.9217387,
            0
          ]
        ]
      },
      "properties": {
        "name": "Jalan Tamblong",
        "styleUrl": "#6131",
        "styleHash": "-7c1b9b4c",
        "stroke": "#ED1C24",
        "stroke-opacity": 1,
        "stroke-width": 4
      },
      "id": "6130"
    },
    {
      "type": "Feature",
      "geometry": {
        "type": "LineString",
        "coordinates": [
          [
            107.5456552,
            -6.8757181,
            0
          ],
          [
            107.5456997,
            -6.8757329,
            0
          ],
          [
            107.5457412,
            -6.8757501,
            0
          ],
          [
            107.5458623,
            -6.8758235,
            0
          ],
          [
            107.5459002,
            -6.8758465,
            0
          ],
          [
            107.5468207,
            -6.8764052,
            0
          ],
          [
            107.547019,
            -6.8765292,
            0
          ],
          [
            107.5470332,
            -6.8765381,
            0
          ]
        ]
      },
      "properties": {
        "name": "Jalan Jend. H. Amir Machmud",
        "styleUrl": "#6135",
        "styleHash": "-2fd4b754",
        "stroke": "#ED1C24",
        "stroke-opacity": 1,
        "stroke-width": 4
      },
      "id": "6134"
    },
    {
      "type": "Feature",
      "geometry": {
        "type": "LineString",
        "coordinates": [
          [
            107.6109278,
            -6.9169939,
            0
          ],
          [
            107.6111029,
            -6.9170839,
            0
          ],
          [
            107.6113003,
            -6.9171832,
            0
          ],
          [
            107.6113378,
            -6.917202,
            0
          ],
          [
            107.6114765,
            -6.9172727,
            0
          ],
          [
            107.6115788,
            -6.9173248,
            0
          ],
          [
            107.6118099,
            -6.9174381,
            0
          ],
          [
            107.611899,
            -6.9174826,
            0
          ]
        ]
      },
      "properties": {
        "name": "Jalan Lembong",
        "styleUrl": "#6139",
        "styleHash": "-1ae5e391",
        "stroke": "#ED1C24",
        "stroke-opacity": 1,
        "stroke-width": 4
      },
      "id": "6138"
    },
    {
      "type": "Feature",
      "geometry": {
        "type": "LineString",
        "coordinates": [
          [
            107.5616845,
            -6.8983006,
            0
          ],
          [
            107.5589596,
            -6.8938395,
            0
          ]
        ]
      },
      "properties": {
        "name": "Jalan Layang Cimindi",
        "styleUrl": "#6143",
        "styleHash": "-6d2c28e",
        "stroke": "#ED1C24",
        "stroke-opacity": 1,
        "stroke-width": 4
      },
      "id": "6142"
    },
    {
      "type": "Feature",
      "geometry": {
        "type": "LineString",
        "coordinates": [
          [
            107.5156622,
            -6.866132,
            0
          ],
          [
            107.5160919,
            -6.8663299,
            0
          ]
        ]
      },
      "properties": {
        "name": "Route Segment",
        "styleUrl": "#6147",
        "styleHash": "4574216a",
        "stroke": "#ED1C24",
        "stroke-opacity": 1,
        "stroke-width": 4
      },
      "id": "6146"
    },
    {
      "type": "Feature",
      "geometry": {
        "type": "LineString",
        "coordinates": [
          [
            107.5169868,
            -6.8667469,
            0
          ],
          [
            107.5172135,
            -6.866858,
            0
          ],
          [
            107.5174342,
            -6.8669686,
            0
          ],
          [
            107.5176534,
            -6.8670757,
            0
          ],
          [
            107.5178625,
            -6.8671767,
            0
          ],
          [
            107.5179976,
            -6.8672401,
            0
          ],
          [
            107.5183058,
            -6.8673783,
            0
          ],
          [
            107.5183672,
            -6.8673963,
            0
          ],
          [
            107.5185528,
            -6.8674486,
            0
          ],
          [
            107.5190095,
            -6.8675906,
            0
          ],
          [
            107.5190798,
            -6.8676144,
            0
          ],
          [
            107.5191264,
            -6.8676288,
            0
          ],
          [
            107.5191731,
            -6.8676432,
            0
          ],
          [
            107.5195447,
            -6.8677576,
            0
          ],
          [
            107.5196849,
            -6.8678007,
            0
          ],
          [
            107.5200389,
            -6.8679097,
            0
          ],
          [
            107.5201726,
            -6.8679508,
            0
          ],
          [
            107.5207876,
            -6.868147,
            0
          ],
          [
            107.5208297,
            -6.8681604,
            0
          ],
          [
            107.5209164,
            -6.8681885,
            0
          ],
          [
            107.5212073,
            -6.8682829,
            0
          ],
          [
            107.521271,
            -6.8683036,
            0
          ],
          [
            107.5214983,
            -6.8683763,
            0
          ],
          [
            107.5216087,
            -6.8684028,
            0
          ],
          [
            107.5217268,
            -6.8684273,
            0
          ],
          [
            107.521842,
            -6.8684414,
            0
          ],
          [
            107.5220823,
            -6.8684515,
            0
          ]
        ]
      },
      "properties": {
        "name": "Route Segment",
        "styleUrl": "#6151",
        "styleHash": "222f3238",
        "stroke": "#ED1C24",
        "stroke-opacity": 1,
        "stroke-width": 4
      },
      "id": "6150"
    },
    {
      "type": "Feature",
      "geometry": {
        "type": "LineString",
        "coordinates": [
          [
            107.611899,
            -6.9174826,
            0
          ],
          [
            107.6119825,
            -6.9175496,
            0
          ],
          [
            107.6120711,
            -6.9175975,
            0
          ],
          [
            107.6122347,
            -6.9176867,
            0
          ],
          [
            107.6123097,
            -6.9177292,
            0
          ],
          [
            107.6123714,
            -6.9177806,
            0
          ],
          [
            107.6123982,
            -6.9178198,
            0
          ],
          [
            107.6124143,
            -6.9178664,
            0
          ],
          [
            107.6124291,
            -6.917923,
            0
          ],
          [
            107.6124287,
            -6.9180727,
            0
          ],
          [
            107.6124237,
            -6.918134,
            0
          ],
          [
            107.6124184,
            -6.9181952,
            0
          ],
          [
            107.6124025,
            -6.9182678,
            0
          ]
        ]
      },
      "properties": {
        "name": "Route Segment",
        "styleUrl": "#6155",
        "styleHash": "6e761630",
        "stroke": "#ED1C24",
        "stroke-opacity": 1,
        "stroke-width": 4
      },
      "id": "6154"
    },
    {
      "type": "Feature",
      "geometry": {
        "type": "LineString",
        "coordinates": [
          [
            107.6027054,
            -6.916124,
            0
          ],
          [
            107.6031066,
            -6.9160901,
            0
          ]
        ]
      },
      "properties": {
        "name": "Jalan Suniaraja",
        "styleUrl": "#6159",
        "styleHash": "-7c9b160d",
        "stroke": "#ED1C24",
        "stroke-opacity": 1,
        "stroke-width": 4
      },
      "id": "6158"
    },
    {
      "type": "Feature",
      "geometry": {
        "type": "LineString",
        "coordinates": [
          [
            107.6024135,
            -6.9161558,
            0
          ],
          [
            107.6025153,
            -6.9161423,
            0
          ],
          [
            107.6027054,
            -6.916124,
            0
          ]
        ]
      },
      "properties": {
        "name": "Jalan Suniaraja",
        "styleUrl": "#6163",
        "styleHash": "-6887f50a",
        "stroke": "#ED1C24",
        "stroke-opacity": 1,
        "stroke-width": 4
      },
      "id": "6162"
    },
    {
      "type": "Feature",
      "geometry": {
        "type": "LineString",
        "coordinates": [
          [
            107.5693569,
            -6.9106219,
            0
          ],
          [
            107.5694743,
            -6.9106678,
            0
          ],
          [
            107.569668,
            -6.9107436,
            0
          ],
          [
            107.5699681,
            -6.910861,
            0
          ],
          [
            107.5701462,
            -6.9109306,
            0
          ],
          [
            107.5702926,
            -6.9109879,
            0
          ],
          [
            107.5704868,
            -6.9110639,
            0
          ],
          [
            107.5705813,
            -6.9111009,
            0
          ],
          [
            107.570662,
            -6.9111324,
            0
          ],
          [
            107.5710798,
            -6.9112958,
            0
          ],
          [
            107.5715519,
            -6.9114805,
            0
          ],
          [
            107.5717818,
            -6.9115704,
            0
          ],
          [
            107.5718363,
            -6.9115918,
            0
          ],
          [
            107.5720087,
            -6.9116592,
            0
          ],
          [
            107.5725782,
            -6.9118819,
            0
          ],
          [
            107.5729282,
            -6.9120185,
            0
          ]
        ]
      },
      "properties": {
        "name": "Jalan Rajawali Barat",
        "styleUrl": "#6167",
        "styleHash": "-1c411112",
        "stroke": "#ED1C24",
        "stroke-opacity": 1,
        "stroke-width": 4
      },
      "id": "6166"
    },
    {
      "type": "Feature",
      "geometry": {
        "type": "LineString",
        "coordinates": [
          [
            107.5776073,
            -6.9136496,
            0
          ],
          [
            107.5781901,
            -6.9137773,
            0
          ],
          [
            107.578358,
            -6.913811,
            0
          ],
          [
            107.5783915,
            -6.9138177,
            0
          ],
          [
            107.5785703,
            -6.9138613,
            0
          ],
          [
            107.5787813,
            -6.9139093,
            0
          ],
          [
            107.5797157,
            -6.9141156,
            0
          ],
          [
            107.57975,
            -6.9141241,
            0
          ],
          [
            107.5799582,
            -6.9141715,
            0
          ],
          [
            107.580286,
            -6.914244,
            0
          ],
          [
            107.5811424,
            -6.9144359,
            0
          ],
          [
            107.581181,
            -6.9144436,
            0
          ],
          [
            107.5812342,
            -6.9144543,
            0
          ],
          [
            107.5813503,
            -6.9144835,
            0
          ],
          [
            107.581468,
            -6.9145105,
            0
          ],
          [
            107.5817104,
            -6.914566,
            0
          ],
          [
            107.5817935,
            -6.9145894,
            0
          ],
          [
            107.5822948,
            -6.9147358,
            0
          ],
          [
            107.5825032,
            -6.9147967,
            0
          ]
        ]
      },
      "properties": {
        "name": "Jalan Rajawali Timur",
        "styleUrl": "#6171",
        "styleHash": "-3f860044",
        "stroke": "#ED1C24",
        "stroke-opacity": 1,
        "stroke-width": 4
      },
      "id": "6170"
    },
    {
      "type": "Feature",
      "geometry": {
        "type": "LineString",
        "coordinates": [
          [
            107.6070945,
            -6.9151362,
            0
          ],
          [
            107.6071194,
            -6.9149776,
            0
          ],
          [
            107.6071865,
            -6.9145473,
            0
          ],
          [
            107.6071931,
            -6.9145156,
            0
          ]
        ]
      },
      "properties": {
        "name": "Jalan Perintis Kemerdekaan",
        "styleUrl": "#6175",
        "styleHash": "cc0e3b4",
        "stroke": "#ED1C24",
        "stroke-opacity": 1,
        "stroke-width": 4
      },
      "id": "6174"
    },
    {
      "type": "Feature",
      "geometry": {
        "type": "LineString",
        "coordinates": [
          [
            107.5833434,
            -6.9150421,
            0
          ],
          [
            107.5835693,
            -6.9151171,
            0
          ],
          [
            107.5840303,
            -6.9152702,
            0
          ],
          [
            107.5843054,
            -6.9153628,
            0
          ],
          [
            107.5852167,
            -6.9156963,
            0
          ]
        ]
      },
      "properties": {
        "name": "Jalan Rajawali Timur",
        "styleUrl": "#6179",
        "styleHash": "21afb777",
        "stroke": "#ED1C24",
        "stroke-opacity": 1,
        "stroke-width": 4
      },
      "id": "6178"
    },
    {
      "type": "Feature",
      "geometry": {
        "type": "LineString",
        "coordinates": [
          [
            107.5858296,
            -6.9159179,
            0
          ],
          [
            107.5862132,
            -6.9160211,
            0
          ],
          [
            107.5869745,
            -6.9161187,
            0
          ],
          [
            107.5871346,
            -6.9161385,
            0
          ],
          [
            107.5875979,
            -6.9161866,
            0
          ],
          [
            107.5884105,
            -6.9162695,
            0
          ],
          [
            107.5887476,
            -6.9163133,
            0
          ],
          [
            107.5891032,
            -6.9163578,
            0
          ],
          [
            107.5895623,
            -6.9164063,
            0
          ],
          [
            107.5900726,
            -6.9164713,
            0
          ],
          [
            107.5904668,
            -6.9165055,
            0
          ]
        ]
      },
      "properties": {
        "name": "Jalan Rajawali Timur",
        "styleUrl": "#6183",
        "styleHash": "35c2d87a",
        "stroke": "#ED1C24",
        "stroke-opacity": 1,
        "stroke-width": 4
      },
      "id": "6182"
    },
    {
      "type": "Feature",
      "geometry": {
        "type": "LineString",
        "coordinates": [
          [
            107.5852167,
            -6.9156963,
            0
          ],
          [
            107.5853751,
            -6.9157549,
            0
          ],
          [
            107.5856065,
            -6.9158405,
            0
          ],
          [
            107.5858296,
            -6.9159179,
            0
          ]
        ]
      },
      "properties": {
        "name": "Jalan Rajawali Timur",
        "styleUrl": "#6187",
        "styleHash": "-7df6438e",
        "stroke": "#ED1C24",
        "stroke-opacity": 1,
        "stroke-width": 4
      },
      "id": "6186"
    },
    {
      "type": "Feature",
      "geometry": {
        "type": "LineString",
        "coordinates": [
          [
            107.6072498,
            -6.9211778,
            0
          ],
          [
            107.6072416,
            -6.9211767,
            0
          ],
          [
            107.6071663,
            -6.9211679,
            0
          ],
          [
            107.6071455,
            -6.9211653,
            0
          ]
        ]
      },
      "properties": {
        "name": "Jalan Asia Afrika",
        "styleUrl": "#6191",
        "styleHash": "5ec4cd40",
        "stroke": "#ED1C24",
        "stroke-opacity": 1,
        "stroke-width": 4
      },
      "id": "6190"
    },
    {
      "type": "Feature",
      "geometry": {
        "type": "LineString",
        "coordinates": [
          [
            107.5981927,
            -6.916324,
            0
          ],
          [
            107.5982715,
            -6.9163189,
            0
          ]
        ]
      },
      "properties": {
        "name": "Jalan Kebon Jati",
        "styleUrl": "#6195",
        "styleHash": "-54f44ec8",
        "stroke": "#ED1C24",
        "stroke-opacity": 1,
        "stroke-width": 4
      },
      "id": "6194"
    },
    {
      "type": "Feature",
      "geometry": {
        "type": "LineString",
        "coordinates": [
          [
            107.5910563,
            -6.9165244,
            0
          ],
          [
            107.5914837,
            -6.9165375,
            0
          ],
          [
            107.5917121,
            -6.9165436,
            0
          ],
          [
            107.5918399,
            -6.916547,
            0
          ],
          [
            107.5918967,
            -6.9165485,
            0
          ],
          [
            107.5921131,
            -6.9165479,
            0
          ],
          [
            107.5922517,
            -6.9165482,
            0
          ],
          [
            107.592535,
            -6.9165468,
            0
          ],
          [
            107.5927745,
            -6.9165275,
            0
          ],
          [
            107.5933422,
            -6.9164938,
            0
          ]
        ]
      },
      "properties": {
        "name": "Jalan Kebon Jati",
        "styleUrl": "#6199",
        "styleHash": "c508e90",
        "stroke": "#ED1C24",
        "stroke-opacity": 1,
        "stroke-width": 4
      },
      "id": "6198"
    },
    {
      "type": "Feature",
      "geometry": {
        "type": "LineString",
        "coordinates": [
          [
            107.575721,
            -6.9131092,
            0
          ],
          [
            107.5758021,
            -6.913142,
            0
          ]
        ]
      },
      "properties": {
        "name": "Jalan Rajawali Barat",
        "styleUrl": "#6203",
        "styleHash": "521f13e8",
        "stroke": "#ED1C24",
        "stroke-opacity": 1,
        "stroke-width": 4
      },
      "id": "6202"
    },
    {
      "type": "Feature",
      "geometry": {
        "type": "LineString",
        "coordinates": [
          [
            107.561879,
            -6.8986119,
            0
          ],
          [
            107.5616845,
            -6.8983006,
            0
          ]
        ]
      },
      "properties": {
        "name": "Jalan Layang Cimindi",
        "styleUrl": "#6207",
        "styleHash": "-619a0820",
        "stroke": "#ED1C24",
        "stroke-opacity": 1,
        "stroke-width": 4
      },
      "id": "6206"
    },
    {
      "type": "Feature",
      "geometry": {
        "type": "LineString",
        "coordinates": [
          [
            107.5439581,
            -6.8746902,
            0
          ],
          [
            107.5440471,
            -6.8747433,
            0
          ],
          [
            107.5441415,
            -6.8748005,
            0
          ],
          [
            107.5442734,
            -6.8748788,
            0
          ],
          [
            107.544369,
            -6.8749357,
            0
          ],
          [
            107.544421,
            -6.8749667,
            0
          ],
          [
            107.5446406,
            -6.875103,
            0
          ],
          [
            107.5447713,
            -6.8751823,
            0
          ],
          [
            107.5448011,
            -6.8752004,
            0
          ],
          [
            107.5450897,
            -6.8753753,
            0
          ],
          [
            107.5451296,
            -6.8753995,
            0
          ],
          [
            107.5454809,
            -6.8756124,
            0
          ],
          [
            107.5456005,
            -6.875685,
            0
          ],
          [
            107.5456552,
            -6.8757181,
            0
          ]
        ]
      },
      "properties": {
        "name": "Jalan Jend. H. Amir Machmud",
        "styleUrl": "#6211",
        "styleHash": "7b2108ae",
        "stroke": "#ED1C24",
        "stroke-opacity": 1,
        "stroke-width": 4
      },
      "id": "6210"
    },
    {
      "type": "Feature",
      "geometry": {
        "type": "LineString",
        "coordinates": [
          [
            107.4971959,
            -6.8514713,
            0
          ],
          [
            107.4972695,
            -6.8515233,
            0
          ],
          [
            107.4973395,
            -6.8515925,
            0
          ]
        ]
      },
      "properties": {
        "name": "Jalan Raya Padalarang",
        "styleUrl": "#6215",
        "styleHash": "-3898135a",
        "stroke": "#ED1C24",
        "stroke-opacity": 1,
        "stroke-width": 4
      },
      "id": "6214"
    },
    {
      "type": "Feature",
      "geometry": {
        "type": "LineString",
        "coordinates": [
          [
            107.5410215,
            -6.8728785,
            0
          ],
          [
            107.5411233,
            -6.8729412,
            0
          ],
          [
            107.5412215,
            -6.8730016,
            0
          ]
        ]
      },
      "properties": {
        "name": "Jalan Jend. H. Amir Machmud",
        "styleUrl": "#6219",
        "styleHash": "-23a93f97",
        "stroke": "#ED1C24",
        "stroke-opacity": 1,
        "stroke-width": 4
      },
      "id": "6218"
    },
    {
      "type": "Feature",
      "geometry": {
        "type": "LineString",
        "coordinates": [
          [
            107.4962036,
            -6.8508025,
            0
          ],
          [
            107.4967304,
            -6.8511712,
            0
          ],
          [
            107.4968808,
            -6.8512765,
            0
          ],
          [
            107.4969413,
            -6.8513159,
            0
          ]
        ]
      },
      "properties": {
        "name": "Jalan Raya Padalarang",
        "styleUrl": "#6223",
        "styleHash": "-f961e94",
        "stroke": "#ED1C24",
        "stroke-opacity": 1,
        "stroke-width": 4
      },
      "id": "6222"
    },
    {
      "type": "Feature",
      "geometry": {
        "type": "LineString",
        "coordinates": [
          [
            107.5620012,
            -6.8987045,
            0
          ],
          [
            107.5620174,
            -6.8987312,
            0
          ],
          [
            107.5621826,
            -6.8990042,
            0
          ],
          [
            107.5622982,
            -6.8991952,
            0
          ],
          [
            107.5625724,
            -6.8996485,
            0
          ],
          [
            107.5628847,
            -6.9001643,
            0
          ],
          [
            107.563072,
            -6.9004738,
            0
          ],
          [
            107.5632153,
            -6.9007184,
            0
          ],
          [
            107.5636794,
            -6.9014774,
            0
          ],
          [
            107.5637732,
            -6.9016307,
            0
          ],
          [
            107.563792,
            -6.9016635,
            0
          ],
          [
            107.5640291,
            -6.9020553,
            0
          ],
          [
            107.5641386,
            -6.9022362,
            0
          ],
          [
            107.5641814,
            -6.902307,
            0
          ],
          [
            107.5644255,
            -6.9027102,
            0
          ],
          [
            107.5645114,
            -6.9028522,
            0
          ],
          [
            107.56478,
            -6.903296,
            0
          ],
          [
            107.5648032,
            -6.9033346,
            0
          ],
          [
            107.565195,
            -6.9039875,
            0
          ],
          [
            107.565423,
            -6.9043586,
            0
          ],
          [
            107.5654748,
            -6.9044437,
            0
          ],
          [
            107.5657296,
            -6.9048651,
            0
          ]
        ]
      },
      "properties": {
        "name": "Jalan Jend. H. Amir Machmud",
        "styleUrl": "#6227",
        "styleHash": "3cb0c564",
        "stroke": "#ED1C24",
        "stroke-opacity": 1,
        "stroke-width": 4
      },
      "id": "6226"
    },
    {
      "type": "Feature",
      "geometry": {
        "type": "LineString",
        "coordinates": [
          [
            107.5034117,
            -6.8632727,
            0
          ],
          [
            107.5034772,
            -6.8633105,
            0
          ],
          [
            107.5035566,
            -6.8633604,
            0
          ],
          [
            107.5037925,
            -6.8634899,
            0
          ],
          [
            107.5039209,
            -6.8635608,
            0
          ],
          [
            107.5043597,
            -6.8637873,
            0
          ],
          [
            107.5044255,
            -6.8638215,
            0
          ],
          [
            107.5047344,
            -6.8639832,
            0
          ]
        ]
      },
      "properties": {
        "name": "Jalan Nasional III",
        "styleUrl": "#6231",
        "styleHash": "196bd632",
        "stroke": "#ED1C24",
        "stroke-opacity": 1,
        "stroke-width": 4
      },
      "id": "6230"
    },
    {
      "type": "Feature",
      "geometry": {
        "type": "LineString",
        "coordinates": [
          [
            107.4975473,
            -6.8521126,
            0
          ],
          [
            107.4975711,
            -6.8522828,
            0
          ],
          [
            107.4976172,
            -6.8525845,
            0
          ],
          [
            107.4976105,
            -6.8526293,
            0
          ]
        ]
      },
      "properties": {
        "name": "Jalan Raya Padalarang",
        "styleUrl": "#6235",
        "styleHash": "65b2ba2a",
        "stroke": "#ED1C24",
        "stroke-opacity": 1,
        "stroke-width": 4
      },
      "id": "6234"
    },
    {
      "type": "Feature",
      "geometry": {
        "type": "LineString",
        "coordinates": [
          [
            107.5261248,
            -6.8684369,
            0
          ],
          [
            107.5262229,
            -6.8684691,
            0
          ],
          [
            107.5263122,
            -6.8685064,
            0
          ],
          [
            107.5263898,
            -6.8685422,
            0
          ],
          [
            107.5264225,
            -6.8685573,
            0
          ],
          [
            107.5266094,
            -6.8686384,
            0
          ],
          [
            107.5270877,
            -6.8688731,
            0
          ],
          [
            107.5271548,
            -6.868908,
            0
          ],
          [
            107.5273141,
            -6.8689718,
            0
          ],
          [
            107.5274989,
            -6.8690436,
            0
          ],
          [
            107.5275841,
            -6.8690682,
            0
          ],
          [
            107.527662,
            -6.8690849,
            0
          ],
          [
            107.5277986,
            -6.8691038,
            0
          ],
          [
            107.5278876,
            -6.8691021,
            0
          ],
          [
            107.5279891,
            -6.8690928,
            0
          ],
          [
            107.5281475,
            -6.8690695,
            0
          ],
          [
            107.5281996,
            -6.8690592,
            0
          ],
          [
            107.5283978,
            -6.8690203,
            0
          ],
          [
            107.5284509,
            -6.8690086,
            0
          ],
          [
            107.5285738,
            -6.8689815,
            0
          ],
          [
            107.5288591,
            -6.8689212,
            0
          ],
          [
            107.5289883,
            -6.8688991,
            0
          ],
          [
            107.5293786,
            -6.8688406,
            0
          ],
          [
            107.5300087,
            -6.868775,
            0
          ],
          [
            107.5302545,
            -6.8687509,
            0
          ],
          [
            107.5303683,
            -6.8687397,
            0
          ],
          [
            107.5306127,
            -6.8687157,
            0
          ],
          [
            107.5307996,
            -6.8686984,
            0
          ],
          [
            107.5309254,
            -6.8686864,
            0
          ],
          [
            107.5311366,
            -6.8686647,
            0
          ],
          [
            107.5311768,
            -6.86866,
            0
          ],
          [
            107.5313217,
            -6.8686505,
            0
          ],
          [
            107.5314385,
            -6.8686555,
            0
          ],
          [
            107.5315089,
            -6.8686615,
            0
          ],
          [
            107.5315735,
            -6.8686772,
            0
          ],
          [
            107.5317099,
            -6.8687176,
            0
          ],
          [
            107.5318119,
            -6.8687546,
            0
          ],
          [
            107.5318553,
            -6.8687705,
            0
          ],
          [
            107.531878,
            -6.8687794,
            0
          ],
          [
            107.5319386,
            -6.8688013,
            0
          ],
          [
            107.5322086,
            -6.8688988,
            0
          ],
          [
            107.5324551,
            -6.8689856,
            0
          ],
          [
            107.5327957,
            -6.8691022,
            0
          ],
          [
            107.5330853,
            -6.8692167,
            0
          ]
        ]
      },
      "properties": {
        "name": "Jalan Jend. H. Amir Machmud",
        "styleUrl": "#6239",
        "styleHash": "7aa18ded",
        "stroke": "#ED1C24",
        "stroke-opacity": 1,
        "stroke-width": 4
      },
      "id": "6238"
    },
    {
      "type": "Feature",
      "geometry": {
        "type": "LineString",
        "coordinates": [
          [
            107.4975063,
            -6.8519776,
            0
          ],
          [
            107.4975473,
            -6.8521126,
            0
          ]
        ]
      },
      "properties": {
        "name": "Jalan Raya Padalarang",
        "styleUrl": "#6243",
        "styleHash": "-714b5110",
        "stroke": "#ED1C24",
        "stroke-opacity": 1,
        "stroke-width": 4
      },
      "id": "6242"
    },
    {
      "type": "Feature",
      "geometry": {
        "type": "LineString",
        "coordinates": [
          [
            107.496525,
            -6.8427291,
            0
          ],
          [
            107.4967008,
            -6.8428702,
            0
          ],
          [
            107.4969585,
            -6.8430995,
            0
          ],
          [
            107.4971931,
            -6.8433132,
            0
          ],
          [
            107.4973786,
            -6.8434878,
            0
          ],
          [
            107.4975781,
            -6.8436854,
            0
          ],
          [
            107.497982,
            -6.8440435,
            0
          ],
          [
            107.498048,
            -6.8441045,
            0
          ],
          [
            107.498056,
            -6.8441191,
            0
          ],
          [
            107.4980804,
            -6.8441637,
            0
          ],
          [
            107.4980972,
            -6.8442255,
            0
          ],
          [
            107.4981043,
            -6.8443239,
            0
          ],
          [
            107.498095,
            -6.8444568,
            0
          ]
        ]
      },
      "properties": {
        "name": "Jalan Cihaliwung",
        "styleUrl": "#6247",
        "styleHash": "-25046d18",
        "stroke": "#ED1C24",
        "stroke-opacity": 1,
        "stroke-width": 4
      },
      "id": "6246"
    },
    {
      "type": "Feature",
      "geometry": {
        "type": "LineString",
        "coordinates": [
          [
            107.4987182,
            -6.8581066,
            0
          ],
          [
            107.4987288,
            -6.8582512,
            0
          ],
          [
            107.4987562,
            -6.8584531,
            0
          ],
          [
            107.4987799,
            -6.8586327,
            0
          ],
          [
            107.4988095,
            -6.8588159,
            0
          ],
          [
            107.498846,
            -6.8589418,
            0
          ],
          [
            107.4988952,
            -6.8590747,
            0
          ],
          [
            107.4989519,
            -6.859192,
            0
          ],
          [
            107.499024,
            -6.8593264,
            0
          ],
          [
            107.4991209,
            -6.8594557,
            0
          ],
          [
            107.4992202,
            -6.8595603,
            0
          ],
          [
            107.4993675,
            -6.8597221,
            0
          ],
          [
            107.4995891,
            -6.8599902,
            0
          ],
          [
            107.4997744,
            -6.8601871,
            0
          ],
          [
            107.4998426,
            -6.8602605,
            0
          ],
          [
            107.5001629,
            -6.8605893,
            0
          ],
          [
            107.500195,
            -6.8606217,
            0
          ],
          [
            107.5003415,
            -6.860773,
            0
          ],
          [
            107.5004973,
            -6.8609384,
            0
          ],
          [
            107.5006628,
            -6.8611039,
            0
          ],
          [
            107.5010639,
            -6.8614908,
            0
          ],
          [
            107.5012224,
            -6.8616525,
            0
          ],
          [
            107.5014146,
            -6.8618608,
            0
          ],
          [
            107.5015639,
            -6.8620124,
            0
          ],
          [
            107.5016093,
            -6.8620563,
            0
          ],
          [
            107.5018806,
            -6.8623184,
            0
          ],
          [
            107.5021156,
            -6.8625154,
            0
          ],
          [
            107.5022805,
            -6.8626367,
            0
          ],
          [
            107.5025833,
            -6.8628122,
            0
          ],
          [
            107.5028237,
            -6.8629469,
            0
          ],
          [
            107.502934,
            -6.8630015,
            0
          ],
          [
            107.5031549,
            -6.8631253,
            0
          ],
          [
            107.5031733,
            -6.8631354,
            0
          ],
          [
            107.5032331,
            -6.8631683,
            0
          ],
          [
            107.5033168,
            -6.8632144,
            0
          ],
          [
            107.5034117,
            -6.8632727,
            0
          ]
        ]
      },
      "properties": {
        "name": "Jalan Nasional III",
        "styleUrl": "#6251",
        "styleHash": "-48495c4a",
        "stroke": "#ED1C24",
        "stroke-opacity": 1,
        "stroke-width": 4
      },
      "id": "6250"
    },
    {
      "type": "Feature",
      "geometry": {
        "type": "LineString",
        "coordinates": [
          [
            107.5470332,
            -6.8765381,
            0
          ],
          [
            107.5471154,
            -6.8765898,
            0
          ]
        ]
      },
      "properties": {
        "name": "Jalan Jend. H. Amir Machmud",
        "styleUrl": "#6255",
        "styleHash": "3fd87ae",
        "stroke": "#ED1C24",
        "stroke-opacity": 1,
        "stroke-width": 4
      },
      "id": "6254"
    },
    {
      "type": "Feature",
      "geometry": {
        "type": "LineString",
        "coordinates": [
          [
            107.5471154,
            -6.8765898,
            0
          ],
          [
            107.5473626,
            -6.8767421,
            0
          ],
          [
            107.5477789,
            -6.8769985,
            0
          ],
          [
            107.5481509,
            -6.8772403,
            0
          ],
          [
            107.5486081,
            -6.8775295,
            0
          ],
          [
            107.5487336,
            -6.8776074,
            0
          ],
          [
            107.548959,
            -6.8777456,
            0
          ]
        ]
      },
      "properties": {
        "name": "Jalan Jend. H. Amir Machmud",
        "styleUrl": "#6259",
        "styleHash": "18ec5b71",
        "stroke": "#ED1C24",
        "stroke-opacity": 1,
        "stroke-width": 4
      },
      "id": "6258"
    },
    {
      "type": "Feature",
      "geometry": {
        "type": "LineString",
        "coordinates": [
          [
            107.6120118,
            -6.9217387,
            0
          ],
          [
            107.6118192,
            -6.9217111,
            0
          ],
          [
            107.6114983,
            -6.9216723,
            0
          ],
          [
            107.6114205,
            -6.9216629,
            0
          ],
          [
            107.6112374,
            -6.9216415,
            0
          ],
          [
            107.6110406,
            -6.921618,
            0
          ],
          [
            107.6108437,
            -6.9215945,
            0
          ],
          [
            107.6106298,
            -6.9215692,
            0
          ],
          [
            107.6104268,
            -6.9215449,
            0
          ],
          [
            107.610212,
            -6.9215192,
            0
          ],
          [
            107.6101457,
            -6.9215112,
            0
          ],
          [
            107.6099811,
            -6.9214915,
            0
          ],
          [
            107.6099361,
            -6.9214856,
            0
          ],
          [
            107.6098247,
            -6.9214728,
            0
          ],
          [
            107.6094601,
            -6.9214292,
            0
          ],
          [
            107.6092781,
            -6.9214081,
            0
          ],
          [
            107.6088891,
            -6.9213611,
            0
          ],
          [
            107.6087887,
            -6.9213491,
            0
          ],
          [
            107.6087588,
            -6.9213455,
            0
          ],
          [
            107.6086038,
            -6.921327,
            0
          ],
          [
            107.6082301,
            -6.921281,
            0
          ],
          [
            107.6081802,
            -6.9212757,
            0
          ],
          [
            107.6080507,
            -6.92126,
            0
          ]
        ]
      },
      "properties": {
        "name": "Jalan Asia Afrika",
        "styleUrl": "#6263",
        "styleHash": "2cff7c74",
        "stroke": "#ED1C24",
        "stroke-opacity": 1,
        "stroke-width": 4
      },
      "id": "6262"
    },
    {
      "type": "Feature",
      "geometry": {
        "type": "LineString",
        "coordinates": [
          [
            107.6077991,
            -6.9212366,
            0
          ],
          [
            107.6076803,
            -6.9212261,
            0
          ],
          [
            107.6075733,
            -6.9212152,
            0
          ],
          [
            107.6072498,
            -6.9211778,
            0
          ]
        ]
      },
      "properties": {
        "name": "Jalan Asia Afrika",
        "styleUrl": "#6267",
        "styleHash": "7946606c",
        "stroke": "#ED1C24",
        "stroke-opacity": 1,
        "stroke-width": 4
      },
      "id": "6266"
    },
    {
      "type": "Feature",
      "geometry": {
        "type": "LineString",
        "coordinates": [
          [
            107.5408249,
            -6.872758,
            0
          ],
          [
            107.5408995,
            -6.8728035,
            0
          ]
        ]
      },
      "properties": {
        "name": "Jalan Jend. H. Amir Machmud",
        "styleUrl": "#6271",
        "styleHash": "5601713a",
        "stroke": "#ED1C24",
        "stroke-opacity": 1,
        "stroke-width": 4
      },
      "id": "6270"
    },
    {
      "type": "Feature",
      "geometry": {
        "type": "LineString",
        "coordinates": [
          [
            107.5391134,
            -6.8717381,
            0
          ],
          [
            107.539235,
            -6.8718115,
            0
          ],
          [
            107.5393459,
            -6.8718791,
            0
          ],
          [
            107.5395511,
            -6.8720061,
            0
          ],
          [
            107.5396118,
            -6.872043,
            0
          ]
        ]
      },
      "properties": {
        "name": "Jalan Jend. H. Amir Machmud",
        "styleUrl": "#6275",
        "styleHash": "-5db7aace",
        "stroke": "#ED1C24",
        "stroke-opacity": 1,
        "stroke-width": 4
      },
      "id": "6274"
    },
    {
      "type": "Feature",
      "geometry": {
        "type": "LineString",
        "coordinates": [
          [
            107.5396118,
            -6.872043,
            0
          ],
          [
            107.5399548,
            -6.8722548,
            0
          ],
          [
            107.5400294,
            -6.8723014,
            0
          ],
          [
            107.5403035,
            -6.8724715,
            0
          ],
          [
            107.5403649,
            -6.8725096,
            0
          ],
          [
            107.5406997,
            -6.8727172,
            0
          ],
          [
            107.540747,
            -6.8727452,
            0
          ]
        ]
      },
      "properties": {
        "name": "Jalan Jend. H. Amir Machmud",
        "styleUrl": "#6279",
        "styleHash": "-48c8d70b",
        "stroke": "#ED1C24",
        "stroke-opacity": 1,
        "stroke-width": 4
      },
      "id": "6278"
    },
    {
      "type": "Feature",
      "geometry": {
        "type": "LineString",
        "coordinates": [
          [
            107.5958562,
            -6.9163894,
            0
          ],
          [
            107.5959698,
            -6.9163849,
            0
          ]
        ]
      },
      "properties": {
        "name": "Jalan Kebon Jati",
        "styleUrl": "#6283",
        "styleHash": "-34b5b608",
        "stroke": "#ED1C24",
        "stroke-opacity": 1,
        "stroke-width": 4
      },
      "id": "6282"
    },
    {
      "type": "Feature",
      "geometry": {
        "type": "LineString",
        "coordinates": [
          [
            107.5959698,
            -6.9163849,
            0
          ],
          [
            107.5962263,
            -6.9163777,
            0
          ],
          [
            107.596307,
            -6.9163766,
            0
          ],
          [
            107.5963955,
            -6.9163741,
            0
          ],
          [
            107.5966005,
            -6.9163694,
            0
          ],
          [
            107.5967032,
            -6.9163671,
            0
          ],
          [
            107.5974046,
            -6.916344,
            0
          ],
          [
            107.5980505,
            -6.9163289,
            0
          ],
          [
            107.5980926,
            -6.9163279,
            0
          ],
          [
            107.5981927,
            -6.916324,
            0
          ]
        ]
      },
      "properties": {
        "name": "Jalan Kebon Jati",
        "styleUrl": "#6287",
        "styleHash": "17912df0",
        "stroke": "#ED1C24",
        "stroke-opacity": 1,
        "stroke-width": 4
      },
      "id": "6286"
    },
    {
      "type": "Feature",
      "geometry": {
        "type": "LineString",
        "coordinates": [
          [
            107.5047344,
            -6.8639832,
            0
          ],
          [
            107.5049911,
            -6.8641067,
            0
          ],
          [
            107.5050586,
            -6.8641392,
            0
          ],
          [
            107.5051499,
            -6.8641787,
            0
          ],
          [
            107.5051913,
            -6.8641937,
            0
          ],
          [
            107.5052503,
            -6.8642111,
            0
          ],
          [
            107.5053149,
            -6.8642263,
            0
          ],
          [
            107.5053817,
            -6.8642351,
            0
          ],
          [
            107.5054411,
            -6.8642368,
            0
          ],
          [
            107.5054978,
            -6.8642341,
            0
          ],
          [
            107.5055404,
            -6.864229,
            0
          ]
        ]
      },
      "properties": {
        "name": "Jalan Nasional III",
        "styleUrl": "#6291",
        "styleHash": "-bb3c142",
        "stroke": "#ED1C24",
        "stroke-opacity": 1,
        "stroke-width": 4
      },
      "id": "6290"
    },
    {
      "type": "Feature",
      "geometry": {
        "type": "LineString",
        "coordinates": [
          [
            107.5055404,
            -6.864229,
            0
          ],
          [
            107.5056235,
            -6.864215,
            0
          ],
          [
            107.505703,
            -6.8641943,
            0
          ],
          [
            107.5063671,
            -6.864027,
            0
          ],
          [
            107.5065856,
            -6.8639771,
            0
          ],
          [
            107.5070193,
            -6.863866,
            0
          ],
          [
            107.5077676,
            -6.863685,
            0
          ],
          [
            107.5082119,
            -6.8635741,
            0
          ],
          [
            107.5086465,
            -6.8634599,
            0
          ],
          [
            107.5087248,
            -6.8634388,
            0
          ],
          [
            107.5094028,
            -6.8632576,
            0
          ],
          [
            107.5094818,
            -6.863253,
            0
          ],
          [
            107.5095628,
            -6.8632583,
            0
          ],
          [
            107.5096207,
            -6.8632683,
            0
          ],
          [
            107.5097112,
            -6.8632909,
            0
          ],
          [
            107.5098225,
            -6.8633262,
            0
          ],
          [
            107.5099964,
            -6.863395,
            0
          ],
          [
            107.5100491,
            -6.8634203,
            0
          ],
          [
            107.510072,
            -6.8634302,
            0
          ],
          [
            107.5104217,
            -6.8635854,
            0
          ],
          [
            107.5106152,
            -6.8636745,
            0
          ],
          [
            107.5106923,
            -6.8637105,
            0
          ],
          [
            107.510966,
            -6.8638385,
            0
          ],
          [
            107.5111617,
            -6.8639301,
            0
          ],
          [
            107.5113852,
            -6.8640346,
            0
          ],
          [
            107.5119852,
            -6.8643131,
            0
          ],
          [
            107.5120662,
            -6.8643533,
            0
          ],
          [
            107.5123015,
            -6.8644685,
            0
          ],
          [
            107.5125224,
            -6.8645767,
            0
          ],
          [
            107.5128242,
            -6.8647258,
            0
          ],
          [
            107.5130197,
            -6.8648201,
            0
          ],
          [
            107.513398,
            -6.865018,
            0
          ],
          [
            107.5134421,
            -6.8650411,
            0
          ],
          [
            107.513879,
            -6.8652552,
            0
          ],
          [
            107.5140447,
            -6.8653343,
            0
          ],
          [
            107.5150775,
            -6.8658424,
            0
          ],
          [
            107.5151703,
            -6.8658917,
            0
          ],
          [
            107.5152076,
            -6.8659101,
            0
          ],
          [
            107.5156233,
            -6.8661135,
            0
          ],
          [
            107.5156622,
            -6.866132,
            0
          ]
        ]
      },
      "properties": {
        "name": "Jalan Nasional III",
        "styleUrl": "#6295",
        "styleHash": "409322b6",
        "stroke": "#ED1C24",
        "stroke-opacity": 1,
        "stroke-width": 4
      },
      "id": "6294"
    },
    {
      "type": "Feature",
      "geometry": {
        "type": "LineString",
        "coordinates": [
          [
            107.5160919,
            -6.8663299,
            0
          ],
          [
            107.5161279,
            -6.866347,
            0
          ],
          [
            107.5164712,
            -6.8665071,
            0
          ],
          [
            107.5167612,
            -6.8666428,
            0
          ],
          [
            107.5169868,
            -6.8667469,
            0
          ]
        ]
      },
      "properties": {
        "name": "Route Segment",
        "styleUrl": "#6299",
        "styleHash": "-5e27fff2",
        "stroke": "#ED1C24",
        "stroke-opacity": 1,
        "stroke-width": 4
      },
      "id": "6298"
    },
    {
      "type": "Feature",
      "geometry": {
        "type": "LineString",
        "coordinates": [
          [
            107.5587275,
            -6.8933688,
            0
          ],
          [
            107.5587783,
            -6.8934551,
            0
          ]
        ]
      },
      "properties": {
        "name": "Jalan Jend. H. Amir Machmud",
        "styleUrl": "#6303",
        "styleHash": "-18597a9a",
        "stroke": "#ED1C24",
        "stroke-opacity": 1,
        "stroke-width": 4
      },
      "id": "6302"
    },
    {
      "type": "Feature",
      "geometry": {
        "type": "LineString",
        "coordinates": [
          [
            107.558593,
            -6.8931439,
            0
          ],
          [
            107.5587005,
            -6.8933236,
            0
          ],
          [
            107.5587275,
            -6.8933688,
            0
          ]
        ]
      },
      "properties": {
        "name": "Jalan Jend. H. Amir Machmud",
        "styleUrl": "#6307",
        "styleHash": "33ed695e",
        "stroke": "#ED1C24",
        "stroke-opacity": 1,
        "stroke-width": 4
      },
      "id": "6306"
    },
    {
      "type": "Feature",
      "geometry": {
        "type": "LineString",
        "coordinates": [
          [
            107.5587916,
            -6.8934809,
            0
          ],
          [
            107.5588855,
            -6.8937179,
            0
          ]
        ]
      },
      "properties": {
        "name": "Jalan Layang Cimindi",
        "styleUrl": "#6311",
        "styleHash": "10a87a2c",
        "stroke": "#ED1C24",
        "stroke-opacity": 1,
        "stroke-width": 4
      },
      "id": "6310"
    },
    {
      "type": "Feature",
      "geometry": {
        "type": "LineString",
        "coordinates": [
          [
            107.5531885,
            -6.8843128,
            0
          ],
          [
            107.5531006,
            -6.8841655,
            0
          ],
          [
            107.5529605,
            -6.8839307,
            0
          ],
          [
            107.5529416,
            -6.883899,
            0
          ],
          [
            107.5528472,
            -6.8837408,
            0
          ],
          [
            107.5527794,
            -6.8836271,
            0
          ],
          [
            107.5527092,
            -6.8835093,
            0
          ],
          [
            107.5526121,
            -6.8833467,
            0
          ],
          [
            107.5525863,
            -6.8833033,
            0
          ],
          [
            107.5524109,
            -6.8830094,
            0
          ],
          [
            107.5522959,
            -6.8828167,
            0
          ],
          [
            107.5522386,
            -6.8827206,
            0
          ],
          [
            107.5520817,
            -6.8824713,
            0
          ],
          [
            107.5519439,
            -6.8822442,
            0
          ],
          [
            107.5518178,
            -6.8820536,
            0
          ],
          [
            107.5515938,
            -6.8816947,
            0
          ],
          [
            107.5515007,
            -6.8815314,
            0
          ],
          [
            107.5513132,
            -6.8812126,
            0
          ],
          [
            107.5510818,
            -6.8808273,
            0
          ],
          [
            107.5510407,
            -6.8807588,
            0
          ],
          [
            107.5509549,
            -6.8806153,
            0
          ],
          [
            107.5507239,
            -6.8802572,
            0
          ],
          [
            107.550617,
            -6.8800913,
            0
          ],
          [
            107.5505345,
            -6.8799545,
            0
          ],
          [
            107.5504164,
            -6.8797669,
            0
          ],
          [
            107.5503819,
            -6.8797123,
            0
          ],
          [
            107.5503366,
            -6.8796404,
            0
          ],
          [
            107.5501318,
            -6.8792963,
            0
          ],
          [
            107.5500491,
            -6.8791569,
            0
          ],
          [
            107.5499778,
            -6.8790409,
            0
          ],
          [
            107.5498734,
            -6.8788724,
            0
          ],
          [
            107.5498308,
            -6.8788036,
            0
          ],
          [
            107.549812,
            -6.8787698,
            0
          ]
        ]
      },
      "properties": {
        "name": "Jalan Jend. H. Amir Machmud",
        "styleUrl": "#6315",
        "styleHash": "5cef5e24",
        "stroke": "#ED1C24",
        "stroke-opacity": 1,
        "stroke-width": 4
      },
      "id": "6314"
    },
    {
      "type": "Feature",
      "geometry": {
        "type": "LineString",
        "coordinates": [
          [
            107.5554797,
            -6.8879517,
            0
          ],
          [
            107.5557192,
            -6.888343,
            0
          ],
          [
            107.5559388,
            -6.8886859,
            0
          ],
          [
            107.5559992,
            -6.8887802,
            0
          ],
          [
            107.5562442,
            -6.8891982,
            0
          ],
          [
            107.5566931,
            -6.889986,
            0
          ],
          [
            107.5568497,
            -6.8902446,
            0
          ],
          [
            107.5572088,
            -6.8908164,
            0
          ],
          [
            107.5572447,
            -6.8908741,
            0
          ],
          [
            107.5575829,
            -6.8914103,
            0
          ],
          [
            107.5576545,
            -6.8915256,
            0
          ],
          [
            107.5580359,
            -6.8921818,
            0
          ],
          [
            107.5580847,
            -6.8922657,
            0
          ],
          [
            107.5581322,
            -6.8923483,
            0
          ],
          [
            107.558593,
            -6.8931439,
            0
          ]
        ]
      },
      "properties": {
        "name": "Jalan Jend. H. Amir Machmud",
        "styleUrl": "#6319",
        "styleHash": "71de31e7",
        "stroke": "#ED1C24",
        "stroke-opacity": 1,
        "stroke-width": 4
      },
      "id": "6318"
    },
    {
      "type": "Feature",
      "geometry": {
        "type": "LineString",
        "coordinates": [
          [
            107.4956199,
            -6.8503909,
            0
          ],
          [
            107.4960649,
            -6.8507054,
            0
          ],
          [
            107.4961485,
            -6.850764,
            0
          ],
          [
            107.4962036,
            -6.8508025,
            0
          ]
        ]
      },
      "properties": {
        "name": "Jalan Raya Padalarang",
        "styleUrl": "#6323",
        "styleHash": "-7a0ead16",
        "stroke": "#ED1C24",
        "stroke-opacity": 1,
        "stroke-width": 4
      },
      "id": "6322"
    },
    {
      "type": "Feature",
      "geometry": {
        "type": "LineString",
        "coordinates": [
          [
            107.4633229,
            -6.8648918,
            0
          ],
          [
            107.4632416,
            -6.8649937,
            0
          ],
          [
            107.4631534,
            -6.865051,
            0
          ],
          [
            107.4630521,
            -6.8650799,
            0
          ],
          [
            107.4629468,
            -6.8650779,
            0
          ],
          [
            107.4628467,
            -6.8650452,
            0
          ],
          [
            107.4627441,
            -6.8649677,
            0
          ],
          [
            107.4626698,
            -6.864858,
            0
          ],
          [
            107.4626521,
            -6.8647333,
            0
          ],
          [
            107.4626671,
            -6.8646301,
            0
          ]
        ]
      },
      "properties": {
        "name": "Route Segment",
        "styleUrl": "#6327",
        "styleHash": "-2dc7c91e",
        "stroke": "#ED1C24",
        "stroke-opacity": 1,
        "stroke-width": 4
      },
      "id": "6326"
    },
    {
      "type": "Feature",
      "geometry": {
        "type": "LineString",
        "coordinates": [
          [
            107.5494026,
            -6.8780936,
            0
          ],
          [
            107.5495541,
            -6.8782893,
            0
          ],
          [
            107.5496587,
            -6.8784451,
            0
          ],
          [
            107.5497177,
            -6.878543,
            0
          ],
          [
            107.5497815,
            -6.8786488,
            0
          ],
          [
            107.5498008,
            -6.8786901,
            0
          ],
          [
            107.549812,
            -6.8787698,
            0
          ]
        ]
      },
      "properties": {
        "name": "Jalan Jend. H. Amir Machmud",
        "styleUrl": "#6331",
        "styleHash": "-510cb850",
        "stroke": "#ED1C24",
        "stroke-opacity": 1,
        "stroke-width": 4
      },
      "id": "6330"
    },
    {
      "type": "Feature",
      "geometry": {
        "type": "LineString",
        "coordinates": [
          [
            107.540747,
            -6.8727452,
            0
          ],
          [
            107.5408249,
            -6.872758,
            0
          ]
        ]
      },
      "properties": {
        "name": "Jalan Jend. H. Amir Machmud",
        "styleUrl": "#6335",
        "styleHash": "-4c5d458",
        "stroke": "#ED1C24",
        "stroke-opacity": 1,
        "stroke-width": 4
      },
      "id": "6334"
    },
    {
      "type": "Feature",
      "geometry": {
        "type": "LineString",
        "coordinates": [
          [
            107.533145,
            -6.8692367,
            0
          ],
          [
            107.5331785,
            -6.8692495,
            0
          ],
          [
            107.5335628,
            -6.8693791,
            0
          ],
          [
            107.5337126,
            -6.8694306,
            0
          ],
          [
            107.5337447,
            -6.8694416,
            0
          ],
          [
            107.5339049,
            -6.8694966,
            0
          ],
          [
            107.5341763,
            -6.8696061,
            0
          ],
          [
            107.5342233,
            -6.8696235,
            0
          ],
          [
            107.5343842,
            -6.869692,
            0
          ]
        ]
      },
      "properties": {
        "name": "Jalan Jend. H. Amir Machmud",
        "styleUrl": "#6339",
        "styleHash": "1028ff6b",
        "stroke": "#ED1C24",
        "stroke-opacity": 1,
        "stroke-width": 4
      },
      "id": "6338"
    },
    {
      "type": "Feature",
      "geometry": {
        "type": "LineString",
        "coordinates": [
          [
            107.5330853,
            -6.8692167,
            0
          ],
          [
            107.533145,
            -6.8692367,
            0
          ]
        ]
      },
      "properties": {
        "name": "Jalan Jend. H. Amir Machmud",
        "styleUrl": "#6343",
        "styleHash": "243c206e",
        "stroke": "#ED1C24",
        "stroke-opacity": 1,
        "stroke-width": 4
      },
      "id": "6342"
    },
    {
      "type": "Feature",
      "geometry": {
        "type": "LineString",
        "coordinates": [
          [
            107.4870991,
            -6.8578224,
            0
          ],
          [
            107.4874491,
            -6.8577118,
            0
          ]
        ]
      },
      "properties": {
        "name": "Jalan Panyawangan",
        "styleUrl": "#6347",
        "styleHash": "70830466",
        "stroke": "#ED1C24",
        "stroke-opacity": 1,
        "stroke-width": 4
      },
      "id": "6346"
    },
    {
      "type": "Feature",
      "geometry": {
        "type": "LineString",
        "coordinates": [
          [
            107.4847723,
            -6.8586782,
            0
          ],
          [
            107.4848686,
            -6.8586859,
            0
          ],
          [
            107.4849119,
            -6.8586783,
            0
          ],
          [
            107.4849501,
            -6.8586647,
            0
          ],
          [
            107.4850957,
            -6.8585927,
            0
          ],
          [
            107.4851542,
            -6.8585673,
            0
          ],
          [
            107.485469,
            -6.8584169,
            0
          ],
          [
            107.4858086,
            -6.8582717,
            0
          ],
          [
            107.4863356,
            -6.8580663,
            0
          ],
          [
            107.4867539,
            -6.8579294,
            0
          ],
          [
            107.4870991,
            -6.8578224,
            0
          ]
        ]
      },
      "properties": {
        "name": "Jalan Panyawangan",
        "styleUrl": "#6351",
        "styleHash": "4d3e1534",
        "stroke": "#ED1C24",
        "stroke-opacity": 1,
        "stroke-width": 4
      },
      "id": "6350"
    },
    {
      "type": "Feature",
      "geometry": {
        "type": "LineString",
        "coordinates": [
          [
            107.4977859,
            -6.8538237,
            0
          ],
          [
            107.4978121,
            -6.8539405,
            0
          ]
        ]
      },
      "properties": {
        "name": "Jalan Nasional III",
        "styleUrl": "#6355",
        "styleHash": "-667b06d4",
        "stroke": "#ED1C24",
        "stroke-opacity": 1,
        "stroke-width": 4
      },
      "id": "6354"
    },
    {
      "type": "Feature",
      "geometry": {
        "type": "LineString",
        "coordinates": [
          [
            107.4975965,
            -6.8527156,
            0
          ],
          [
            107.4975988,
            -6.8527427,
            0
          ],
          [
            107.4976134,
            -6.8528859,
            0
          ],
          [
            107.497658,
            -6.8531891,
            0
          ],
          [
            107.4976818,
            -6.8533539,
            0
          ],
          [
            107.4977128,
            -6.8535065,
            0
          ],
          [
            107.4977859,
            -6.8538237,
            0
          ]
        ]
      },
      "properties": {
        "name": "Jalan Nasional III",
        "styleUrl": "#6359",
        "styleHash": "-518c3311",
        "stroke": "#ED1C24",
        "stroke-opacity": 1,
        "stroke-width": 4
      },
      "id": "6358"
    },
    {
      "type": "Feature",
      "geometry": {
        "type": "LineString",
        "coordinates": [
          [
            107.5220823,
            -6.8684515,
            0
          ],
          [
            107.5221811,
            -6.8684242,
            0
          ],
          [
            107.5226775,
            -6.8684431,
            0
          ],
          [
            107.5232624,
            -6.8684653,
            0
          ],
          [
            107.523407,
            -6.8684708,
            0
          ]
        ]
      },
      "properties": {
        "name": "Route Segment",
        "styleUrl": "#6363",
        "styleHash": "-3d79120e",
        "stroke": "#ED1C24",
        "stroke-opacity": 1,
        "stroke-width": 4
      },
      "id": "6362"
    },
    {
      "type": "Feature",
      "geometry": {
        "type": "LineString",
        "coordinates": [
          [
            107.523407,
            -6.8684708,
            0
          ],
          [
            107.5237171,
            -6.8684826,
            0
          ],
          [
            107.523763,
            -6.8684843,
            0
          ],
          [
            107.5238237,
            -6.8685111,
            0
          ]
        ]
      },
      "properties": {
        "name": "Route Segment",
        "styleUrl": "#6367",
        "styleHash": "ecdd1ea",
        "stroke": "#ED1C24",
        "stroke-opacity": 1,
        "stroke-width": 4
      },
      "id": "6366"
    },
    {
      "type": "Feature",
      "geometry": {
        "type": "LineString",
        "coordinates": [
          [
            107.5363431,
            -6.8704044,
            0
          ],
          [
            107.5363908,
            -6.8704221,
            0
          ],
          [
            107.5364884,
            -6.8704594,
            0
          ],
          [
            107.5365376,
            -6.8704766,
            0
          ],
          [
            107.5365778,
            -6.8704906,
            0
          ],
          [
            107.5366787,
            -6.8705296,
            0
          ],
          [
            107.5373836,
            -6.8707918,
            0
          ],
          [
            107.5376817,
            -6.8709329,
            0
          ],
          [
            107.5379552,
            -6.8710821,
            0
          ],
          [
            107.538003,
            -6.8711086,
            0
          ],
          [
            107.5381494,
            -6.8711877,
            0
          ],
          [
            107.5382103,
            -6.8712215,
            0
          ],
          [
            107.5383816,
            -6.8713181,
            0
          ],
          [
            107.538881,
            -6.871595,
            0
          ],
          [
            107.5391134,
            -6.8717381,
            0
          ]
        ]
      },
      "properties": {
        "name": "Jalan Jend. H. Amir Machmud",
        "styleUrl": "#6371",
        "styleHash": "-14771d48",
        "stroke": "#ED1C24",
        "stroke-opacity": 1,
        "stroke-width": 4
      },
      "id": "6370"
    },
    {
      "type": "Feature",
      "geometry": {
        "type": "LineString",
        "coordinates": [
          [
            107.561879,
            -6.8986119,
            0
          ],
          [
            107.5620012,
            -6.8987045,
            0
          ]
        ]
      },
      "properties": {
        "name": "Jalan Layang Cimindi",
        "styleUrl": "#6375",
        "styleHash": "37cfc6b0",
        "stroke": "#ED1C24",
        "stroke-opacity": 1,
        "stroke-width": 4
      },
      "id": "6374"
    },
    {
      "type": "Feature",
      "geometry": {
        "type": "LineString",
        "coordinates": [
          [
            107.606909,
            -6.9153005,
            0
          ],
          [
            107.6070047,
            -6.9152495,
            0
          ],
          [
            107.6070566,
            -6.9152024,
            0
          ],
          [
            107.6070945,
            -6.9151362,
            0
          ]
        ]
      },
      "properties": {
        "name": "Jalan Stasiun Timur",
        "styleUrl": "#6379",
        "styleHash": "4cbe9a73",
        "stroke": "#ED1C24",
        "stroke-opacity": 1,
        "stroke-width": 4
      },
      "id": "6378"
    },
    {
      "type": "Feature",
      "geometry": {
        "type": "LineString",
        "coordinates": [
          [
            107.5657296,
            -6.9048651,
            0
          ],
          [
            107.5657545,
            -6.9049096,
            0
          ]
        ]
      },
      "properties": {
        "name": "Jalan Jend. H. Amir Machmud",
        "styleUrl": "#6383",
        "styleHash": "60d1bb76",
        "stroke": "#ED1C24",
        "stroke-opacity": 1,
        "stroke-width": 4
      },
      "id": "6382"
    },
    {
      "type": "Feature",
      "geometry": {
        "type": "LineString",
        "coordinates": [
          [
            107.5435214,
            -6.8743778,
            0
          ],
          [
            107.5438725,
            -6.8745904,
            0
          ],
          [
            107.5438997,
            -6.874607,
            0
          ],
          [
            107.5439581,
            -6.8746902,
            0
          ]
        ]
      },
      "properties": {
        "name": "Jalan Jend. H. Amir Machmud",
        "styleUrl": "#6387",
        "styleHash": "-52e76092",
        "stroke": "#ED1C24",
        "stroke-opacity": 1,
        "stroke-width": 4
      },
      "id": "6386"
    },
    {
      "type": "Feature",
      "geometry": {
        "type": "LineString",
        "coordinates": [
          [
            107.61235,
            -6.918793,
            0
          ],
          [
            107.6123364,
            -6.9189576,
            0
          ],
          [
            107.6122952,
            -6.9194549,
            0
          ],
          [
            107.6122402,
            -6.9198677,
            0
          ],
          [
            107.6122212,
            -6.9200158,
            0
          ],
          [
            107.6122183,
            -6.920038,
            0
          ],
          [
            107.6122092,
            -6.9201091,
            0
          ]
        ]
      },
      "properties": {
        "name": "Jalan Tamblong",
        "styleUrl": "#6391",
        "styleHash": "-762c4fc4",
        "stroke": "#ED1C24",
        "stroke-opacity": 1,
        "stroke-width": 4
      },
      "id": "6390"
    },
    {
      "type": "Feature",
      "geometry": {
        "type": "LineString",
        "coordinates": [
          [
            107.4958472,
            -6.84211,
            0
          ],
          [
            107.4960455,
            -6.8422967,
            0
          ],
          [
            107.4961242,
            -6.8423708,
            0
          ],
          [
            107.4963927,
            -6.8426237,
            0
          ],
          [
            107.4964724,
            -6.8426887,
            0
          ]
        ]
      },
      "properties": {
        "name": "Jalan Cihaliwung",
        "styleUrl": "#6395",
        "styleHash": "-29e56bcc",
        "stroke": "#ED1C24",
        "stroke-opacity": 1,
        "stroke-width": 4
      },
      "id": "6394"
    },
    {
      "type": "Feature",
      "geometry": {
        "type": "LineString",
        "coordinates": [
          [
            107.5587783,
            -6.8934551,
            0
          ],
          [
            107.5587916,
            -6.8934809,
            0
          ]
        ]
      },
      "properties": {
        "name": "Jalan Jend. H. Amir Machmud",
        "styleUrl": "#6399",
        "styleHash": "375f718c",
        "stroke": "#ED1C24",
        "stroke-opacity": 1,
        "stroke-width": 4
      },
      "id": "6398"
    },
    {
      "type": "Feature",
      "geometry": {
        "type": "LineString",
        "coordinates": [
          [
            107.548959,
            -6.8777456,
            0
          ],
          [
            107.5490877,
            -6.8778359,
            0
          ],
          [
            107.5492174,
            -6.8779244,
            0
          ],
          [
            107.549317,
            -6.8779991,
            0
          ]
        ]
      },
      "properties": {
        "name": "Jalan Jend. H. Amir Machmud",
        "styleUrl": "#6403",
        "styleHash": "7d2df6e4",
        "stroke": "#ED1C24",
        "stroke-opacity": 1,
        "stroke-width": 4
      },
      "id": "6402"
    },
    {
      "type": "Feature",
      "geometry": {
        "type": "LineString",
        "coordinates": [
          [
            107.4976105,
            -6.8526293,
            0
          ],
          [
            107.4975965,
            -6.8527156,
            0
          ]
        ]
      },
      "properties": {
        "name": "Jalan Raya Padalarang",
        "styleUrl": "#6407",
        "styleHash": "-368b2524",
        "stroke": "#ED1C24",
        "stroke-opacity": 1,
        "stroke-width": 4
      },
      "id": "6406"
    },
    {
      "type": "Feature",
      "geometry": {
        "type": "LineString",
        "coordinates": [
          [
            107.4952692,
            -6.8503346,
            0
          ],
          [
            107.4952888,
            -6.8503131,
            0
          ],
          [
            107.4953034,
            -6.8503015,
            0
          ],
          [
            107.4953187,
            -6.8502926,
            0
          ],
          [
            107.4953364,
            -6.8502852,
            0
          ],
          [
            107.4953557,
            -6.8502805,
            0
          ],
          [
            107.4953765,
            -6.8502778,
            0
          ],
          [
            107.4953975,
            -6.8502772,
            0
          ],
          [
            107.4954205,
            -6.8502786,
            0
          ],
          [
            107.495444,
            -6.8502829,
            0
          ],
          [
            107.4954666,
            -6.8502899,
            0
          ],
          [
            107.4954882,
            -6.8502996,
            0
          ],
          [
            107.4955059,
            -6.8503087,
            0
          ],
          [
            107.4955273,
            -6.8503217,
            0
          ]
        ]
      },
      "properties": {
        "name": "Jalan Raya Padalarang",
        "styleUrl": "#6411",
        "styleHash": "-59d01456",
        "stroke": "#ED1C24",
        "stroke-opacity": 1,
        "stroke-width": 4
      },
      "id": "6410"
    },
    {
      "type": "Feature",
      "geometry": {
        "type": "LineString",
        "coordinates": [
          [
            107.6089385,
            -6.9138394,
            0
          ],
          [
            107.6089384,
            -6.9138601,
            0
          ],
          [
            107.6089444,
            -6.9138799,
            0
          ],
          [
            107.608956,
            -6.9138955,
            0
          ],
          [
            107.6089722,
            -6.9139102,
            0
          ],
          [
            107.6089915,
            -6.9139179,
            0
          ],
          [
            107.6090123,
            -6.9139197,
            0
          ]
        ]
      },
      "properties": {
        "name": "Jalan Perintis Kemerdekaan",
        "styleUrl": "#6415",
        "styleHash": "-d89305e",
        "stroke": "#ED1C24",
        "stroke-opacity": 1,
        "stroke-width": 4
      },
      "id": "6414"
    },
    {
      "type": "Feature",
      "geometry": {
        "type": "LineString",
        "coordinates": [
          [
            107.4969413,
            -6.8513159,
            0
          ],
          [
            107.496984,
            -6.8513256,
            0
          ],
          [
            107.4970109,
            -6.8513266,
            0
          ],
          [
            107.4970319,
            -6.8513244,
            0
          ],
          [
            107.4970487,
            -6.8513218,
            0
          ],
          [
            107.4970638,
            -6.8513156,
            0
          ],
          [
            107.4970788,
            -6.8513063,
            0
          ],
          [
            107.4970921,
            -6.8512922,
            0
          ],
          [
            107.4971035,
            -6.8512732,
            0
          ]
        ]
      },
      "properties": {
        "name": "Jalan Simpang",
        "styleUrl": "#6419",
        "styleHash": "765a365",
        "stroke": "#ED1C24",
        "stroke-opacity": 1,
        "stroke-width": 4
      },
      "id": "6418"
    },
    {
      "type": "Feature",
      "geometry": {
        "type": "LineString",
        "coordinates": [
          [
            107.5408995,
            -6.8728035,
            0
          ],
          [
            107.5410215,
            -6.8728785,
            0
          ]
        ]
      },
      "properties": {
        "name": "Jalan Jend. H. Amir Machmud",
        "styleUrl": "#6423",
        "styleHash": "1b78c468",
        "stroke": "#ED1C24",
        "stroke-opacity": 1,
        "stroke-width": 4
      },
      "id": "6422"
    },
    {
      "type": "Feature",
      "geometry": {
        "type": "LineString",
        "coordinates": [
          [
            107.6080507,
            -6.92126,
            0
          ],
          [
            107.6077991,
            -6.9212366,
            0
          ]
        ]
      },
      "properties": {
        "name": "Jalan Asia Afrika",
        "styleUrl": "#6427",
        "styleHash": "67bfa860",
        "stroke": "#ED1C24",
        "stroke-opacity": 1,
        "stroke-width": 4
      },
      "id": "6426"
    },
    {
      "type": "Feature",
      "geometry": {
        "type": "LineString",
        "coordinates": [
          [
            107.5541694,
            -6.8858165,
            0
          ],
          [
            107.5542851,
            -6.8859958,
            0
          ],
          [
            107.5543889,
            -6.8861567,
            0
          ],
          [
            107.5546545,
            -6.8865907,
            0
          ],
          [
            107.5548379,
            -6.8868775,
            0
          ],
          [
            107.5554797,
            -6.8879517,
            0
          ]
        ]
      },
      "properties": {
        "name": "Jalan Jend. H. Amir Machmud",
        "styleUrl": "#6431",
        "styleHash": "447ab92e",
        "stroke": "#ED1C24",
        "stroke-opacity": 1,
        "stroke-width": 4
      },
      "id": "6430"
    },
    {
      "type": "Feature",
      "geometry": {
        "type": "LineString",
        "coordinates": [
          [
            107.5531885,
            -6.8843128,
            0
          ],
          [
            107.5532749,
            -6.8843897,
            0
          ],
          [
            107.5533095,
            -6.8844555,
            0
          ],
          [
            107.5536834,
            -6.8850678,
            0
          ],
          [
            107.5538169,
            -6.8852824,
            0
          ],
          [
            107.5539243,
            -6.885443,
            0
          ],
          [
            107.5540488,
            -6.8856295,
            0
          ],
          [
            107.5541694,
            -6.8858165,
            0
          ]
        ]
      },
      "properties": {
        "name": "Jalan Jend. H. Amir Machmud",
        "styleUrl": "#6435",
        "styleHash": "-6f3e62da",
        "stroke": "#ED1C24",
        "stroke-opacity": 1,
        "stroke-width": 4
      },
      "id": "6434"
    },
    {
      "type": "Feature",
      "geometry": {
        "type": "LineString",
        "coordinates": [
          [
            107.549317,
            -6.8779991,
            0
          ],
          [
            107.5494026,
            -6.8780936,
            0
          ]
        ]
      },
      "properties": {
        "name": "Jalan Jend. H. Amir Machmud",
        "styleUrl": "#6439",
        "styleHash": "-5a4f8f17",
        "stroke": "#ED1C24",
        "stroke-opacity": 1,
        "stroke-width": 4
      },
      "id": "6438"
    },
    {
      "type": "Feature",
      "geometry": {
        "type": "LineString",
        "coordinates": [
          [
            107.5343842,
            -6.869692,
            0
          ],
          [
            107.5344382,
            -6.8696871,
            0
          ],
          [
            107.5347789,
            -6.8698083,
            0
          ]
        ]
      },
      "properties": {
        "name": "Jalan Jend. H. Amir Machmud",
        "styleUrl": "#6443",
        "styleHash": "-463c6e14",
        "stroke": "#ED1C24",
        "stroke-opacity": 1,
        "stroke-width": 4
      },
      "id": "6442"
    },
    {
      "type": "Feature",
      "geometry": {
        "type": "LineString",
        "coordinates": [
          [
            107.5347789,
            -6.8698083,
            0
          ],
          [
            107.5351322,
            -6.8699342,
            0
          ],
          [
            107.5353127,
            -6.8699962,
            0
          ],
          [
            107.5355929,
            -6.8700965,
            0
          ],
          [
            107.5358512,
            -6.8701925,
            0
          ],
          [
            107.5359218,
            -6.8702457,
            0
          ]
        ]
      },
      "properties": {
        "name": "Jalan Jend. H. Amir Machmud",
        "styleUrl": "#6447",
        "styleHash": "60a75e4",
        "stroke": "#ED1C24",
        "stroke-opacity": 1,
        "stroke-width": 4
      },
      "id": "6446"
    },
    {
      "type": "Feature",
      "geometry": {
        "type": "LineString",
        "coordinates": [
          [
            107.5412215,
            -6.8730016,
            0
          ],
          [
            107.541357,
            -6.8730827,
            0
          ],
          [
            107.541619,
            -6.8732394,
            0
          ]
        ]
      },
      "properties": {
        "name": "Jalan Jend. H. Amir Machmud",
        "styleUrl": "#6451",
        "styleHash": "-1d3a794e",
        "stroke": "#ED1C24",
        "stroke-opacity": 1,
        "stroke-width": 4
      },
      "id": "6450"
    },
    {
      "type": "Feature",
      "geometry": {
        "type": "LineString",
        "coordinates": [
          [
            107.4971035,
            -6.8512732,
            0
          ],
          [
            107.4971168,
            -6.8513136,
            0
          ],
          [
            107.4971242,
            -6.8513308,
            0
          ],
          [
            107.4971315,
            -6.8513524,
            0
          ],
          [
            107.4971444,
            -6.8513892,
            0
          ],
          [
            107.49716,
            -6.8514191,
            0
          ],
          [
            107.4971959,
            -6.8514713,
            0
          ]
        ]
      },
      "properties": {
        "name": "Jalan Simpang",
        "styleUrl": "#6455",
        "styleHash": "2f0c6aaa",
        "stroke": "#ED1C24",
        "stroke-opacity": 1,
        "stroke-width": 4
      },
      "id": "6454"
    },
    {
      "type": "Feature",
      "geometry": {
        "type": "LineString",
        "coordinates": [
          [
            107.4633572,
            -6.8648075,
            0
          ],
          [
            107.4634031,
            -6.864828,
            0
          ],
          [
            107.4634779,
            -6.8648561,
            0
          ],
          [
            107.4640054,
            -6.8650609,
            0
          ],
          [
            107.4644707,
            -6.8652401,
            0
          ],
          [
            107.4652002,
            -6.8654997,
            0
          ],
          [
            107.4654195,
            -6.8655811,
            0
          ],
          [
            107.4658465,
            -6.8657528,
            0
          ],
          [
            107.4662287,
            -6.8658962,
            0
          ]
        ]
      },
      "properties": {
        "name": "Jalan Parahyangan",
        "styleUrl": "#6459",
        "styleHash": "43fb3e6d",
        "stroke": "#ED1C24",
        "stroke-opacity": 1,
        "stroke-width": 4
      },
      "id": "6458"
    },
    {
      "type": "Feature",
      "geometry": {
        "type": "LineString",
        "coordinates": [
          [
            107.4987021,
            -6.8578894,
            0
          ],
          [
            107.4987182,
            -6.8581066,
            0
          ]
        ]
      },
      "properties": {
        "name": "Jalan Nasional III",
        "styleUrl": "#6463",
        "styleHash": "580e5f70",
        "stroke": "#ED1C24",
        "stroke-opacity": 1,
        "stroke-width": 4
      },
      "id": "6462"
    },
    {
      "type": "Feature",
      "geometry": {
        "type": "LineString",
        "coordinates": [
          [
            107.4978121,
            -6.8539405,
            0
          ],
          [
            107.4978195,
            -6.8539756,
            0
          ],
          [
            107.497921,
            -6.8543483,
            0
          ],
          [
            107.4979689,
            -6.8545091,
            0
          ],
          [
            107.4980044,
            -6.8546237,
            0
          ],
          [
            107.4980409,
            -6.8547619,
            0
          ],
          [
            107.4980626,
            -6.8548322,
            0
          ],
          [
            107.4980832,
            -6.8548991,
            0
          ],
          [
            107.4981383,
            -6.8550605,
            0
          ],
          [
            107.4981795,
            -6.8551922,
            0
          ],
          [
            107.4982118,
            -6.8553041,
            0
          ],
          [
            107.4982291,
            -6.855364,
            0
          ],
          [
            107.4982378,
            -6.8553939,
            0
          ],
          [
            107.4982496,
            -6.8554342,
            0
          ],
          [
            107.4982975,
            -6.8555796,
            0
          ],
          [
            107.4983226,
            -6.8556685,
            0
          ],
          [
            107.4983676,
            -6.8558429,
            0
          ],
          [
            107.4983981,
            -6.8559365,
            0
          ],
          [
            107.4984229,
            -6.8560363,
            0
          ],
          [
            107.4984955,
            -6.8563195,
            0
          ],
          [
            107.4985165,
            -6.856411,
            0
          ],
          [
            107.4985642,
            -6.8566145,
            0
          ],
          [
            107.4986032,
            -6.8567807,
            0
          ],
          [
            107.4986178,
            -6.8568699,
            0
          ],
          [
            107.4986213,
            -6.8568936,
            0
          ],
          [
            107.4986408,
            -6.8570257,
            0
          ],
          [
            107.4986583,
            -6.8572813,
            0
          ],
          [
            107.4986651,
            -6.8573652,
            0
          ],
          [
            107.4986693,
            -6.8574167,
            0
          ],
          [
            107.4986734,
            -6.8574856,
            0
          ],
          [
            107.4986774,
            -6.8575545,
            0
          ],
          [
            107.4986922,
            -6.857755,
            0
          ],
          [
            107.4987011,
            -6.8578756,
            0
          ],
          [
            107.4987021,
            -6.8578894,
            0
          ]
        ]
      },
      "properties": {
        "name": "Jalan Nasional III",
        "styleUrl": "#6467",
        "styleHash": "-5baabc98",
        "stroke": "#ED1C24",
        "stroke-opacity": 1,
        "stroke-width": 4
      },
      "id": "6466"
    },
    {
      "type": "Feature",
      "geometry": {
        "type": "LineString",
        "coordinates": [
          [
            107.4687633,
            -6.8663594,
            0
          ],
          [
            107.468989,
            -6.8663525,
            0
          ],
          [
            107.4692162,
            -6.8663547,
            0
          ]
        ]
      },
      "properties": {
        "name": "Jalan Parahyangan",
        "styleUrl": "#6471",
        "styleHash": "-7eefabca",
        "stroke": "#ED1C24",
        "stroke-opacity": 1,
        "stroke-width": 4
      },
      "id": "6470"
    },
    {
      "type": "Feature",
      "geometry": {
        "type": "LineString",
        "coordinates": [
          [
            107.4874491,
            -6.8577118,
            0
          ],
          [
            107.4876716,
            -6.8576416,
            0
          ],
          [
            107.4879757,
            -6.8575383,
            0
          ],
          [
            107.488122,
            -6.8574912,
            0
          ],
          [
            107.488308,
            -6.8574314,
            0
          ],
          [
            107.4885459,
            -6.8573551,
            0
          ],
          [
            107.4888892,
            -6.8572401,
            0
          ],
          [
            107.4892812,
            -6.8570951,
            0
          ],
          [
            107.4894686,
            -6.8570082,
            0
          ],
          [
            107.489531,
            -6.8569726,
            0
          ],
          [
            107.4896523,
            -6.8569034,
            0
          ],
          [
            107.4897438,
            -6.8568342,
            0
          ],
          [
            107.4899844,
            -6.8566524,
            0
          ],
          [
            107.4900085,
            -6.8566282,
            0
          ],
          [
            107.4901429,
            -6.8564932,
            0
          ],
          [
            107.4901532,
            -6.8564805,
            0
          ],
          [
            107.4902639,
            -6.8563447,
            0
          ],
          [
            107.490483,
            -6.8560057,
            0
          ],
          [
            107.4904865,
            -6.8559994,
            0
          ],
          [
            107.4905871,
            -6.8557926,
            0
          ],
          [
            107.4906776,
            -6.855566,
            0
          ],
          [
            107.4907709,
            -6.8552799,
            0
          ],
          [
            107.4908185,
            -6.8551202,
            0
          ],
          [
            107.4908989,
            -6.854854,
            0
          ],
          [
            107.4910049,
            -6.8546029,
            0
          ],
          [
            107.4910743,
            -6.8544566,
            0
          ],
          [
            107.491121,
            -6.8543751,
            0
          ],
          [
            107.4912161,
            -6.8542267,
            0
          ],
          [
            107.4913222,
            -6.8540756,
            0
          ],
          [
            107.49144,
            -6.8539351,
            0
          ],
          [
            107.4915761,
            -6.8537961,
            0
          ],
          [
            107.491837,
            -6.8535702,
            0
          ],
          [
            107.4921311,
            -6.853325,
            0
          ],
          [
            107.4923265,
            -6.8531708,
            0
          ],
          [
            107.4925389,
            -6.8530232,
            0
          ],
          [
            107.4928491,
            -6.8528116,
            0
          ],
          [
            107.4932077,
            -6.8525742,
            0
          ],
          [
            107.493305,
            -6.8525093,
            0
          ],
          [
            107.4933647,
            -6.8524575,
            0
          ],
          [
            107.4934922,
            -6.8523177,
            0
          ]
        ]
      },
      "properties": {
        "name": "Jalan Panyawangan",
        "styleUrl": "#6475",
        "styleHash": "-32a8c7d2",
        "stroke": "#ED1C24",
        "stroke-opacity": 1,
        "stroke-width": 4
      },
      "id": "6474"
    },
    {
      "type": "Feature",
      "geometry": {
        "type": "LineString",
        "coordinates": [
          [
            107.6031066,
            -6.9160901,
            0
          ],
          [
            107.6043695,
            -6.9158689,
            0
          ],
          [
            107.6045054,
            -6.9158364,
            0
          ]
        ]
      },
      "properties": {
        "name": "Jalan Suniaraja",
        "styleUrl": "#6479",
        "styleHash": "-1db9f40f",
        "stroke": "#ED1C24",
        "stroke-opacity": 1,
        "stroke-width": 4
      },
      "id": "6478"
    },
    {
      "type": "Feature",
      "geometry": {
        "type": "LineString",
        "coordinates": [
          [
            107.6045054,
            -6.9158364,
            0
          ],
          [
            107.6045124,
            -6.9157548,
            0
          ],
          [
            107.6045263,
            -6.9155905,
            0
          ],
          [
            107.604546,
            -6.9153572,
            0
          ]
        ]
      },
      "properties": {
        "name": "Jalan Otto Iskandardinata",
        "styleUrl": "#6483",
        "styleHash": "-9a6d30c",
        "stroke": "#ED1C24",
        "stroke-opacity": 1,
        "stroke-width": 4
      },
      "id": "6482"
    },
    {
      "type": "Feature",
      "geometry": {
        "type": "LineString",
        "coordinates": [
          [
            107.496525,
            -6.8427291,
            0
          ],
          [
            107.4965636,
            -6.8426821,
            0
          ],
          [
            107.4965685,
            -6.8426769,
            0
          ],
          [
            107.4965774,
            -6.8426618,
            0
          ],
          [
            107.4965807,
            -6.8426422,
            0
          ],
          [
            107.4965757,
            -6.8426232,
            0
          ],
          [
            107.4965652,
            -6.8426098,
            0
          ],
          [
            107.4962927,
            -6.8423604,
            0
          ],
          [
            107.4962072,
            -6.8422795,
            0
          ],
          [
            107.4957946,
            -6.8418937,
            0
          ],
          [
            107.4957779,
            -6.8418735,
            0
          ],
          [
            107.4957634,
            -6.8418494,
            0
          ],
          [
            107.4957563,
            -6.8418161,
            0
          ],
          [
            107.4957564,
            -6.8417592,
            0
          ],
          [
            107.4957594,
            -6.8417245,
            0
          ],
          [
            107.4957571,
            -6.8416926,
            0
          ],
          [
            107.4957408,
            -6.8416622,
            0
          ],
          [
            107.4957229,
            -6.8416426,
            0
          ],
          [
            107.4957007,
            -6.8416273,
            0
          ],
          [
            107.4956645,
            -6.8416227,
            0
          ],
          [
            107.4956229,
            -6.8416289,
            0
          ]
        ]
      },
      "properties": {
        "name": "Route Segment",
        "styleUrl": "#6487",
        "styleHash": "42a010ec",
        "stroke": "#ED1C24",
        "stroke-opacity": 1,
        "stroke-width": 4
      },
      "id": "6486"
    },
    {
      "type": "Feature",
      "geometry": {
        "type": "LineString",
        "coordinates": [
          [
            107.4668097,
            -6.8663512,
            0
          ],
          [
            107.4667476,
            -6.8663234,
            0
          ],
          [
            107.4665558,
            -6.8662861,
            0
          ],
          [
            107.4659757,
            -6.8662866,
            0
          ],
          [
            107.4659518,
            -6.8662823,
            0
          ],
          [
            107.4659305,
            -6.8662707,
            0
          ],
          [
            107.4659141,
            -6.866253,
            0
          ],
          [
            107.4659042,
            -6.8662309,
            0
          ],
          [
            107.465902,
            -6.8662069,
            0
          ],
          [
            107.4659082,
            -6.8661823,
            0
          ],
          [
            107.4659223,
            -6.8661612,
            0
          ],
          [
            107.4659427,
            -6.8661461,
            0
          ],
          [
            107.4659671,
            -6.8661386,
            0
          ],
          [
            107.4659926,
            -6.8661397,
            0
          ],
          [
            107.4661021,
            -6.866168,
            0
          ]
        ]
      },
      "properties": {
        "name": "Route Segment",
        "styleUrl": "#6491",
        "styleHash": "1f5b21ba",
        "stroke": "#ED1C24",
        "stroke-opacity": 1,
        "stroke-width": 4
      },
      "id": "6490"
    },
    {
      "type": "Feature",
      "geometry": {
        "type": "LineString",
        "coordinates": [
          [
            107.4934922,
            -6.8523177,
            0
          ],
          [
            107.4934922,
            -6.8522266,
            0
          ],
          [
            107.4935001,
            -6.8521613,
            0
          ],
          [
            107.4935127,
            -6.8521063,
            0
          ],
          [
            107.4935344,
            -6.8520506,
            0
          ],
          [
            107.4935642,
            -6.8520008,
            0
          ],
          [
            107.493597,
            -6.8519537,
            0
          ],
          [
            107.4936319,
            -6.8519114,
            0
          ],
          [
            107.493668,
            -6.851876,
            0
          ],
          [
            107.4937065,
            -6.8518461,
            0
          ],
          [
            107.493751,
            -6.8518207,
            0
          ],
          [
            107.493795,
            -6.8518006,
            0
          ],
          [
            107.4938418,
            -6.8517845,
            0
          ],
          [
            107.4938843,
            -6.8517736,
            0
          ],
          [
            107.4939237,
            -6.8517673,
            0
          ],
          [
            107.4939593,
            -6.8517637,
            0
          ],
          [
            107.4940018,
            -6.8517618,
            0
          ],
          [
            107.4940543,
            -6.8517636,
            0
          ]
        ]
      },
      "properties": {
        "name": "Jalan Kota Baru Parahyangan",
        "styleUrl": "#6495",
        "styleHash": "6ba205b2",
        "stroke": "#ED1C24",
        "stroke-opacity": 1,
        "stroke-width": 4
      },
      "id": "6494"
    },
    {
      "type": "Feature",
      "geometry": {
        "type": "LineString",
        "coordinates": [
          [
            107.610072,
            -6.9165602,
            0
          ],
          [
            107.6101313,
            -6.9165901,
            0
          ],
          [
            107.6106113,
            -6.9168303,
            0
          ],
          [
            107.6108249,
            -6.916942,
            0
          ],
          [
            107.6109278,
            -6.9169939,
            0
          ]
        ]
      },
      "properties": {
        "name": "Jalan Lembong",
        "styleUrl": "#6499",
        "styleHash": "-33191cf6",
        "stroke": "#ED1C24",
        "stroke-opacity": 1,
        "stroke-width": 4
      },
      "id": "6498"
    },
    {
      "type": "Feature",
      "geometry": {
        "type": "LineString",
        "coordinates": [
          [
            107.6089588,
            -6.9159458,
            0
          ],
          [
            107.6090126,
            -6.9160368,
            0
          ],
          [
            107.6090539,
            -6.9160779,
            0
          ],
          [
            107.6090668,
            -6.9160857,
            0
          ],
          [
            107.6091109,
            -6.9161236,
            0
          ],
          [
            107.6092086,
            -6.9161842,
            0
          ]
        ]
      },
      "properties": {
        "name": "Jalan Lembong",
        "styleUrl": "#6503",
        "styleHash": "12b56862",
        "stroke": "#ED1C24",
        "stroke-opacity": 1,
        "stroke-width": 4
      },
      "id": "6502"
    },
    {
      "type": "Feature",
      "geometry": {
        "type": "LineString",
        "coordinates": [
          [
            107.5589596,
            -6.8938395,
            0
          ],
          [
            107.5588855,
            -6.8937179,
            0
          ]
        ]
      },
      "properties": {
        "name": "Jalan Layang Cimindi",
        "styleUrl": "#6507",
        "styleHash": "5efc4c5a",
        "stroke": "#ED1C24",
        "stroke-opacity": 1,
        "stroke-width": 4
      },
      "id": "6506"
    },
    {
      "type": "Feature",
      "geometry": {
        "type": "LineString",
        "coordinates": [
          [
            107.5825032,
            -6.9147967,
            0
          ],
          [
            107.5828928,
            -6.9149105,
            0
          ],
          [
            107.5830612,
            -6.9149597,
            0
          ],
          [
            107.5833434,
            -6.9150421,
            0
          ]
        ]
      },
      "properties": {
        "name": "Jalan Rajawali Timur",
        "styleUrl": "#6511",
        "styleHash": "3bb75d28",
        "stroke": "#ED1C24",
        "stroke-opacity": 1,
        "stroke-width": 4
      },
      "id": "6510"
    },
    {
      "type": "Feature",
      "geometry": {
        "type": "LineString",
        "coordinates": [
          [
            107.6064066,
            -6.9149399,
            0
          ],
          [
            107.6065239,
            -6.9149519,
            0
          ],
          [
            107.6066003,
            -6.9149924,
            0
          ],
          [
            107.6066521,
            -6.9150384,
            0
          ],
          [
            107.6067855,
            -6.9152656,
            0
          ],
          [
            107.6068306,
            -6.9152963,
            0
          ],
          [
            107.606909,
            -6.9153005,
            0
          ]
        ]
      },
      "properties": {
        "name": "Jalan Stasiun Timur",
        "styleUrl": "#6515",
        "styleHash": "-7801bee0",
        "stroke": "#ED1C24",
        "stroke-opacity": 1,
        "stroke-width": 4
      },
      "id": "6514"
    },
    {
      "type": "Feature",
      "geometry": {
        "type": "LineString",
        "coordinates": [
          [
            107.4626671,
            -6.8646301,
            0
          ],
          [
            107.462721,
            -6.8645266,
            0
          ],
          [
            107.4628019,
            -6.8644443,
            0
          ],
          [
            107.4629073,
            -6.8643939,
            0
          ],
          [
            107.4630234,
            -6.8643804,
            0
          ],
          [
            107.4631376,
            -6.8644051,
            0
          ],
          [
            107.4632468,
            -6.8644738,
            0
          ],
          [
            107.463324,
            -6.8645768,
            0
          ],
          [
            107.4633587,
            -6.8647004,
            0
          ],
          [
            107.4633572,
            -6.8648075,
            0
          ]
        ]
      },
      "properties": {
        "name": "Route Segment",
        "styleUrl": "#6519",
        "styleHash": "-6312eb1d",
        "stroke": "#ED1C24",
        "stroke-opacity": 1,
        "stroke-width": 4
      },
      "id": "6518"
    },
    {
      "type": "Feature",
      "geometry": {
        "type": "LineString",
        "coordinates": [
          [
            107.6089744,
            -6.91522,
            0
          ],
          [
            107.6089735,
            -6.9152622,
            0
          ],
          [
            107.6089588,
            -6.9159458,
            0
          ]
        ]
      },
      "properties": {
        "name": "Jalan Braga",
        "styleUrl": "#6523",
        "styleHash": "-4effca1a",
        "stroke": "#ED1C24",
        "stroke-opacity": 1,
        "stroke-width": 4
      },
      "id": "6522"
    },
    {
      "type": "Feature",
      "geometry": {
        "type": "LineString",
        "coordinates": [
          [
            107.6022035,
            -6.9161755,
            0
          ],
          [
            107.6023281,
            -6.9161607,
            0
          ],
          [
            107.6024135,
            -6.9161558,
            0
          ]
        ]
      },
      "properties": {
        "name": "Jalan Suniaraja",
        "styleUrl": "#6527",
        "styleHash": "-2b8e622",
        "stroke": "#ED1C24",
        "stroke-opacity": 1,
        "stroke-width": 4
      },
      "id": "6526"
    },
    {
      "type": "Feature",
      "geometry": {
        "type": "LineString",
        "coordinates": [
          [
            107.5657545,
            -6.9049096,
            0
          ],
          [
            107.5663258,
            -6.905851,
            0
          ],
          [
            107.5666016,
            -6.9063054,
            0
          ]
        ]
      },
      "properties": {
        "name": "Jalan Jend. H. Amir Machmud",
        "styleUrl": "#6531",
        "styleHash": "-25fdd554",
        "stroke": "#ED1C24",
        "stroke-opacity": 1,
        "stroke-width": 4
      },
      "id": "6530"
    },
    {
      "type": "Feature",
      "geometry": {
        "type": "LineString",
        "coordinates": [
          [
            107.5904668,
            -6.9165055,
            0
          ],
          [
            107.5910563,
            -6.9165244,
            0
          ]
        ]
      },
      "properties": {
        "name": "Jalan Kebon Jati",
        "styleUrl": "#6535",
        "styleHash": "26490ea4",
        "stroke": "#ED1C24",
        "stroke-opacity": 1,
        "stroke-width": 4
      },
      "id": "6534"
    },
    {
      "type": "Feature",
      "geometry": {
        "type": "LineString",
        "coordinates": [
          [
            107.5729282,
            -6.9120185,
            0
          ],
          [
            107.573014,
            -6.9120524,
            0
          ],
          [
            107.5733246,
            -6.9121739,
            0
          ],
          [
            107.5735241,
            -6.9122519,
            0
          ],
          [
            107.5736798,
            -6.9123128,
            0
          ],
          [
            107.5737227,
            -6.9123296,
            0
          ],
          [
            107.5741069,
            -6.9124804,
            0
          ],
          [
            107.5746597,
            -6.9126961,
            0
          ],
          [
            107.5747971,
            -6.9127499,
            0
          ],
          [
            107.5748397,
            -6.9127665,
            0
          ],
          [
            107.575213,
            -6.9129126,
            0
          ],
          [
            107.5753191,
            -6.9129541,
            0
          ],
          [
            107.5753653,
            -6.9129722,
            0
          ]
        ]
      },
      "properties": {
        "name": "Jalan Rajawali Barat",
        "styleUrl": "#6539",
        "styleHash": "3b37e267",
        "stroke": "#ED1C24",
        "stroke-opacity": 1,
        "stroke-width": 4
      },
      "id": "6538"
    },
    {
      "type": "Feature",
      "geometry": {
        "type": "LineString",
        "coordinates": [
          [
            107.498095,
            -6.8444568,
            0
          ],
          [
            107.4980859,
            -6.8445074,
            0
          ],
          [
            107.4980687,
            -6.8446223,
            0
          ],
          [
            107.4980377,
            -6.8447794,
            0
          ]
        ]
      },
      "properties": {
        "name": "Jalan Panaris",
        "styleUrl": "#6543",
        "styleHash": "4f4b036a",
        "stroke": "#ED1C24",
        "stroke-opacity": 1,
        "stroke-width": 4
      },
      "id": "6542"
    },
    {
      "type": "Feature",
      "geometry": {
        "type": "LineString",
        "coordinates": [
          [
            107.6073185,
            -6.9143005,
            0
          ],
          [
            107.6073396,
            -6.9142915,
            0
          ],
          [
            107.6073918,
            -6.9142744,
            0
          ],
          [
            107.607494,
            -6.9142383,
            0
          ],
          [
            107.6075641,
            -6.9142136,
            0
          ]
        ]
      },
      "properties": {
        "name": "Jalan Perintis Kemerdekaan",
        "styleUrl": "#6547",
        "styleHash": "-646e189e",
        "stroke": "#ED1C24",
        "stroke-opacity": 1,
        "stroke-width": 4
      },
      "id": "6546"
    },
    {
      "type": "Feature",
      "geometry": {
        "type": "LineString",
        "coordinates": [
          [
            107.4652055,
            -6.8656256,
            0
          ],
          [
            107.4646954,
            -6.8654179,
            0
          ],
          [
            107.4640445,
            -6.8651709,
            0
          ],
          [
            107.4635435,
            -6.8649769,
            0
          ],
          [
            107.4634518,
            -6.86494,
            0
          ],
          [
            107.4633229,
            -6.8648918,
            0
          ]
        ]
      },
      "properties": {
        "name": "Jalan Parahyangan",
        "styleUrl": "#6551",
        "styleHash": "784cf830",
        "stroke": "#ED1C24",
        "stroke-opacity": 1,
        "stroke-width": 4
      },
      "id": "6550"
    },
    {
      "type": "Feature",
      "geometry": {
        "type": "LineString",
        "coordinates": [
          [
            107.4661021,
            -6.866168,
            0
          ],
          [
            107.4662494,
            -6.8662062,
            0
          ],
          [
            107.4662836,
            -6.8661962,
            0
          ],
          [
            107.466303,
            -6.8661769,
            0
          ],
          [
            107.4663235,
            -6.8661173,
            0
          ],
          [
            107.4663188,
            -6.866089,
            0
          ],
          [
            107.4663016,
            -6.8660626,
            0
          ],
          [
            107.4662694,
            -6.8660304,
            0
          ],
          [
            107.4661951,
            -6.8659828,
            0
          ]
        ]
      },
      "properties": {
        "name": "Route Segment",
        "styleUrl": "#6555",
        "styleHash": "-3b6c23d8",
        "stroke": "#ED1C24",
        "stroke-opacity": 1,
        "stroke-width": 4
      },
      "id": "6554"
    },
    {
      "type": "Feature",
      "geometry": {
        "type": "LineString",
        "coordinates": [
          [
            107.4662287,
            -6.8658962,
            0
          ],
          [
            107.4671162,
            -6.8661259,
            0
          ],
          [
            107.4678673,
            -6.8662864,
            0
          ],
          [
            107.4684174,
            -6.8663596,
            0
          ],
          [
            107.4685065,
            -6.8663602,
            0
          ],
          [
            107.4685402,
            -6.8663605,
            0
          ],
          [
            107.46866,
            -6.8663613,
            0
          ]
        ]
      },
      "properties": {
        "name": "Jalan Parahyangan",
        "styleUrl": "#6559",
        "styleHash": "-267d5015",
        "stroke": "#ED1C24",
        "stroke-opacity": 1,
        "stroke-width": 4
      },
      "id": "6558"
    },
    {
      "type": "Feature",
      "geometry": {
        "type": "LineString",
        "coordinates": [
          [
            107.4964724,
            -6.8426887,
            0
          ],
          [
            107.496525,
            -6.8427291,
            0
          ]
        ]
      },
      "properties": {
        "name": "Jalan Cihaliwung",
        "styleUrl": "#6563",
        "styleHash": "-126a2f12",
        "stroke": "#ED1C24",
        "stroke-opacity": 1,
        "stroke-width": 4
      },
      "id": "6562"
    },
    {
      "type": "Feature",
      "geometry": {
        "type": "LineString",
        "coordinates": [
          [
            107.46866,
            -6.8663613,
            0
          ],
          [
            107.4687633,
            -6.8663594,
            0
          ]
        ]
      },
      "properties": {
        "name": "Jalan Parahyangan",
        "styleUrl": "#6567",
        "styleHash": "39dcb4e6",
        "stroke": "#ED1C24",
        "stroke-opacity": 1,
        "stroke-width": 4
      },
      "id": "6566"
    },
    {
      "type": "Feature",
      "geometry": {
        "type": "LineString",
        "coordinates": [
          [
            107.5359218,
            -6.8702457,
            0
          ],
          [
            107.5362685,
            -6.8703754,
            0
          ],
          [
            107.5363078,
            -6.8703903,
            0
          ]
        ]
      },
      "properties": {
        "name": "Jalan Jend. H. Amir Machmud",
        "styleUrl": "#6571",
        "styleHash": "1697c5b4",
        "stroke": "#ED1C24",
        "stroke-opacity": 1,
        "stroke-width": 4
      },
      "id": "6570"
    },
    {
      "type": "Feature",
      "geometry": {
        "type": "LineString",
        "coordinates": [
          [
            107.5363078,
            -6.8703903,
            0
          ],
          [
            107.5363431,
            -6.8704044,
            0
          ]
        ]
      },
      "properties": {
        "name": "Jalan Jend. H. Amir Machmud",
        "styleUrl": "#6575",
        "styleHash": "62dea9ac",
        "stroke": "#ED1C24",
        "stroke-opacity": 1,
        "stroke-width": 4
      },
      "id": "6574"
    },
    {
      "type": "Feature",
      "geometry": {
        "type": "LineString",
        "coordinates": [
          [
            107.6124025,
            -6.9182678,
            0
          ],
          [
            107.6123395,
            -6.9186433,
            0
          ],
          [
            107.6123245,
            -6.9187491,
            0
          ],
          [
            107.61235,
            -6.918793,
            0
          ]
        ]
      },
      "properties": {
        "name": "Jalan Tamblong",
        "styleUrl": "#6579",
        "styleHash": "77cd7d6f",
        "stroke": "#ED1C24",
        "stroke-opacity": 1,
        "stroke-width": 4
      },
      "id": "6578"
    },
    {
      "type": "Feature",
      "geometry": {
        "type": "LineString",
        "coordinates": [
          [
            107.4661951,
            -6.8659828,
            0
          ],
          [
            107.4652055,
            -6.8656256,
            0
          ]
        ]
      },
      "properties": {
        "name": "Jalan Parahyangan",
        "styleUrl": "#6583",
        "styleHash": "-741f618e",
        "stroke": "#ED1C24",
        "stroke-opacity": 1,
        "stroke-width": 4
      },
      "id": "6582"
    },
    {
      "type": "Feature",
      "geometry": {
        "type": "LineString",
        "coordinates": [
          [
            107.5982715,
            -6.9163189,
            0
          ],
          [
            107.5983921,
            -6.91631,
            0
          ]
        ]
      },
      "properties": {
        "name": "Jalan Kebon Jati",
        "styleUrl": "#6587",
        "styleHash": "-27d87d96",
        "stroke": "#ED1C24",
        "stroke-opacity": 1,
        "stroke-width": 4
      },
      "id": "6586"
    },
    {
      "type": "Feature",
      "geometry": {
        "type": "LineString",
        "coordinates": [
          [
            107.5753653,
            -6.9129722,
            0
          ],
          [
            107.5754115,
            -6.9129902,
            0
          ],
          [
            107.5755013,
            -6.9130253,
            0
          ],
          [
            107.575721,
            -6.9131092,
            0
          ]
        ]
      },
      "properties": {
        "name": "Jalan Rajawali Barat",
        "styleUrl": "#6591",
        "styleHash": "-4b1d6cc8",
        "stroke": "#ED1C24",
        "stroke-opacity": 1,
        "stroke-width": 4
      },
      "id": "6590"
    },
    {
      "type": "Feature",
      "geometry": {
        "type": "LineString",
        "coordinates": [
          [
            107.4956229,
            -6.8416289,
            0
          ],
          [
            107.4956303,
            -6.8416556,
            0
          ],
          [
            107.4956578,
            -6.8418091,
            0
          ],
          [
            107.4956786,
            -6.8418973,
            0
          ],
          [
            107.4957088,
            -6.8419587,
            0
          ],
          [
            107.4957351,
            -6.8419976,
            0
          ],
          [
            107.4958472,
            -6.84211,
            0
          ]
        ]
      },
      "properties": {
        "name": "Jalan Cihaliwung",
        "styleUrl": "#6595",
        "styleHash": "1297730",
        "stroke": "#ED1C24",
        "stroke-opacity": 1,
        "stroke-width": 4
      },
      "id": "6594"
    },
    {
      "type": "Feature",
      "geometry": {
        "type": "LineString",
        "coordinates": [
          [
            107.4955273,
            -6.8503217,
            0
          ],
          [
            107.4956199,
            -6.8503909,
            0
          ]
        ]
      },
      "properties": {
        "name": "Jalan Raya Padalarang",
        "styleUrl": "#6599",
        "styleHash": "626e5488",
        "stroke": "#ED1C24",
        "stroke-opacity": 1,
        "stroke-width": 4
      },
      "id": "6598"
    },
    {
      "type": "Feature",
      "geometry": {
        "type": "LineString",
        "coordinates": [
          [
            107.5238237,
            -6.8685111,
            0
          ],
          [
            107.5240567,
            -6.8685213,
            0
          ],
          [
            107.5242475,
            -6.8685297,
            0
          ],
          [
            107.5243947,
            -6.8685238,
            0
          ],
          [
            107.5245213,
            -6.8685157,
            0
          ],
          [
            107.5246659,
            -6.8685002,
            0
          ],
          [
            107.5248121,
            -6.8684764,
            0
          ],
          [
            107.5250106,
            -6.8684338,
            0
          ],
          [
            107.5252251,
            -6.8683845,
            0
          ],
          [
            107.5253284,
            -6.8683626,
            0
          ],
          [
            107.5254235,
            -6.8683509,
            0
          ],
          [
            107.525547,
            -6.8683413,
            0
          ],
          [
            107.525671,
            -6.8683467,
            0
          ],
          [
            107.5258493,
            -6.8683639,
            0
          ],
          [
            107.5260715,
            -6.8684195,
            0
          ],
          [
            107.5261248,
            -6.8684369,
            0
          ]
        ]
      },
      "properties": {
        "name": "Route Segment",
        "styleUrl": "#6603",
        "styleHash": "-57c32620",
        "stroke": "#ED1C24",
        "stroke-opacity": 1,
        "stroke-width": 4
      },
      "id": "6602"
    },
    {
      "type": "Feature",
      "geometry": {
        "type": "LineString",
        "coordinates": [
          [
            107.4843572,
            -6.8587619,
            0
          ],
          [
            107.4844215,
            -6.858695,
            0
          ],
          [
            107.484503,
            -6.8586504,
            0
          ],
          [
            107.4845942,
            -6.858632,
            0
          ],
          [
            107.4846868,
            -6.8586416,
            0
          ],
          [
            107.4847723,
            -6.8586782,
            0
          ]
        ]
      },
      "properties": {
        "name": "Jalan Kota Baru Parahyangan",
        "styleUrl": "#6607",
        "styleHash": "-b7c4228",
        "stroke": "#ED1C24",
        "stroke-opacity": 1,
        "stroke-width": 4
      },
      "id": "6606"
    }
  ]
}