{
  "type": "FeatureCollection",
  "features": [
    {
      "type": "Feature",
      "geometry": {
        "type": "Point",
        "coordinates": [
          107.6274766,
          -6.9106475,
          0
        ]
      },
      "properties": {
        "name": "Taman Pramuka",
        "styleUrl": "#8704",
        "styleHash": "-3af761ed"
      },
      "id": "8703"
    },
    {
      "type": "Feature",
      "geometry": {
        "type": "Point",
        "coordinates": [
          107.6199195,
          -6.9011743,
          0
        ]
      },
      "properties": {
        "name": "Lapangan Gasibu A",
        "styleUrl": "#8709",
        "styleHash": "32afcad8"
      },
      "id": "8708"
    },
    {
      "type": "Feature",
      "geometry": {
        "type": "Point",
        "coordinates": [
          107.7652049,
          -6.9356267,
          0
        ]
      },
      "properties": {
        "name": "IPDN A",
        "styleUrl": "#8714",
        "styleHash": "-5b0442e"
      },
      "id": "8713"
    },
    {
      "type": "Feature",
      "geometry": {
        "type": "Point",
        "coordinates": [
          107.6288644,
          -6.9130163,
          0
        ]
      },
      "properties": {
        "name": "Hotel Grand Tebu",
        "styleUrl": "#8719",
        "styleHash": "67f6e897"
      },
      "id": "8718"
    },
    {
      "type": "Feature",
      "geometry": {
        "type": "Point",
        "coordinates": [
          107.6090862,
          -6.9473728,
          0
        ]
      },
      "properties": {
        "name": "Simpang By Pass Soekarno Hatta A",
        "styleUrl": "#8724",
        "styleHash": "2f96d991"
      },
      "id": "8723"
    },
    {
      "type": "Feature",
      "geometry": {
        "type": "Point",
        "coordinates": [
          107.6252887,
          -6.9343354,
          0
        ]
      },
      "properties": {
        "name": "Hotel Horison A",
        "styleUrl": "#8729",
        "styleHash": "-62c1f9aa"
      },
      "id": "8728"
    },
    {
      "type": "Feature",
      "geometry": {
        "type": "Point",
        "coordinates": [
          107.6161542,
          -6.8979225,
          0
        ]
      },
      "properties": {
        "name": "Panatayudha A",
        "styleUrl": "#8734",
        "styleHash": "64ddf750"
      },
      "id": "8733"
    },
    {
      "type": "Feature",
      "geometry": {
        "type": "Point",
        "coordinates": [
          107.6241876,
          -6.9010661,
          0
        ]
      },
      "properties": {
        "name": "PUSDAI A",
        "styleUrl": "#8739",
        "styleHash": "-2d7adbeb"
      },
      "id": "8738"
    },
    {
      "type": "Feature",
      "geometry": {
        "type": "Point",
        "coordinates": [
          107.6301163,
          -6.9080655,
          0
        ]
      },
      "properties": {
        "name": "SMPN 14 Bandung (Lapangan Supratman A)",
        "styleUrl": "#8744",
        "styleHash": "-65daeaf1"
      },
      "id": "8743"
    },
    {
      "type": "Feature",
      "geometry": {
        "type": "Point",
        "coordinates": [
          107.6313457,
          -6.9183624,
          0
        ]
      },
      "properties": {
        "name": "Bandung Creative Hub A",
        "styleUrl": "#8749",
        "styleHash": "7cc41d4"
      },
      "id": "8748"
    },
    {
      "type": "Feature",
      "geometry": {
        "type": "Point",
        "coordinates": [
          107.6062885,
          -6.939027,
          0
        ]
      },
      "properties": {
        "name": "Muhammad Toha 1 (PT INTI A)",
        "styleUrl": "#8754",
        "styleHash": "-3093cd32"
      },
      "id": "8753"
    },
    {
      "type": "Feature",
      "geometry": {
        "type": "Point",
        "coordinates": [
          107.6115168,
          -6.954618,
          0
        ]
      },
      "properties": {
        "name": "SPBU Moh. Toha",
        "styleUrl": "#8759",
        "styleHash": "3d135f93"
      },
      "id": "8758"
    },
    {
      "type": "Feature",
      "geometry": {
        "type": "Point",
        "coordinates": [
          107.7541846,
          -6.9410603,
          0
        ]
      },
      "properties": {
        "name": "Cileunyi A",
        "styleUrl": "#8764",
        "styleHash": "4b3508d"
      },
      "id": "8763"
    },
    {
      "type": "Feature",
      "geometry": {
        "type": "Point",
        "coordinates": [
          107.6180361,
          -6.8934568,
          0
        ]
      },
      "properties": {
        "name": "UNPAD Dipatiukur",
        "styleUrl": "#8769",
        "styleHash": "725a7d52"
      },
      "id": "8768"
    },
    {
      "type": "Feature",
      "geometry": {
        "type": "Point",
        "coordinates": [
          107.7732376,
          -6.932299,
          0
        ]
      },
      "properties": {
        "name": "UNPAD Jatinangor",
        "styleUrl": "#8774",
        "styleHash": "39fa6e4c"
      },
      "id": "8773"
    },
    {
      "type": "Feature",
      "geometry": {
        "type": "LineString",
        "coordinates": [
          [
            107.6193443,
            -6.8992829,
            0
          ],
          [
            107.6193457,
            -6.8993497,
            0
          ]
        ]
      },
      "properties": {
        "name": "Jalan Sentot Alibasyah",
        "styleUrl": "#8779",
        "styleHash": "3e449719",
        "stroke": "#EC008C",
        "stroke-opacity": 1,
        "stroke-width": 4
      },
      "id": "8778"
    },
    {
      "type": "Feature",
      "geometry": {
        "type": "LineString",
        "coordinates": [
          [
            107.7528851,
            -6.9391361,
            0
          ],
          [
            107.7530294,
            -6.9390441,
            0
          ],
          [
            107.7537452,
            -6.938697,
            0
          ],
          [
            107.7540066,
            -6.9385699,
            0
          ],
          [
            107.7541454,
            -6.9385016,
            0
          ],
          [
            107.7544927,
            -6.9383149,
            0
          ],
          [
            107.7548022,
            -6.9381645,
            0
          ],
          [
            107.755132,
            -6.9380904,
            0
          ],
          [
            107.7553843,
            -6.9380561,
            0
          ],
          [
            107.7558468,
            -6.9379992,
            0
          ],
          [
            107.7559524,
            -6.9379853,
            0
          ],
          [
            107.7560525,
            -6.9379722,
            0
          ]
        ]
      },
      "properties": {
        "name": "Jalan Raya Cileunyi",
        "styleUrl": "#8783",
        "styleHash": "5257b81c",
        "stroke": "#EC008C",
        "stroke-opacity": 1,
        "stroke-width": 4
      },
      "id": "8782"
    },
    {
      "type": "Feature",
      "geometry": {
        "type": "LineString",
        "coordinates": [
          [
            107.6119773,
            -6.9559046,
            0
          ],
          [
            107.6119023,
            -6.955933,
            0
          ]
        ]
      },
      "properties": {
        "name": "Route Segment",
        "styleUrl": "#8787",
        "styleHash": "-616163ec",
        "stroke": "#EC008C",
        "stroke-opacity": 1,
        "stroke-width": 4
      },
      "id": "8786"
    },
    {
      "type": "Feature",
      "geometry": {
        "type": "LineString",
        "coordinates": [
          [
            107.6062444,
            -6.9594034,
            0
          ],
          [
            107.6062935,
            -6.9598183,
            0
          ],
          [
            107.6063891,
            -6.9601879,
            0
          ],
          [
            107.6064891,
            -6.9604204,
            0
          ],
          [
            107.6065484,
            -6.9605246,
            0
          ],
          [
            107.6066342,
            -6.9606298,
            0
          ],
          [
            107.606712,
            -6.960735,
            0
          ],
          [
            107.6068276,
            -6.9608426,
            0
          ],
          [
            107.6069614,
            -6.9609506,
            0
          ],
          [
            107.6071374,
            -6.9610507,
            0
          ],
          [
            107.6073557,
            -6.9611476,
            0
          ],
          [
            107.6075788,
            -6.9611894,
            0
          ],
          [
            107.6078236,
            -6.9612087,
            0
          ],
          [
            107.6080064,
            -6.9612283,
            0
          ]
        ]
      },
      "properties": {
        "name": "Route Segment",
        "styleUrl": "#8791",
        "styleHash": "7b59ace2",
        "stroke": "#EC008C",
        "stroke-opacity": 1,
        "stroke-width": 4
      },
      "id": "8790"
    },
    {
      "type": "Feature",
      "geometry": {
        "type": "LineString",
        "coordinates": [
          [
            107.6376642,
            -6.9656491,
            0
          ],
          [
            107.6383542,
            -6.9657306,
            0
          ]
        ]
      },
      "properties": {
        "name": "Jalan Tol Padalarang–Cileunyi",
        "styleUrl": "#8795",
        "styleHash": "-385f6f26",
        "stroke": "#EC008C",
        "stroke-opacity": 1,
        "stroke-width": 4
      },
      "id": "8794"
    },
    {
      "type": "Feature",
      "geometry": {
        "type": "LineString",
        "coordinates": [
          [
            107.6428065,
            -6.9656857,
            0
          ],
          [
            107.6433819,
            -6.9655597,
            0
          ],
          [
            107.6439457,
            -6.9654188,
            0
          ],
          [
            107.6444876,
            -6.9652811,
            0
          ],
          [
            107.6456233,
            -6.9649793,
            0
          ],
          [
            107.6461997,
            -6.9648425,
            0
          ],
          [
            107.6464447,
            -6.9648018,
            0
          ],
          [
            107.6471321,
            -6.9646894,
            0
          ],
          [
            107.6477031,
            -6.9646316,
            0
          ],
          [
            107.6480073,
            -6.9646075,
            0
          ],
          [
            107.6482899,
            -6.9645955,
            0
          ],
          [
            107.648769,
            -6.9645835,
            0
          ],
          [
            107.6492481,
            -6.9646002,
            0
          ],
          [
            107.6494731,
            -6.9646135,
            0
          ],
          [
            107.6497775,
            -6.9646261,
            0
          ],
          [
            107.650345,
            -6.9646987,
            0
          ],
          [
            107.6548013,
            -6.9653876,
            0
          ],
          [
            107.6570222,
            -6.9657337,
            0
          ],
          [
            107.6581165,
            -6.9659094,
            0
          ],
          [
            107.6591915,
            -6.9661036,
            0
          ],
          [
            107.6597561,
            -6.9662374,
            0
          ],
          [
            107.6602707,
            -6.9663703,
            0
          ],
          [
            107.6603107,
            -6.966378,
            0
          ]
        ]
      },
      "properties": {
        "name": "Jalan Tol Padalarang–Cileunyi",
        "styleUrl": "#8799",
        "styleHash": "28e56e32",
        "stroke": "#EC008C",
        "stroke-opacity": 1,
        "stroke-width": 4
      },
      "id": "8798"
    },
    {
      "type": "Feature",
      "geometry": {
        "type": "LineString",
        "coordinates": [
          [
            107.6605722,
            -6.9664426,
            0
          ],
          [
            107.6617508,
            -6.9667679,
            0
          ],
          [
            107.6621613,
            -6.9668812,
            0
          ],
          [
            107.6629525,
            -6.9670928,
            0
          ],
          [
            107.6637748,
            -6.9672708,
            0
          ],
          [
            107.6646665,
            -6.9674083,
            0
          ],
          [
            107.665565,
            -6.9675082,
            0
          ],
          [
            107.6664515,
            -6.9675481,
            0
          ],
          [
            107.667055,
            -6.9675574,
            0
          ],
          [
            107.6691132,
            -6.9675103,
            0
          ],
          [
            107.6700937,
            -6.9674908,
            0
          ],
          [
            107.6711041,
            -6.967534,
            0
          ]
        ]
      },
      "properties": {
        "name": "Jalan Tol Padalarang–Cileunyi",
        "styleUrl": "#8803",
        "styleHash": "6eb3f38a",
        "stroke": "#EC008C",
        "stroke-opacity": 1,
        "stroke-width": 4
      },
      "id": "8802"
    },
    {
      "type": "Feature",
      "geometry": {
        "type": "LineString",
        "coordinates": [
          [
            107.6603107,
            -6.966378,
            0
          ],
          [
            107.6605722,
            -6.9664426,
            0
          ]
        ]
      },
      "properties": {
        "name": "Jalan Tol Padalarang–Cileunyi",
        "styleUrl": "#8807",
        "styleHash": "-4505287e",
        "stroke": "#EC008C",
        "stroke-opacity": 1,
        "stroke-width": 4
      },
      "id": "8806"
    },
    {
      "type": "Feature",
      "geometry": {
        "type": "LineString",
        "coordinates": [
          [
            107.7274621,
            -6.9555628,
            0
          ],
          [
            107.730105,
            -6.9541849,
            0
          ]
        ]
      },
      "properties": {
        "name": "Jalan Tol Padalarang–Cileunyi",
        "styleUrl": "#8811",
        "styleHash": "-684a17b0",
        "stroke": "#EC008C",
        "stroke-opacity": 1,
        "stroke-width": 4
      },
      "id": "8810"
    },
    {
      "type": "Feature",
      "geometry": {
        "type": "LineString",
        "coordinates": [
          [
            107.616449,
            -6.8990209,
            0
          ],
          [
            107.6177533,
            -6.8992555,
            0
          ],
          [
            107.6179657,
            -6.8992842,
            0
          ],
          [
            107.6181219,
            -6.8992936,
            0
          ],
          [
            107.6184347,
            -6.8992984,
            0
          ]
        ]
      },
      "properties": {
        "name": "Jalan Surapati",
        "styleUrl": "#8815",
        "styleHash": "-1c0333b8",
        "stroke": "#EC008C",
        "stroke-opacity": 1,
        "stroke-width": 4
      },
      "id": "8814"
    },
    {
      "type": "Feature",
      "geometry": {
        "type": "LineString",
        "coordinates": [
          [
            107.6780936,
            -6.9682142,
            0
          ],
          [
            107.6791178,
            -6.9683208,
            0
          ],
          [
            107.6828364,
            -6.9687183,
            0
          ],
          [
            107.684564,
            -6.9688851,
            0
          ],
          [
            107.6861756,
            -6.9690221,
            0
          ],
          [
            107.6864951,
            -6.96905,
            0
          ],
          [
            107.6888908,
            -6.969272,
            0
          ],
          [
            107.6900884,
            -6.9694124,
            0
          ],
          [
            107.6909182,
            -6.9695025,
            0
          ],
          [
            107.6921685,
            -6.9696105,
            0
          ],
          [
            107.6929032,
            -6.9696526,
            0
          ],
          [
            107.6940014,
            -6.9696718,
            0
          ],
          [
            107.6952538,
            -6.9696387,
            0
          ],
          [
            107.6962926,
            -6.9695695,
            0
          ],
          [
            107.6970049,
            -6.9694949,
            0
          ],
          [
            107.6978674,
            -6.9693954,
            0
          ],
          [
            107.6986982,
            -6.9692535,
            0
          ],
          [
            107.6991637,
            -6.9691642,
            0
          ],
          [
            107.7003715,
            -6.9688969,
            0
          ],
          [
            107.7007549,
            -6.9688011,
            0
          ]
        ]
      },
      "properties": {
        "name": "Jalan Tol Padalarang–Cileunyi",
        "styleUrl": "#8819",
        "styleHash": "-7145ff5",
        "stroke": "#EC008C",
        "stroke-opacity": 1,
        "stroke-width": 4
      },
      "id": "8818"
    },
    {
      "type": "Feature",
      "geometry": {
        "type": "LineString",
        "coordinates": [
          [
            107.7044746,
            -6.9675629,
            0
          ],
          [
            107.7045311,
            -6.9675384,
            0
          ],
          [
            107.7048064,
            -6.967419,
            0
          ]
        ]
      },
      "properties": {
        "name": "Jalan Tol Padalarang–Cileunyi",
        "styleUrl": "#8823",
        "styleHash": "cfec10e",
        "stroke": "#EC008C",
        "stroke-opacity": 1,
        "stroke-width": 4
      },
      "id": "8822"
    },
    {
      "type": "Feature",
      "geometry": {
        "type": "LineString",
        "coordinates": [
          [
            107.6713565,
            -6.9675464,
            0
          ],
          [
            107.672646,
            -6.9676726,
            0
          ],
          [
            107.6778229,
            -6.968186,
            0
          ]
        ]
      },
      "properties": {
        "name": "Jalan Tol Padalarang–Cileunyi",
        "styleUrl": "#8827",
        "styleHash": "5945a506",
        "stroke": "#EC008C",
        "stroke-opacity": 1,
        "stroke-width": 4
      },
      "id": "8826"
    },
    {
      "type": "Feature",
      "geometry": {
        "type": "LineString",
        "coordinates": [
          [
            107.6778229,
            -6.968186,
            0
          ],
          [
            107.6780936,
            -6.9682142,
            0
          ]
        ]
      },
      "properties": {
        "name": "Jalan Tol Padalarang–Cileunyi",
        "styleUrl": "#8831",
        "styleHash": "3600b5d4",
        "stroke": "#EC008C",
        "stroke-opacity": 1,
        "stroke-width": 4
      },
      "id": "8830"
    },
    {
      "type": "Feature",
      "geometry": {
        "type": "LineString",
        "coordinates": [
          [
            107.6711041,
            -6.967534,
            0
          ],
          [
            107.6713565,
            -6.9675464,
            0
          ]
        ]
      },
      "properties": {
        "name": "Jalan Tol Padalarang–Cileunyi",
        "styleUrl": "#8835",
        "styleHash": "-7db86634",
        "stroke": "#EC008C",
        "stroke-opacity": 1,
        "stroke-width": 4
      },
      "id": "8834"
    },
    {
      "type": "Feature",
      "geometry": {
        "type": "LineString",
        "coordinates": [
          [
            107.7048064,
            -6.967419,
            0
          ],
          [
            107.7063273,
            -6.9666885,
            0
          ],
          [
            107.707713,
            -6.9659768,
            0
          ],
          [
            107.7079453,
            -6.9658455,
            0
          ],
          [
            107.7100313,
            -6.964752,
            0
          ],
          [
            107.7114696,
            -6.9640051,
            0
          ],
          [
            107.71226,
            -6.9635947,
            0
          ],
          [
            107.7158084,
            -6.9617315,
            0
          ],
          [
            107.7169965,
            -6.9611014,
            0
          ],
          [
            107.7181569,
            -6.9604752,
            0
          ],
          [
            107.7189587,
            -6.9600552,
            0
          ],
          [
            107.7192018,
            -6.9599278,
            0
          ],
          [
            107.7238903,
            -6.9574717,
            0
          ],
          [
            107.7274621,
            -6.9555628,
            0
          ]
        ]
      },
      "properties": {
        "name": "Jalan Tol Padalarang–Cileunyi",
        "styleUrl": "#8839",
        "styleHash": "-68c99271",
        "stroke": "#EC008C",
        "stroke-opacity": 1,
        "stroke-width": 4
      },
      "id": "8838"
    },
    {
      "type": "Feature",
      "geometry": {
        "type": "LineString",
        "coordinates": [
          [
            107.6138569,
            -6.9608687,
            0
          ],
          [
            107.6145694,
            -6.9608244,
            0
          ],
          [
            107.6152712,
            -6.9608006,
            0
          ],
          [
            107.6158234,
            -6.9607949,
            0
          ],
          [
            107.6163738,
            -6.9608351,
            0
          ],
          [
            107.6169258,
            -6.9608827,
            0
          ],
          [
            107.6174131,
            -6.9609627,
            0
          ],
          [
            107.618434,
            -6.9611867,
            0
          ],
          [
            107.6188986,
            -6.961326,
            0
          ],
          [
            107.6194087,
            -6.9615161,
            0
          ],
          [
            107.6204529,
            -6.9619211,
            0
          ]
        ]
      },
      "properties": {
        "name": "Jalan Tol Padalarang–Cileunyi",
        "styleUrl": "#8843",
        "styleHash": "-54b6716e",
        "stroke": "#EC008C",
        "stroke-opacity": 1,
        "stroke-width": 4
      },
      "id": "8842"
    },
    {
      "type": "Feature",
      "geometry": {
        "type": "LineString",
        "coordinates": [
          [
            107.6133971,
            -6.9608951,
            0
          ],
          [
            107.6138569,
            -6.9608687,
            0
          ]
        ]
      },
      "properties": {
        "name": "Jalan Tol Padalarang–Cileunyi",
        "styleUrl": "#8847",
        "styleHash": "-86f8d76",
        "stroke": "#EC008C",
        "stroke-opacity": 1,
        "stroke-width": 4
      },
      "id": "8846"
    },
    {
      "type": "Feature",
      "geometry": {
        "type": "LineString",
        "coordinates": [
          [
            107.6277893,
            -6.9093251,
            0
          ],
          [
            107.627806,
            -6.909308,
            0
          ],
          [
            107.6278178,
            -6.909296,
            0
          ],
          [
            107.6278883,
            -6.9092241,
            0
          ],
          [
            107.6283467,
            -6.9087552,
            0
          ],
          [
            107.6284809,
            -6.9086325,
            0
          ],
          [
            107.6286271,
            -6.9085102,
            0
          ],
          [
            107.6290698,
            -6.9082008,
            0
          ],
          [
            107.6291731,
            -6.9081286,
            0
          ]
        ]
      },
      "properties": {
        "name": "Jalan Cendana",
        "styleUrl": "#8851",
        "styleHash": "-2bb47ca8",
        "stroke": "#EC008C",
        "stroke-opacity": 1,
        "stroke-width": 4
      },
      "id": "8850"
    },
    {
      "type": "Feature",
      "geometry": {
        "type": "LineString",
        "coordinates": [
          [
            107.6180383,
            -6.8938553,
            0
          ],
          [
            107.6179971,
            -6.8939395,
            0
          ],
          [
            107.6178302,
            -6.8942182,
            0
          ],
          [
            107.6177817,
            -6.8942718,
            0
          ],
          [
            107.6176835,
            -6.8943336,
            0
          ]
        ]
      },
      "properties": {
        "name": "Jalan Dipatiukur",
        "styleUrl": "#8855",
        "styleHash": "20926750",
        "stroke": "#EC008C",
        "stroke-opacity": 1,
        "stroke-width": 4
      },
      "id": "8854"
    },
    {
      "type": "Feature",
      "geometry": {
        "type": "LineString",
        "coordinates": [
          [
            107.616019,
            -6.8975661,
            0
          ],
          [
            107.6160824,
            -6.8976971,
            0
          ],
          [
            107.6161206,
            -6.8977917,
            0
          ],
          [
            107.6161489,
            -6.8978851,
            0
          ],
          [
            107.6161542,
            -6.8979225,
            0
          ],
          [
            107.6161572,
            -6.8979434,
            0
          ],
          [
            107.6161675,
            -6.8980166,
            0
          ],
          [
            107.6161662,
            -6.8981131,
            0
          ],
          [
            107.6161577,
            -6.8981816,
            0
          ],
          [
            107.6161352,
            -6.898308,
            0
          ]
        ]
      },
      "properties": {
        "name": "Jalan Penata Yudha",
        "styleUrl": "#8859",
        "styleHash": "35813b13",
        "stroke": "#EC008C",
        "stroke-opacity": 1,
        "stroke-width": 4
      },
      "id": "8858"
    },
    {
      "type": "Feature",
      "geometry": {
        "type": "LineString",
        "coordinates": [
          [
            107.6300393,
            -6.9157014,
            0
          ],
          [
            107.6300714,
            -6.9157678,
            0
          ]
        ]
      },
      "properties": {
        "name": "Jalan Laswi",
        "styleUrl": "#8863",
        "styleHash": "49945c16",
        "stroke": "#EC008C",
        "stroke-opacity": 1,
        "stroke-width": 4
      },
      "id": "8862"
    },
    {
      "type": "Feature",
      "geometry": {
        "type": "LineString",
        "coordinates": [
          [
            107.6225805,
            -6.9371274,
            0
          ],
          [
            107.6222978,
            -6.9373184,
            0
          ],
          [
            107.6222364,
            -6.9373473,
            0
          ],
          [
            107.6215455,
            -6.9376726,
            0
          ],
          [
            107.620815,
            -6.9379417,
            0
          ],
          [
            107.620486,
            -6.9380409,
            0
          ]
        ]
      },
      "properties": {
        "name": "Jalan BKR",
        "styleUrl": "#8867",
        "styleHash": "-6a24bff2",
        "stroke": "#EC008C",
        "stroke-opacity": 1,
        "stroke-width": 4
      },
      "id": "8866"
    },
    {
      "type": "Feature",
      "geometry": {
        "type": "LineString",
        "coordinates": [
          [
            107.6253638,
            -6.9010341,
            0
          ],
          [
            107.6256055,
            -6.901026,
            0
          ],
          [
            107.6259572,
            -6.9010164,
            0
          ],
          [
            107.6261054,
            -6.901032,
            0
          ],
          [
            107.6261791,
            -6.9010486,
            0
          ],
          [
            107.6262639,
            -6.9010862,
            0
          ]
        ]
      },
      "properties": {
        "name": "Jalan Diponegoro",
        "styleUrl": "#8871",
        "styleHash": "729650dc",
        "stroke": "#EC008C",
        "stroke-opacity": 1,
        "stroke-width": 4
      },
      "id": "8870"
    },
    {
      "type": "Feature",
      "geometry": {
        "type": "LineString",
        "coordinates": [
          [
            107.6262639,
            -6.9010862,
            0
          ],
          [
            107.6263592,
            -6.9011544,
            0
          ],
          [
            107.6264108,
            -6.901205,
            0
          ],
          [
            107.6265006,
            -6.9013156,
            0
          ],
          [
            107.626915,
            -6.9018846,
            0
          ],
          [
            107.6273065,
            -6.9024786,
            0
          ],
          [
            107.6277159,
            -6.9031136,
            0
          ],
          [
            107.6282881,
            -6.9039847,
            0
          ],
          [
            107.6283288,
            -6.9040475,
            0
          ],
          [
            107.628396,
            -6.904151,
            0
          ],
          [
            107.6284378,
            -6.904217,
            0
          ],
          [
            107.6287507,
            -6.9046965,
            0
          ],
          [
            107.6292146,
            -6.9054074,
            0
          ],
          [
            107.6297079,
            -6.9061604,
            0
          ],
          [
            107.629935,
            -6.9065072,
            0
          ]
        ]
      },
      "properties": {
        "name": "Jalan Supratman",
        "styleUrl": "#8875",
        "styleHash": "-4122cb2c",
        "stroke": "#EC008C",
        "stroke-opacity": 1,
        "stroke-width": 4
      },
      "id": "8874"
    },
    {
      "type": "Feature",
      "geometry": {
        "type": "LineString",
        "coordinates": [
          [
            107.6305913,
            -6.9077531,
            0
          ],
          [
            107.6306929,
            -6.90769,
            0
          ]
        ]
      },
      "properties": {
        "name": "Jalan Lapang Supratman",
        "styleUrl": "#8879",
        "styleHash": "-2c33f769",
        "stroke": "#EC008C",
        "stroke-opacity": 1,
        "stroke-width": 4
      },
      "id": "8878"
    },
    {
      "type": "Feature",
      "geometry": {
        "type": "LineString",
        "coordinates": [
          [
            107.6295758,
            -6.9147576,
            0
          ],
          [
            107.629671,
            -6.9148582,
            0
          ]
        ]
      },
      "properties": {
        "name": "Jalan L.L. RE. Martadinata",
        "styleUrl": "#8883",
        "styleHash": "-1820d666",
        "stroke": "#EC008C",
        "stroke-opacity": 1,
        "stroke-width": 4
      },
      "id": "8882"
    },
    {
      "type": "Feature",
      "geometry": {
        "type": "LineString",
        "coordinates": [
          [
            107.6295758,
            -6.9147576,
            0
          ],
          [
            107.6294559,
            -6.914423,
            0
          ],
          [
            107.6292504,
            -6.9137992,
            0
          ],
          [
            107.6291718,
            -6.9135678,
            0
          ],
          [
            107.6291311,
            -6.9134798,
            0
          ],
          [
            107.6290892,
            -6.913389,
            0
          ],
          [
            107.6289845,
            -6.913192,
            0
          ],
          [
            107.6288644,
            -6.9130163,
            0
          ],
          [
            107.628731,
            -6.9128285,
            0
          ],
          [
            107.6286968,
            -6.9127848,
            0
          ],
          [
            107.6286154,
            -6.9126809,
            0
          ]
        ]
      },
      "properties": {
        "name": "Jalan L.L. RE. Martadinata",
        "styleUrl": "#8887",
        "styleHash": "34260d92",
        "stroke": "#EC008C",
        "stroke-opacity": 1,
        "stroke-width": 4
      },
      "id": "8886"
    },
    {
      "type": "Feature",
      "geometry": {
        "type": "LineString",
        "coordinates": [
          [
            107.7537453,
            -6.9404081,
            0
          ],
          [
            107.7536983,
            -6.94024,
            0
          ],
          [
            107.7536254,
            -6.9400197,
            0
          ],
          [
            107.7535816,
            -6.9399509,
            0
          ],
          [
            107.7535341,
            -6.9398922,
            0
          ],
          [
            107.7534452,
            -6.9398116,
            0
          ]
        ]
      },
      "properties": {
        "name": "Route Segment",
        "styleUrl": "#8891",
        "styleHash": "10e11e60",
        "stroke": "#EC008C",
        "stroke-opacity": 1,
        "stroke-width": 4
      },
      "id": "8890"
    },
    {
      "type": "Feature",
      "geometry": {
        "type": "LineString",
        "coordinates": [
          [
            107.6109823,
            -6.9562337,
            0
          ],
          [
            107.6108289,
            -6.956309,
            0
          ]
        ]
      },
      "properties": {
        "name": "Route Segment",
        "styleUrl": "#8895",
        "styleHash": "5d280258",
        "stroke": "#EC008C",
        "stroke-opacity": 1,
        "stroke-width": 4
      },
      "id": "8894"
    },
    {
      "type": "Feature",
      "geometry": {
        "type": "LineString",
        "coordinates": [
          [
            107.6116113,
            -6.9549027,
            0
          ],
          [
            107.6116834,
            -6.9550038,
            0
          ],
          [
            107.6117349,
            -6.955158,
            0
          ],
          [
            107.6118082,
            -6.9554079,
            0
          ],
          [
            107.6118897,
            -6.9556394,
            0
          ]
        ]
      },
      "properties": {
        "name": "Jalan Mohammad Toha",
        "styleUrl": "#8899",
        "styleHash": "-41932050",
        "stroke": "#EC008C",
        "stroke-opacity": 1,
        "stroke-width": 4
      },
      "id": "8898"
    },
    {
      "type": "Feature",
      "geometry": {
        "type": "LineString",
        "coordinates": [
          [
            107.6098249,
            -6.9611724,
            0
          ],
          [
            107.6133971,
            -6.9608951,
            0
          ]
        ]
      },
      "properties": {
        "name": "Jalan Tol Padalarang–Cileunyi",
        "styleUrl": "#8903",
        "styleHash": "43b6508",
        "stroke": "#EC008C",
        "stroke-opacity": 1,
        "stroke-width": 4
      },
      "id": "8902"
    },
    {
      "type": "Feature",
      "geometry": {
        "type": "LineString",
        "coordinates": [
          [
            107.6160286,
            -6.8989397,
            0
          ],
          [
            107.6160579,
            -6.8989434,
            0
          ],
          [
            107.616449,
            -6.8990209,
            0
          ]
        ]
      },
      "properties": {
        "name": "Jalan Surapati",
        "styleUrl": "#8907",
        "styleHash": "50824900",
        "stroke": "#EC008C",
        "stroke-opacity": 1,
        "stroke-width": 4
      },
      "id": "8906"
    },
    {
      "type": "Feature",
      "geometry": {
        "type": "LineString",
        "coordinates": [
          [
            107.6286154,
            -6.9126809,
            0
          ],
          [
            107.628535,
            -6.9125792,
            0
          ],
          [
            107.6283442,
            -6.9123228,
            0
          ],
          [
            107.6282733,
            -6.9122224,
            0
          ],
          [
            107.6281737,
            -6.9121136,
            0
          ],
          [
            107.6278567,
            -6.9118039,
            0
          ],
          [
            107.6278029,
            -6.9117514,
            0
          ],
          [
            107.6276535,
            -6.9116065,
            0
          ],
          [
            107.6271643,
            -6.9111479,
            0
          ],
          [
            107.6270678,
            -6.9110574,
            0
          ]
        ]
      },
      "properties": {
        "name": "Jalan L.L. RE. Martadinata",
        "styleUrl": "#8911",
        "styleHash": "2d3d59ce",
        "stroke": "#EC008C",
        "stroke-opacity": 1,
        "stroke-width": 4
      },
      "id": "8910"
    },
    {
      "type": "Feature",
      "geometry": {
        "type": "LineString",
        "coordinates": [
          [
            107.6168823,
            -6.8955917,
            0
          ],
          [
            107.6166188,
            -6.8959561,
            0
          ],
          [
            107.6162817,
            -6.8963301,
            0
          ],
          [
            107.6159883,
            -6.8966062,
            0
          ],
          [
            107.6155865,
            -6.8969383,
            0
          ]
        ]
      },
      "properties": {
        "name": "Jalan Dipatiukur",
        "styleUrl": "#8915",
        "styleHash": "79843dc6",
        "stroke": "#EC008C",
        "stroke-opacity": 1,
        "stroke-width": 4
      },
      "id": "8914"
    },
    {
      "type": "Feature",
      "geometry": {
        "type": "LineString",
        "coordinates": [
          [
            107.6300729,
            -6.9067176,
            0
          ],
          [
            107.6302047,
            -6.9069265,
            0
          ]
        ]
      },
      "properties": {
        "name": "Jalan Supratman",
        "styleUrl": "#8919",
        "styleHash": "-718cee77",
        "stroke": "#EC008C",
        "stroke-opacity": 1,
        "stroke-width": 4
      },
      "id": "8918"
    },
    {
      "type": "Feature",
      "geometry": {
        "type": "LineString",
        "coordinates": [
          [
            107.6184347,
            -6.8992984,
            0
          ],
          [
            107.6189625,
            -6.8992907,
            0
          ],
          [
            107.6189804,
            -6.8992903,
            0
          ],
          [
            107.6190876,
            -6.8992881,
            0
          ],
          [
            107.6192835,
            -6.8992841,
            0
          ],
          [
            107.6193443,
            -6.8992829,
            0
          ]
        ]
      },
      "properties": {
        "name": "Jalan Surapati",
        "styleUrl": "#8923",
        "styleHash": "-5d79cd74",
        "stroke": "#EC008C",
        "stroke-opacity": 1,
        "stroke-width": 4
      },
      "id": "8922"
    },
    {
      "type": "Feature",
      "geometry": {
        "type": "LineString",
        "coordinates": [
          [
            107.6090371,
            -6.9377023,
            0
          ],
          [
            107.6089837,
            -6.9377027,
            0
          ],
          [
            107.6088735,
            -6.9376992,
            0
          ],
          [
            107.6084233,
            -6.9376849,
            0
          ],
          [
            107.6081426,
            -6.937676,
            0
          ],
          [
            107.6074822,
            -6.9376551,
            0
          ],
          [
            107.6067777,
            -6.9376327,
            0
          ],
          [
            107.6064422,
            -6.9376269,
            0
          ]
        ]
      },
      "properties": {
        "name": "Jalan BKR",
        "styleUrl": "#8927",
        "styleHash": "-1132e97c",
        "stroke": "#EC008C",
        "stroke-opacity": 1,
        "stroke-width": 4
      },
      "id": "8926"
    },
    {
      "type": "Feature",
      "geometry": {
        "type": "LineString",
        "coordinates": [
          [
            107.6174318,
            -6.8947388,
            0
          ],
          [
            107.6172839,
            -6.8949841,
            0
          ],
          [
            107.617258,
            -6.8950233,
            0
          ],
          [
            107.6172155,
            -6.8950876,
            0
          ],
          [
            107.6168823,
            -6.8955917,
            0
          ]
        ]
      },
      "properties": {
        "name": "Jalan Dipatiukur",
        "styleUrl": "#8931",
        "styleHash": "-3477d8ae",
        "stroke": "#EC008C",
        "stroke-opacity": 1,
        "stroke-width": 4
      },
      "id": "8930"
    },
    {
      "type": "Feature",
      "geometry": {
        "type": "LineString",
        "coordinates": [
          [
            107.612765,
            -6.9378378,
            0
          ],
          [
            107.6126835,
            -6.937834,
            0
          ],
          [
            107.6122038,
            -6.9378169,
            0
          ],
          [
            107.6104681,
            -6.9377552,
            0
          ],
          [
            107.6099479,
            -6.9377367,
            0
          ]
        ]
      },
      "properties": {
        "name": "Jalan BKR",
        "styleUrl": "#8935",
        "styleHash": "17cf0b4a",
        "stroke": "#EC008C",
        "stroke-opacity": 1,
        "stroke-width": 4
      },
      "id": "8934"
    },
    {
      "type": "Feature",
      "geometry": {
        "type": "LineString",
        "coordinates": [
          [
            107.6094437,
            -6.9483822,
            0
          ],
          [
            107.6094101,
            -6.9482727,
            0
          ]
        ]
      },
      "properties": {
        "name": "Jalan Mohammad Toha",
        "styleUrl": "#8939",
        "styleHash": "2cbddf0d",
        "stroke": "#EC008C",
        "stroke-opacity": 1,
        "stroke-width": 4
      },
      "id": "8938"
    },
    {
      "type": "Feature",
      "geometry": {
        "type": "LineString",
        "coordinates": [
          [
            107.6086676,
            -6.9461425,
            0
          ],
          [
            107.6086093,
            -6.945971,
            0
          ],
          [
            107.6085871,
            -6.9459059,
            0
          ],
          [
            107.608562,
            -6.9458321,
            0
          ],
          [
            107.6085284,
            -6.9457333,
            0
          ],
          [
            107.6084824,
            -6.9455982,
            0
          ],
          [
            107.6084779,
            -6.9455849,
            0
          ],
          [
            107.6084496,
            -6.9455018,
            0
          ],
          [
            107.608427,
            -6.9454354,
            0
          ],
          [
            107.608407,
            -6.9453744,
            0
          ],
          [
            107.6083491,
            -6.945205,
            0
          ],
          [
            107.6082597,
            -6.9449435,
            0
          ],
          [
            107.6082426,
            -6.9448934,
            0
          ],
          [
            107.6082103,
            -6.9447985,
            0
          ],
          [
            107.6080915,
            -6.9444492,
            0
          ],
          [
            107.6079672,
            -6.944084,
            0
          ],
          [
            107.6078706,
            -6.9438055,
            0
          ],
          [
            107.607766,
            -6.9435054,
            0
          ],
          [
            107.6077347,
            -6.9434128,
            0
          ],
          [
            107.607677,
            -6.9432421,
            0
          ],
          [
            107.6076477,
            -6.9431556,
            0
          ]
        ]
      },
      "properties": {
        "name": "Jalan Mohammad Toha",
        "styleUrl": "#8943",
        "styleHash": "40d10010",
        "stroke": "#EC008C",
        "stroke-opacity": 1,
        "stroke-width": 4
      },
      "id": "8942"
    },
    {
      "type": "Feature",
      "geometry": {
        "type": "LineString",
        "coordinates": [
          [
            107.6302047,
            -6.9069265,
            0
          ],
          [
            107.6306929,
            -6.90769,
            0
          ]
        ]
      },
      "properties": {
        "name": "Jalan Supratman",
        "styleUrl": "#8947",
        "styleHash": "-72e81bf8",
        "stroke": "#EC008C",
        "stroke-opacity": 1,
        "stroke-width": 4
      },
      "id": "8946"
    },
    {
      "type": "Feature",
      "geometry": {
        "type": "LineString",
        "coordinates": [
          [
            107.6261515,
            -6.9309754,
            0
          ],
          [
            107.6258277,
            -6.9322856,
            0
          ],
          [
            107.6258213,
            -6.9323117,
            0
          ],
          [
            107.6257675,
            -6.932523,
            0
          ]
        ]
      },
      "properties": {
        "name": "Jalan Pelajar Pejuang 45",
        "styleUrl": "#8951",
        "styleHash": "69d2f4d6",
        "stroke": "#EC008C",
        "stroke-opacity": 1,
        "stroke-width": 4
      },
      "id": "8950"
    },
    {
      "type": "Feature",
      "geometry": {
        "type": "LineString",
        "coordinates": [
          [
            107.6255287,
            -6.9335306,
            0
          ],
          [
            107.6254673,
            -6.9337607,
            0
          ],
          [
            107.6253996,
            -6.9339927,
            0
          ],
          [
            107.6253661,
            -6.9341125,
            0
          ],
          [
            107.6253131,
            -6.9342776,
            0
          ],
          [
            107.6252887,
            -6.9343354,
            0
          ],
          [
            107.6252568,
            -6.9344147,
            0
          ],
          [
            107.6252253,
            -6.9344866,
            0
          ],
          [
            107.6251797,
            -6.9345751,
            0
          ],
          [
            107.6251233,
            -6.9346683,
            0
          ],
          [
            107.6250543,
            -6.9347675,
            0
          ],
          [
            107.6248605,
            -6.9350024,
            0
          ]
        ]
      },
      "properties": {
        "name": "Jalan Pelajar Pejuang 45",
        "styleUrl": "#8955",
        "styleHash": "-49e62732",
        "stroke": "#EC008C",
        "stroke-opacity": 1,
        "stroke-width": 4
      },
      "id": "8954"
    },
    {
      "type": "Feature",
      "geometry": {
        "type": "LineString",
        "coordinates": [
          [
            107.620486,
            -6.9380409,
            0
          ],
          [
            107.6202343,
            -6.9381005,
            0
          ]
        ]
      },
      "properties": {
        "name": "Jalan BKR",
        "styleUrl": "#8959",
        "styleHash": "-34f7536f",
        "stroke": "#EC008C",
        "stroke-opacity": 1,
        "stroke-width": 4
      },
      "id": "8958"
    },
    {
      "type": "Feature",
      "geometry": {
        "type": "LineString",
        "coordinates": [
          [
            107.6202343,
            -6.9381005,
            0
          ],
          [
            107.6197515,
            -6.9381729,
            0
          ],
          [
            107.6195826,
            -6.9381826,
            0
          ],
          [
            107.6193344,
            -6.9381968,
            0
          ],
          [
            107.6190662,
            -6.9381955,
            0
          ],
          [
            107.6187806,
            -6.9381795,
            0
          ],
          [
            107.6185574,
            -6.9381661,
            0
          ],
          [
            107.6180007,
            -6.938125,
            0
          ],
          [
            107.6171204,
            -6.9380799,
            0
          ],
          [
            107.6167712,
            -6.9380574,
            0
          ],
          [
            107.6166344,
            -6.9380533,
            0
          ],
          [
            107.6162382,
            -6.9380256,
            0
          ],
          [
            107.6160946,
            -6.9380178,
            0
          ],
          [
            107.6138239,
            -6.9378694,
            0
          ]
        ]
      },
      "properties": {
        "name": "Jalan BKR",
        "styleUrl": "#8963",
        "styleHash": "-20e4326c",
        "stroke": "#EC008C",
        "stroke-opacity": 1,
        "stroke-width": 4
      },
      "id": "8962"
    },
    {
      "type": "Feature",
      "geometry": {
        "type": "LineString",
        "coordinates": [
          [
            107.6064422,
            -6.9376269,
            0
          ],
          [
            107.6063967,
            -6.9376401,
            0
          ],
          [
            107.6063538,
            -6.9376599,
            0
          ],
          [
            107.6063143,
            -6.9376859,
            0
          ],
          [
            107.6062905,
            -6.9377063,
            0
          ],
          [
            107.6062689,
            -6.937729,
            0
          ],
          [
            107.6062496,
            -6.9377537,
            0
          ],
          [
            107.606233,
            -6.9377801,
            0
          ],
          [
            107.6062191,
            -6.9378081,
            0
          ]
        ]
      },
      "properties": {
        "name": "Route Segment",
        "styleUrl": "#8967",
        "styleHash": "2b62b18c",
        "stroke": "#EC008C",
        "stroke-opacity": 1,
        "stroke-width": 4
      },
      "id": "8966"
    },
    {
      "type": "Feature",
      "geometry": {
        "type": "LineString",
        "coordinates": [
          [
            107.6305913,
            -6.9077531,
            0
          ],
          [
            107.6302838,
            -6.9079553,
            0
          ],
          [
            107.6301163,
            -6.9080655,
            0
          ],
          [
            107.6299488,
            -6.9081756,
            0
          ],
          [
            107.6297436,
            -6.9082432,
            0
          ],
          [
            107.629633,
            -6.9082512,
            0
          ],
          [
            107.6295506,
            -6.9082404,
            0
          ],
          [
            107.6294925,
            -6.9082151,
            0
          ],
          [
            107.629441,
            -6.9081795,
            0
          ],
          [
            107.6293885,
            -6.9081299,
            0
          ]
        ]
      },
      "properties": {
        "name": "Jalan Lapang Supratman",
        "styleUrl": "#8971",
        "styleHash": "81dc25a",
        "stroke": "#EC008C",
        "stroke-opacity": 1,
        "stroke-width": 4
      },
      "id": "8970"
    },
    {
      "type": "Feature",
      "geometry": {
        "type": "LineString",
        "coordinates": [
          [
            107.6199195,
            -6.9011743,
            0
          ],
          [
            107.6208401,
            -6.9011493,
            0
          ],
          [
            107.6213033,
            -6.9011378,
            0
          ],
          [
            107.6216766,
            -6.9011285,
            0
          ],
          [
            107.6221254,
            -6.9011174,
            0
          ],
          [
            107.6224081,
            -6.9011103,
            0
          ],
          [
            107.6234934,
            -6.9010834,
            0
          ],
          [
            107.6236693,
            -6.901079,
            0
          ],
          [
            107.6238119,
            -6.9010754,
            0
          ],
          [
            107.6241876,
            -6.9010661,
            0
          ],
          [
            107.6246942,
            -6.9010535,
            0
          ],
          [
            107.6249276,
            -6.9010477,
            0
          ]
        ]
      },
      "properties": {
        "name": "Jalan Diponegoro",
        "styleUrl": "#8975",
        "styleHash": "5464a652",
        "stroke": "#EC008C",
        "stroke-opacity": 1,
        "stroke-width": 4
      },
      "id": "8974"
    },
    {
      "type": "Feature",
      "geometry": {
        "type": "LineString",
        "coordinates": [
          [
            107.6299139,
            -6.9154306,
            0
          ],
          [
            107.629994,
            -6.9156036,
            0
          ],
          [
            107.6300393,
            -6.9157014,
            0
          ]
        ]
      },
      "properties": {
        "name": "Jalan L.L. RE. Martadinata",
        "styleUrl": "#8979",
        "styleHash": "69537a15",
        "stroke": "#EC008C",
        "stroke-opacity": 1,
        "stroke-width": 4
      },
      "id": "8978"
    },
    {
      "type": "Feature",
      "geometry": {
        "type": "LineString",
        "coordinates": [
          [
            107.6274553,
            -6.9097114,
            0
          ],
          [
            107.6274737,
            -6.9097338,
            0
          ],
          [
            107.6275239,
            -6.9098264,
            0
          ],
          [
            107.6275876,
            -6.9099568,
            0
          ],
          [
            107.6276091,
            -6.9100234,
            0
          ],
          [
            107.6276252,
            -6.9100913,
            0
          ],
          [
            107.6276368,
            -6.9101834,
            0
          ],
          [
            107.6276346,
            -6.9102897,
            0
          ],
          [
            107.6276024,
            -6.9104242,
            0
          ],
          [
            107.6275467,
            -6.9105478,
            0
          ],
          [
            107.6274766,
            -6.9106475,
            0
          ],
          [
            107.6271193,
            -6.9109997,
            0
          ],
          [
            107.6270678,
            -6.9110574,
            0
          ]
        ]
      },
      "properties": {
        "name": "Jalan Taman Pramuka",
        "styleUrl": "#8983",
        "styleHash": "7d669b18",
        "stroke": "#EC008C",
        "stroke-opacity": 1,
        "stroke-width": 4
      },
      "id": "8982"
    },
    {
      "type": "Feature",
      "geometry": {
        "type": "LineString",
        "coordinates": [
          [
            107.629935,
            -6.9065072,
            0
          ],
          [
            107.6300729,
            -6.9067176,
            0
          ]
        ]
      },
      "properties": {
        "name": "Jalan Supratman",
        "styleUrl": "#8987",
        "styleHash": "-365280f0",
        "stroke": "#EC008C",
        "stroke-opacity": 1,
        "stroke-width": 4
      },
      "id": "8986"
    },
    {
      "type": "Feature",
      "geometry": {
        "type": "LineString",
        "coordinates": [
          [
            107.7534452,
            -6.9398116,
            0
          ],
          [
            107.7529385,
            -6.9394875,
            0
          ]
        ]
      },
      "properties": {
        "name": "Route Segment",
        "styleUrl": "#8991",
        "styleHash": "-59977022",
        "stroke": "#EC008C",
        "stroke-opacity": 1,
        "stroke-width": 4
      },
      "id": "8990"
    },
    {
      "type": "Feature",
      "geometry": {
        "type": "LineString",
        "coordinates": [
          [
            107.7560525,
            -6.9379722,
            0
          ],
          [
            107.7561221,
            -6.9379622,
            0
          ],
          [
            107.7562242,
            -6.9379454,
            0
          ],
          [
            107.7565469,
            -6.9378853,
            0
          ]
        ]
      },
      "properties": {
        "name": "Jalan Raya Cileunyi",
        "styleUrl": "#8995",
        "styleHash": "-d508c2a",
        "stroke": "#EC008C",
        "stroke-opacity": 1,
        "stroke-width": 4
      },
      "id": "8994"
    },
    {
      "type": "Feature",
      "geometry": {
        "type": "LineString",
        "coordinates": [
          [
            107.757483,
            -6.9377149,
            0
          ],
          [
            107.7577043,
            -6.937687,
            0
          ],
          [
            107.7582127,
            -6.9376098,
            0
          ],
          [
            107.7585168,
            -6.9375541,
            0
          ],
          [
            107.7586054,
            -6.9375379,
            0
          ],
          [
            107.7588445,
            -6.937496,
            0
          ],
          [
            107.7590379,
            -6.9374409,
            0
          ],
          [
            107.7590783,
            -6.9374301,
            0
          ],
          [
            107.7595382,
            -6.9373062,
            0
          ],
          [
            107.7595587,
            -6.9373015,
            0
          ],
          [
            107.7599873,
            -6.937175,
            0
          ],
          [
            107.7604905,
            -6.9370351,
            0
          ],
          [
            107.761654,
            -6.9366998,
            0
          ],
          [
            107.7626147,
            -6.9363829,
            0
          ],
          [
            107.7626714,
            -6.9363701,
            0
          ],
          [
            107.7628702,
            -6.9363032,
            0
          ],
          [
            107.7629,
            -6.9362934,
            0
          ],
          [
            107.7630053,
            -6.936259,
            0
          ],
          [
            107.7631116,
            -6.9362247,
            0
          ],
          [
            107.7631647,
            -6.9362102,
            0
          ],
          [
            107.7632513,
            -6.9361805,
            0
          ],
          [
            107.7633547,
            -6.936147,
            0
          ],
          [
            107.7635931,
            -6.9360716,
            0
          ],
          [
            107.7637875,
            -6.9360169,
            0
          ],
          [
            107.7640041,
            -6.935955,
            0
          ],
          [
            107.7640219,
            -6.9359499,
            0
          ],
          [
            107.7642048,
            -6.9358995,
            0
          ],
          [
            107.7644009,
            -6.9358469,
            0
          ],
          [
            107.764435,
            -6.9358375,
            0
          ],
          [
            107.7644797,
            -6.9358254,
            0
          ],
          [
            107.7646673,
            -6.9357773,
            0
          ],
          [
            107.7648658,
            -6.9357188,
            0
          ],
          [
            107.7652049,
            -6.9356267,
            0
          ],
          [
            107.7652681,
            -6.9356096,
            0
          ],
          [
            107.7655658,
            -6.9355271,
            0
          ],
          [
            107.7658823,
            -6.9354498,
            0
          ],
          [
            107.7660558,
            -6.9353947,
            0
          ],
          [
            107.7663089,
            -6.9353249,
            0
          ],
          [
            107.7664134,
            -6.9352954,
            0
          ],
          [
            107.7664597,
            -6.9352793,
            0
          ],
          [
            107.7666588,
            -6.9352102,
            0
          ],
          [
            107.7671166,
            -6.9350782,
            0
          ],
          [
            107.7673132,
            -6.9350212,
            0
          ],
          [
            107.7674101,
            -6.9349647,
            0
          ],
          [
            107.7675131,
            -6.9348887,
            0
          ]
        ]
      },
      "properties": {
        "name": "Jalan Raya Jatinangor",
        "styleUrl": "#8999",
        "styleHash": "-6da085c7",
        "stroke": "#EC008C",
        "stroke-opacity": 1,
        "stroke-width": 4
      },
      "id": "8998"
    },
    {
      "type": "Feature",
      "geometry": {
        "type": "LineString",
        "coordinates": [
          [
            107.6180361,
            -6.8934568,
            0
          ],
          [
            107.6180362,
            -6.8934861,
            0
          ],
          [
            107.6180383,
            -6.8938553,
            0
          ]
        ]
      },
      "properties": {
        "name": "Jalan Dipatiukur",
        "styleUrl": "#9003",
        "styleHash": "-2220da24",
        "stroke": "#EC008C",
        "stroke-opacity": 1,
        "stroke-width": 4
      },
      "id": "9002"
    },
    {
      "type": "Feature",
      "geometry": {
        "type": "LineString",
        "coordinates": [
          [
            107.6193536,
            -6.8995642,
            0
          ],
          [
            107.6193611,
            -6.8998371,
            0
          ],
          [
            107.6193648,
            -6.89993,
            0
          ]
        ]
      },
      "properties": {
        "name": "Jalan Sentot Alibasyah",
        "styleUrl": "#9007",
        "styleHash": "2a2609d4",
        "stroke": "#EC008C",
        "stroke-opacity": 1,
        "stroke-width": 4
      },
      "id": "9006"
    },
    {
      "type": "Feature",
      "geometry": {
        "type": "LineString",
        "coordinates": [
          [
            107.6193648,
            -6.89993,
            0
          ],
          [
            107.6193767,
            -6.9002364,
            0
          ],
          [
            107.6194077,
            -6.9010307,
            0
          ],
          [
            107.6194103,
            -6.9010674,
            0
          ],
          [
            107.619419,
            -6.9011883,
            0
          ]
        ]
      },
      "properties": {
        "name": "Jalan Sentot Alibasyah",
        "styleUrl": "#9011",
        "styleHash": "6e11aa2",
        "stroke": "#EC008C",
        "stroke-opacity": 1,
        "stroke-width": 4
      },
      "id": "9010"
    },
    {
      "type": "Feature",
      "geometry": {
        "type": "LineString",
        "coordinates": [
          [
            107.6228382,
            -6.9369209,
            0
          ],
          [
            107.6228092,
            -6.9369445,
            0
          ],
          [
            107.6227837,
            -6.9369651,
            0
          ]
        ]
      },
      "properties": {
        "name": "Jalan Pelajar Pejuang 45",
        "styleUrl": "#9015",
        "styleHash": "5327fe9a",
        "stroke": "#EC008C",
        "stroke-opacity": 1,
        "stroke-width": 4
      },
      "id": "9014"
    },
    {
      "type": "Feature",
      "geometry": {
        "type": "LineString",
        "coordinates": [
          [
            107.6248605,
            -6.9350024,
            0
          ],
          [
            107.6246392,
            -6.935218,
            0
          ],
          [
            107.6242435,
            -6.9356055,
            0
          ],
          [
            107.6240525,
            -6.9357906,
            0
          ],
          [
            107.6237769,
            -6.9360502,
            0
          ],
          [
            107.6237206,
            -6.9361054,
            0
          ],
          [
            107.6236477,
            -6.9361789,
            0
          ]
        ]
      },
      "properties": {
        "name": "Jalan Pelajar Pejuang 45",
        "styleUrl": "#9019",
        "styleHash": "6816d25d",
        "stroke": "#EC008C",
        "stroke-opacity": 1,
        "stroke-width": 4
      },
      "id": "9018"
    },
    {
      "type": "Feature",
      "geometry": {
        "type": "LineString",
        "coordinates": [
          [
            107.6176835,
            -6.8943336,
            0
          ],
          [
            107.6175117,
            -6.8946008,
            0
          ],
          [
            107.6174318,
            -6.8947388,
            0
          ]
        ]
      },
      "properties": {
        "name": "Jalan Dipatiukur",
        "styleUrl": "#9023",
        "styleHash": "7c29f360",
        "stroke": "#EC008C",
        "stroke-opacity": 1,
        "stroke-width": 4
      },
      "id": "9022"
    },
    {
      "type": "Feature",
      "geometry": {
        "type": "LineString",
        "coordinates": [
          [
            107.6116113,
            -6.9549027,
            0
          ],
          [
            107.6115903,
            -6.9548395,
            0
          ],
          [
            107.6115567,
            -6.9547392,
            0
          ],
          [
            107.6115404,
            -6.9546891,
            0
          ],
          [
            107.6115168,
            -6.954618,
            0
          ],
          [
            107.6115056,
            -6.9545841,
            0
          ],
          [
            107.6114306,
            -6.9543571,
            0
          ],
          [
            107.6114039,
            -6.9542777,
            0
          ],
          [
            107.6113779,
            -6.9541994,
            0
          ],
          [
            107.6113491,
            -6.9541126,
            0
          ],
          [
            107.6113021,
            -6.953971,
            0
          ],
          [
            107.6112433,
            -6.9537939,
            0
          ],
          [
            107.6112087,
            -6.9536897,
            0
          ],
          [
            107.6111523,
            -6.9535196,
            0
          ],
          [
            107.6111025,
            -6.9533696,
            0
          ],
          [
            107.6110127,
            -6.9530992,
            0
          ],
          [
            107.6109821,
            -6.9530069,
            0
          ],
          [
            107.6109598,
            -6.9529395,
            0
          ],
          [
            107.610882,
            -6.9527052,
            0
          ],
          [
            107.6108172,
            -6.9525101,
            0
          ],
          [
            107.6107154,
            -6.9522033,
            0
          ],
          [
            107.610704,
            -6.9521688,
            0
          ],
          [
            107.6106927,
            -6.9521348,
            0
          ],
          [
            107.6106289,
            -6.9519383,
            0
          ],
          [
            107.6105529,
            -6.9517136,
            0
          ],
          [
            107.6105221,
            -6.9516206,
            0
          ],
          [
            107.6103079,
            -6.9509754,
            0
          ],
          [
            107.6101654,
            -6.950546,
            0
          ],
          [
            107.6101111,
            -6.9503823,
            0
          ],
          [
            107.609996,
            -6.9500355,
            0
          ]
        ]
      },
      "properties": {
        "name": "Jalan Mohammad Toha",
        "styleUrl": "#9027",
        "styleHash": "-378f28a8",
        "stroke": "#EC008C",
        "stroke-opacity": 1,
        "stroke-width": 4
      },
      "id": "9026"
    },
    {
      "type": "Feature",
      "geometry": {
        "type": "LineString",
        "coordinates": [
          [
            107.6062191,
            -6.9378081,
            0
          ],
          [
            107.6061991,
            -6.9382951,
            0
          ],
          [
            107.6061936,
            -6.9383233,
            0
          ],
          [
            107.6061749,
            -6.938344,
            0
          ]
        ]
      },
      "properties": {
        "name": "Jalan Mohammad Toha",
        "styleUrl": "#9031",
        "styleHash": "-5ad417da",
        "stroke": "#EC008C",
        "stroke-opacity": 1,
        "stroke-width": 4
      },
      "id": "9030"
    },
    {
      "type": "Feature",
      "geometry": {
        "type": "LineString",
        "coordinates": [
          [
            107.6306365,
            -6.921787,
            0
          ],
          [
            107.6305761,
            -6.9219243,
            0
          ]
        ]
      },
      "properties": {
        "name": "Jalan Laswi",
        "styleUrl": "#9035",
        "styleHash": "-e8d33e2",
        "stroke": "#EC008C",
        "stroke-opacity": 1,
        "stroke-width": 4
      },
      "id": "9034"
    },
    {
      "type": "Feature",
      "geometry": {
        "type": "LineString",
        "coordinates": [
          [
            107.6314414,
            -6.9186602,
            0
          ],
          [
            107.6311398,
            -6.9198103,
            0
          ],
          [
            107.6310905,
            -6.9199961,
            0
          ],
          [
            107.6310798,
            -6.9200365,
            0
          ],
          [
            107.6310462,
            -6.9201628,
            0
          ],
          [
            107.6308494,
            -6.9209038,
            0
          ],
          [
            107.6307512,
            -6.9212738,
            0
          ],
          [
            107.6306365,
            -6.921787,
            0
          ]
        ]
      },
      "properties": {
        "name": "Jalan Laswi",
        "styleUrl": "#9039",
        "styleHash": "6619fe1",
        "stroke": "#EC008C",
        "stroke-opacity": 1,
        "stroke-width": 4
      },
      "id": "9038"
    },
    {
      "type": "Feature",
      "geometry": {
        "type": "LineString",
        "coordinates": [
          [
            107.7529385,
            -6.9394875,
            0
          ],
          [
            107.7528917,
            -6.9394393,
            0
          ],
          [
            107.7528665,
            -6.939405,
            0
          ],
          [
            107.752848,
            -6.9393592,
            0
          ],
          [
            107.7528383,
            -6.9393028,
            0
          ],
          [
            107.7528389,
            -6.9392537,
            0
          ],
          [
            107.7528454,
            -6.9392089,
            0
          ],
          [
            107.7528588,
            -6.9391713,
            0
          ],
          [
            107.7528851,
            -6.9391361,
            0
          ]
        ]
      },
      "properties": {
        "name": "Route Segment",
        "styleUrl": "#9043",
        "styleHash": "1a74c0e4",
        "stroke": "#EC008C",
        "stroke-opacity": 1,
        "stroke-width": 4
      },
      "id": "9042"
    },
    {
      "type": "Feature",
      "geometry": {
        "type": "LineString",
        "coordinates": [
          [
            107.6240011,
            -6.9634006,
            0
          ],
          [
            107.6242839,
            -6.9634978,
            0
          ]
        ]
      },
      "properties": {
        "name": "Jalan Tol Padalarang–Cileunyi",
        "styleUrl": "#9047",
        "styleHash": "66bba4dc",
        "stroke": "#EC008C",
        "stroke-opacity": 1,
        "stroke-width": 4
      },
      "id": "9046"
    },
    {
      "type": "Feature",
      "geometry": {
        "type": "LineString",
        "coordinates": [
          [
            107.6242839,
            -6.9634978,
            0
          ],
          [
            107.6253366,
            -6.963833,
            0
          ],
          [
            107.6258435,
            -6.9639721,
            0
          ],
          [
            107.626347,
            -6.9640978,
            0
          ],
          [
            107.6267896,
            -6.9641948,
            0
          ],
          [
            107.6271874,
            -6.9642858,
            0
          ],
          [
            107.627711,
            -6.9643758,
            0
          ],
          [
            107.6282532,
            -6.9644618,
            0
          ],
          [
            107.6286813,
            -6.9645136,
            0
          ],
          [
            107.6293116,
            -6.9645915,
            0
          ],
          [
            107.629938,
            -6.9646675,
            0
          ]
        ]
      },
      "properties": {
        "name": "Jalan Tol Padalarang–Cileunyi",
        "styleUrl": "#9051",
        "styleHash": "4376b5aa",
        "stroke": "#EC008C",
        "stroke-opacity": 1,
        "stroke-width": 4
      },
      "id": "9050"
    },
    {
      "type": "Feature",
      "geometry": {
        "type": "LineString",
        "coordinates": [
          [
            107.6108289,
            -6.956309,
            0
          ],
          [
            107.6106066,
            -6.9564192,
            0
          ],
          [
            107.6105951,
            -6.9564249,
            0
          ],
          [
            107.6101198,
            -6.9566866,
            0
          ]
        ]
      },
      "properties": {
        "name": "Route Segment",
        "styleUrl": "#9055",
        "styleHash": "-7042665e",
        "stroke": "#EC008C",
        "stroke-opacity": 1,
        "stroke-width": 4
      },
      "id": "9054"
    },
    {
      "type": "Feature",
      "geometry": {
        "type": "LineString",
        "coordinates": [
          [
            107.6097904,
            -6.9568141,
            0
          ],
          [
            107.6094291,
            -6.9568824,
            0
          ],
          [
            107.6090911,
            -6.9569245,
            0
          ],
          [
            107.6085312,
            -6.9569907,
            0
          ]
        ]
      },
      "properties": {
        "name": "Route Segment",
        "styleUrl": "#9059",
        "styleHash": "-5b53929b",
        "stroke": "#EC008C",
        "stroke-opacity": 1,
        "stroke-width": 4
      },
      "id": "9058"
    },
    {
      "type": "Feature",
      "geometry": {
        "type": "LineString",
        "coordinates": [
          [
            107.6101198,
            -6.9566866,
            0
          ],
          [
            107.6098531,
            -6.956786,
            0
          ],
          [
            107.6097904,
            -6.9568141,
            0
          ]
        ]
      },
      "properties": {
        "name": "Route Segment",
        "styleUrl": "#9063",
        "styleHash": "-47407198",
        "stroke": "#EC008C",
        "stroke-opacity": 1,
        "stroke-width": 4
      },
      "id": "9062"
    },
    {
      "type": "Feature",
      "geometry": {
        "type": "LineString",
        "coordinates": [
          [
            107.730105,
            -6.9541849,
            0
          ],
          [
            107.7328205,
            -6.9527237,
            0
          ],
          [
            107.7394411,
            -6.9491034,
            0
          ],
          [
            107.7398865,
            -6.9488629,
            0
          ],
          [
            107.7408358,
            -6.9483505,
            0
          ],
          [
            107.7429104,
            -6.9472221,
            0
          ],
          [
            107.7447624,
            -6.9463008,
            0
          ],
          [
            107.7464588,
            -6.9455793,
            0
          ]
        ]
      },
      "properties": {
        "name": "Jalan Tol Padalarang–Cileunyi",
        "styleUrl": "#9067",
        "styleHash": "5067260",
        "stroke": "#EC008C",
        "stroke-opacity": 1,
        "stroke-width": 4
      },
      "id": "9066"
    },
    {
      "type": "Feature",
      "geometry": {
        "type": "LineString",
        "coordinates": [
          [
            107.7464588,
            -6.9455793,
            0
          ],
          [
            107.7466437,
            -6.9454658,
            0
          ],
          [
            107.7468001,
            -6.9453773,
            0
          ],
          [
            107.7470107,
            -6.9452678,
            0
          ],
          [
            107.7473345,
            -6.9451187,
            0
          ],
          [
            107.7482395,
            -6.9446799,
            0
          ]
        ]
      },
      "properties": {
        "name": "Simpang Susun Cileunyi",
        "styleUrl": "#9071",
        "styleHash": "-1e3e7cd2",
        "stroke": "#EC008C",
        "stroke-opacity": 1,
        "stroke-width": 4
      },
      "id": "9070"
    },
    {
      "type": "Feature",
      "geometry": {
        "type": "LineString",
        "coordinates": [
          [
            107.7007549,
            -6.9688011,
            0
          ],
          [
            107.70103,
            -6.9687285,
            0
          ]
        ]
      },
      "properties": {
        "name": "Jalan Tol Padalarang–Cileunyi",
        "styleUrl": "#9075",
        "styleHash": "2e086726",
        "stroke": "#EC008C",
        "stroke-opacity": 1,
        "stroke-width": 4
      },
      "id": "9074"
    },
    {
      "type": "Feature",
      "geometry": {
        "type": "LineString",
        "coordinates": [
          [
            107.70103,
            -6.9687285,
            0
          ],
          [
            107.7018043,
            -6.9685122,
            0
          ],
          [
            107.7020499,
            -6.9684354,
            0
          ],
          [
            107.7031454,
            -6.9680792,
            0
          ],
          [
            107.7039354,
            -6.9677807,
            0
          ],
          [
            107.7044746,
            -6.9675629,
            0
          ]
        ]
      },
      "properties": {
        "name": "Jalan Tol Padalarang–Cileunyi",
        "styleUrl": "#9079",
        "styleHash": "42f73ae9",
        "stroke": "#EC008C",
        "stroke-opacity": 1,
        "stroke-width": 4
      },
      "id": "9078"
    },
    {
      "type": "Feature",
      "geometry": {
        "type": "LineString",
        "coordinates": [
          [
            107.6419915,
            -6.9658012,
            0
          ],
          [
            107.6428065,
            -6.9656857,
            0
          ]
        ]
      },
      "properties": {
        "name": "Jalan Tol Padalarang–Cileunyi",
        "styleUrl": "#9083",
        "styleHash": "570a5bec",
        "stroke": "#EC008C",
        "stroke-opacity": 1,
        "stroke-width": 4
      },
      "id": "9082"
    },
    {
      "type": "Feature",
      "geometry": {
        "type": "LineString",
        "coordinates": [
          [
            107.6383542,
            -6.9657306,
            0
          ],
          [
            107.6397387,
            -6.9658628,
            0
          ],
          [
            107.6408974,
            -6.9658788,
            0
          ],
          [
            107.6415324,
            -6.9658455,
            0
          ],
          [
            107.6419915,
            -6.9658012,
            0
          ]
        ]
      },
      "properties": {
        "name": "Jalan Tol Padalarang–Cileunyi",
        "styleUrl": "#9087",
        "styleHash": "-5caec01c",
        "stroke": "#EC008C",
        "stroke-opacity": 1,
        "stroke-width": 4
      },
      "id": "9086"
    },
    {
      "type": "Feature",
      "geometry": {
        "type": "LineString",
        "coordinates": [
          [
            107.7573864,
            -6.937727,
            0
          ],
          [
            107.757483,
            -6.9377149,
            0
          ]
        ]
      },
      "properties": {
        "name": "Jalan Raya Jatinangor",
        "styleUrl": "#9091",
        "styleHash": "-7ff3af4e",
        "stroke": "#EC008C",
        "stroke-opacity": 1,
        "stroke-width": 4
      },
      "id": "9090"
    },
    {
      "type": "Feature",
      "geometry": {
        "type": "LineString",
        "coordinates": [
          [
            107.7565469,
            -6.9378853,
            0
          ],
          [
            107.7570266,
            -6.9377907,
            0
          ],
          [
            107.7573864,
            -6.937727,
            0
          ]
        ]
      },
      "properties": {
        "name": "Jalan Raya Jatinangor",
        "styleUrl": "#9095",
        "styleHash": "-33accb56",
        "stroke": "#EC008C",
        "stroke-opacity": 1,
        "stroke-width": 4
      },
      "id": "9094"
    },
    {
      "type": "Feature",
      "geometry": {
        "type": "LineString",
        "coordinates": [
          [
            107.6236477,
            -6.9361789,
            0
          ],
          [
            107.6235824,
            -6.9362369,
            0
          ],
          [
            107.6235086,
            -6.9363093,
            0
          ],
          [
            107.6231803,
            -6.9366396,
            0
          ],
          [
            107.6229766,
            -6.9368169,
            0
          ]
        ]
      },
      "properties": {
        "name": "Jalan Pelajar Pejuang 45",
        "styleUrl": "#9099",
        "styleHash": "2d981202",
        "stroke": "#EC008C",
        "stroke-opacity": 1,
        "stroke-width": 4
      },
      "id": "9098"
    },
    {
      "type": "Feature",
      "geometry": {
        "type": "LineString",
        "coordinates": [
          [
            107.7675131,
            -6.9348887,
            0
          ],
          [
            107.7675751,
            -6.9347793,
            0
          ],
          [
            107.7676277,
            -6.934685,
            0
          ],
          [
            107.767735,
            -6.9344928,
            0
          ],
          [
            107.7678125,
            -6.9344095,
            0
          ],
          [
            107.7678271,
            -6.9343939,
            0
          ],
          [
            107.7679063,
            -6.934321,
            0
          ],
          [
            107.7681579,
            -6.9342545,
            0
          ],
          [
            107.7684973,
            -6.9341574,
            0
          ],
          [
            107.768833,
            -6.9340581,
            0
          ],
          [
            107.7696761,
            -6.9338458,
            0
          ],
          [
            107.7703987,
            -6.9336234,
            0
          ],
          [
            107.7708274,
            -6.9334914,
            0
          ],
          [
            107.7709455,
            -6.9334391,
            0
          ],
          [
            107.7713808,
            -6.9332463,
            0
          ],
          [
            107.7714431,
            -6.9332174,
            0
          ],
          [
            107.7717685,
            -6.9330746,
            0
          ],
          [
            107.7718032,
            -6.9330569,
            0
          ],
          [
            107.7719379,
            -6.9329884,
            0
          ],
          [
            107.7721153,
            -6.9329191,
            0
          ],
          [
            107.7721536,
            -6.9329079,
            0
          ],
          [
            107.7722148,
            -6.9328822,
            0
          ]
        ]
      },
      "properties": {
        "name": "Jalan Raya Jatinangor",
        "styleUrl": "#9103",
        "styleHash": "7366975a",
        "stroke": "#EC008C",
        "stroke-opacity": 1,
        "stroke-width": 4
      },
      "id": "9102"
    },
    {
      "type": "Feature",
      "geometry": {
        "type": "LineString",
        "coordinates": [
          [
            107.6301738,
            -6.9159696,
            0
          ],
          [
            107.6307277,
            -6.917074,
            0
          ],
          [
            107.631021,
            -6.9176755,
            0
          ]
        ]
      },
      "properties": {
        "name": "Jalan Laswi",
        "styleUrl": "#9107",
        "styleHash": "-405284ae",
        "stroke": "#EC008C",
        "stroke-opacity": 1,
        "stroke-width": 4
      },
      "id": "9106"
    },
    {
      "type": "Feature",
      "geometry": {
        "type": "LineString",
        "coordinates": [
          [
            107.6277593,
            -6.9094173,
            0
          ],
          [
            107.6277374,
            -6.9094385,
            0
          ],
          [
            107.6277185,
            -6.9094567,
            0
          ],
          [
            107.6274553,
            -6.9097114,
            0
          ]
        ]
      },
      "properties": {
        "name": "Jalan Cendana",
        "styleUrl": "#9111",
        "styleHash": "-639773e0",
        "stroke": "#EC008C",
        "stroke-opacity": 1,
        "stroke-width": 4
      },
      "id": "9110"
    },
    {
      "type": "Feature",
      "geometry": {
        "type": "LineString",
        "coordinates": [
          [
            107.6095322,
            -6.9486416,
            0
          ],
          [
            107.6094437,
            -6.9483822,
            0
          ]
        ]
      },
      "properties": {
        "name": "Jalan Mohammad Toha",
        "styleUrl": "#9115",
        "styleHash": "-17508fe8",
        "stroke": "#EC008C",
        "stroke-opacity": 1,
        "stroke-width": 4
      },
      "id": "9114"
    },
    {
      "type": "Feature",
      "geometry": {
        "type": "LineString",
        "coordinates": [
          [
            107.609996,
            -6.9500355,
            0
          ],
          [
            107.6098084,
            -6.9494703,
            0
          ],
          [
            107.6097027,
            -6.9491518,
            0
          ],
          [
            107.6096343,
            -6.9489457,
            0
          ],
          [
            107.6095822,
            -6.9487887,
            0
          ],
          [
            107.6095322,
            -6.9486416,
            0
          ]
        ]
      },
      "properties": {
        "name": "Jalan Mohammad Toha",
        "styleUrl": "#9119",
        "styleHash": "-261bc25",
        "stroke": "#EC008C",
        "stroke-opacity": 1,
        "stroke-width": 4
      },
      "id": "9118"
    },
    {
      "type": "Feature",
      "geometry": {
        "type": "LineString",
        "coordinates": [
          [
            107.631021,
            -6.9176755,
            0
          ],
          [
            107.6313457,
            -6.9183624,
            0
          ],
          [
            107.6314478,
            -6.9185784,
            0
          ]
        ]
      },
      "properties": {
        "name": "Jalan Laswi",
        "styleUrl": "#9123",
        "styleHash": "11b164de",
        "stroke": "#EC008C",
        "stroke-opacity": 1,
        "stroke-width": 4
      },
      "id": "9122"
    },
    {
      "type": "Feature",
      "geometry": {
        "type": "LineString",
        "coordinates": [
          [
            107.7500827,
            -6.943838,
            0
          ],
          [
            107.7501644,
            -6.9437736,
            0
          ],
          [
            107.7502379,
            -6.9437034,
            0
          ],
          [
            107.7503219,
            -6.9436003,
            0
          ],
          [
            107.7503868,
            -6.9434949,
            0
          ],
          [
            107.7504375,
            -6.9433927,
            0
          ],
          [
            107.750497,
            -6.9432424,
            0
          ],
          [
            107.7506748,
            -6.9427502,
            0
          ],
          [
            107.750726,
            -6.9426504,
            0
          ],
          [
            107.7508076,
            -6.9425196,
            0
          ],
          [
            107.7509278,
            -6.9423953,
            0
          ],
          [
            107.7510431,
            -6.9423266,
            0
          ],
          [
            107.7511863,
            -6.9422715,
            0
          ],
          [
            107.7513252,
            -6.9422468,
            0
          ],
          [
            107.751485,
            -6.9422345,
            0
          ],
          [
            107.7520438,
            -6.9422049,
            0
          ],
          [
            107.7521489,
            -6.9422007,
            0
          ],
          [
            107.7522465,
            -6.9421996,
            0
          ],
          [
            107.7523906,
            -6.9422036,
            0
          ]
        ]
      },
      "properties": {
        "name": "Simpang Susun Cileunyi",
        "styleUrl": "#9127",
        "styleHash": "5df848d6",
        "stroke": "#EC008C",
        "stroke-opacity": 1,
        "stroke-width": 4
      },
      "id": "9126"
    },
    {
      "type": "Feature",
      "geometry": {
        "type": "LineString",
        "coordinates": [
          [
            107.7541065,
            -6.9418043,
            0
          ],
          [
            107.754163,
            -6.9417663,
            0
          ],
          [
            107.7542124,
            -6.941722,
            0
          ],
          [
            107.7542539,
            -6.9416709,
            0
          ],
          [
            107.7542888,
            -6.9416176,
            0
          ],
          [
            107.7543165,
            -6.9415433,
            0
          ],
          [
            107.7543297,
            -6.9414684,
            0
          ],
          [
            107.7543261,
            -6.941382,
            0
          ],
          [
            107.7543165,
            -6.9413312,
            0
          ],
          [
            107.7542878,
            -6.9412663,
            0
          ],
          [
            107.7542181,
            -6.9411235,
            0
          ],
          [
            107.7541846,
            -6.9410603,
            0
          ],
          [
            107.7540569,
            -6.9408199,
            0
          ]
        ]
      },
      "properties": {
        "name": "Simpang Susun Cileunyi",
        "styleUrl": "#9131",
        "styleHash": "3ab359a4",
        "stroke": "#EC008C",
        "stroke-opacity": 1,
        "stroke-width": 4
      },
      "id": "9130"
    },
    {
      "type": "Feature",
      "geometry": {
        "type": "LineString",
        "coordinates": [
          [
            107.7482395,
            -6.9446799,
            0
          ],
          [
            107.7485419,
            -6.9445421,
            0
          ],
          [
            107.7489168,
            -6.9443776,
            0
          ],
          [
            107.7496027,
            -6.9440818,
            0
          ],
          [
            107.7497522,
            -6.9440159,
            0
          ],
          [
            107.7498739,
            -6.9439583,
            0
          ],
          [
            107.7499691,
            -6.9439075,
            0
          ],
          [
            107.7500827,
            -6.943838,
            0
          ]
        ]
      },
      "properties": {
        "name": "Simpang Susun Cileunyi",
        "styleUrl": "#9135",
        "styleHash": "-7905c264",
        "stroke": "#EC008C",
        "stroke-opacity": 1,
        "stroke-width": 4
      },
      "id": "9134"
    },
    {
      "type": "Feature",
      "geometry": {
        "type": "LineString",
        "coordinates": [
          [
            107.6249276,
            -6.9010477,
            0
          ],
          [
            107.6251186,
            -6.9010417,
            0
          ],
          [
            107.6252333,
            -6.9010382,
            0
          ]
        ]
      },
      "properties": {
        "name": "Jalan Diponegoro",
        "styleUrl": "#9139",
        "styleHash": "-6416eea1",
        "stroke": "#EC008C",
        "stroke-opacity": 1,
        "stroke-width": 4
      },
      "id": "9138"
    },
    {
      "type": "Feature",
      "geometry": {
        "type": "LineString",
        "coordinates": [
          [
            107.7526686,
            -6.9422553,
            0
          ],
          [
            107.7529058,
            -6.9422841,
            0
          ],
          [
            107.7529797,
            -6.9422849,
            0
          ],
          [
            107.7530559,
            -6.9422836,
            0
          ],
          [
            107.7531339,
            -6.942277,
            0
          ],
          [
            107.7532371,
            -6.9422492,
            0
          ],
          [
            107.7533072,
            -6.9422247,
            0
          ],
          [
            107.7533786,
            -6.9421952,
            0
          ],
          [
            107.7535068,
            -6.9421311,
            0
          ],
          [
            107.7541065,
            -6.9418043,
            0
          ]
        ]
      },
      "properties": {
        "name": "Simpang Susun Cileunyi",
        "styleUrl": "#9143",
        "styleHash": "-5003cd9e",
        "stroke": "#EC008C",
        "stroke-opacity": 1,
        "stroke-width": 4
      },
      "id": "9142"
    },
    {
      "type": "Feature",
      "geometry": {
        "type": "LineString",
        "coordinates": [
          [
            107.6193457,
            -6.8993497,
            0
          ],
          [
            107.6193483,
            -6.8994321,
            0
          ]
        ]
      },
      "properties": {
        "name": "Jalan Sentot Alibasyah",
        "styleUrl": "#9147",
        "styleHash": "-3bce9a6",
        "stroke": "#EC008C",
        "stroke-opacity": 1,
        "stroke-width": 4
      },
      "id": "9146"
    },
    {
      "type": "Feature",
      "geometry": {
        "type": "LineString",
        "coordinates": [
          [
            107.6272531,
            -6.9263701,
            0
          ],
          [
            107.6272658,
            -6.9263152,
            0
          ]
        ]
      },
      "properties": {
        "name": "Jalan Layang Laswi - Pelajar Pejuang 45",
        "styleUrl": "#9151",
        "styleHash": "-2701d8d8",
        "stroke": "#EC008C",
        "stroke-opacity": 1,
        "stroke-width": 4
      },
      "id": "9150"
    },
    {
      "type": "Feature",
      "geometry": {
        "type": "LineString",
        "coordinates": [
          [
            107.6272531,
            -6.9263701,
            0
          ],
          [
            107.627255,
            -6.9266332,
            0
          ]
        ]
      },
      "properties": {
        "name": "Jalan Layang Laswi - Pelajar Pejuang 45",
        "styleUrl": "#9155",
        "styleHash": "25450b20",
        "stroke": "#EC008C",
        "stroke-opacity": 1,
        "stroke-width": 4
      },
      "id": "9154"
    },
    {
      "type": "Feature",
      "geometry": {
        "type": "LineString",
        "coordinates": [
          [
            107.6293885,
            -6.9081299,
            0
          ],
          [
            107.6293346,
            -6.9081101,
            0
          ],
          [
            107.6292995,
            -6.9081037,
            0
          ],
          [
            107.6292676,
            -6.9081042,
            0
          ],
          [
            107.6292361,
            -6.9081084,
            0
          ],
          [
            107.6291731,
            -6.9081286,
            0
          ]
        ]
      },
      "properties": {
        "name": "Jalan Cendana",
        "styleUrl": "#9159",
        "styleHash": "3a33dee3",
        "stroke": "#EC008C",
        "stroke-opacity": 1,
        "stroke-width": 4
      },
      "id": "9158"
    },
    {
      "type": "Feature",
      "geometry": {
        "type": "LineString",
        "coordinates": [
          [
            107.6155865,
            -6.8969383,
            0
          ],
          [
            107.616019,
            -6.8975661,
            0
          ]
        ]
      },
      "properties": {
        "name": "Jalan Penata Yudha",
        "styleUrl": "#9163",
        "styleHash": "4e46ffe6",
        "stroke": "#EC008C",
        "stroke-opacity": 1,
        "stroke-width": 4
      },
      "id": "9162"
    },
    {
      "type": "Feature",
      "geometry": {
        "type": "LineString",
        "coordinates": [
          [
            107.6094101,
            -6.9482727,
            0
          ],
          [
            107.6093038,
            -6.9479813,
            0
          ]
        ]
      },
      "properties": {
        "name": "Jalan Mohammad Toha",
        "styleUrl": "#9167",
        "styleHash": "-65721c22",
        "stroke": "#EC008C",
        "stroke-opacity": 1,
        "stroke-width": 4
      },
      "id": "9166"
    },
    {
      "type": "Feature",
      "geometry": {
        "type": "LineString",
        "coordinates": [
          [
            107.628628,
            -6.9230919,
            0
          ],
          [
            107.6286681,
            -6.9230526,
            0
          ]
        ]
      },
      "properties": {
        "name": "Jalan Layang Laswi - Pelajar Pejuang 45",
        "styleUrl": "#9171",
        "styleHash": "7748f4ac",
        "stroke": "#EC008C",
        "stroke-opacity": 1,
        "stroke-width": 4
      },
      "id": "9170"
    },
    {
      "type": "Feature",
      "geometry": {
        "type": "LineString",
        "coordinates": [
          [
            107.6288476,
            -6.9230097,
            0
          ],
          [
            107.6286681,
            -6.9230526,
            0
          ]
        ]
      },
      "properties": {
        "name": "Jalan Layang Laswi - Pelajar Pejuang 45",
        "styleUrl": "#9175",
        "styleHash": "-3c70275c",
        "stroke": "#EC008C",
        "stroke-opacity": 1,
        "stroke-width": 4
      },
      "id": "9174"
    },
    {
      "type": "Feature",
      "geometry": {
        "type": "LineString",
        "coordinates": [
          [
            107.6277893,
            -6.9093251,
            0
          ],
          [
            107.6277593,
            -6.9094173,
            0
          ]
        ]
      },
      "properties": {
        "name": "Jalan Cendana",
        "styleUrl": "#9179",
        "styleHash": "-27815399",
        "stroke": "#EC008C",
        "stroke-opacity": 1,
        "stroke-width": 4
      },
      "id": "9178"
    },
    {
      "type": "Feature",
      "geometry": {
        "type": "LineString",
        "coordinates": [
          [
            107.6292923,
            -6.9227879,
            0
          ],
          [
            107.6291685,
            -6.9228503,
            0
          ],
          [
            107.628989,
            -6.9229361,
            0
          ],
          [
            107.6288476,
            -6.9230097,
            0
          ]
        ]
      },
      "properties": {
        "name": "Jalan Laswi",
        "styleUrl": "#9183",
        "styleHash": "-136e3296",
        "stroke": "#EC008C",
        "stroke-opacity": 1,
        "stroke-width": 4
      },
      "id": "9182"
    },
    {
      "type": "Feature",
      "geometry": {
        "type": "LineString",
        "coordinates": [
          [
            107.6305761,
            -6.9219243,
            0
          ],
          [
            107.6305225,
            -6.9220301,
            0
          ],
          [
            107.6304603,
            -6.92214,
            0
          ],
          [
            107.6303771,
            -6.9222199,
            0
          ],
          [
            107.6302684,
            -6.9222995,
            0
          ],
          [
            107.6301928,
            -6.9223398,
            0
          ],
          [
            107.6295282,
            -6.9226745,
            0
          ],
          [
            107.6292923,
            -6.9227879,
            0
          ]
        ]
      },
      "properties": {
        "name": "Jalan Laswi",
        "styleUrl": "#9187",
        "styleHash": "38d8b162",
        "stroke": "#EC008C",
        "stroke-opacity": 1,
        "stroke-width": 4
      },
      "id": "9186"
    },
    {
      "type": "Feature",
      "geometry": {
        "type": "LineString",
        "coordinates": [
          [
            107.629671,
            -6.9148582,
            0
          ],
          [
            107.6299139,
            -6.9154306,
            0
          ]
        ]
      },
      "properties": {
        "name": "Jalan L.L. RE. Martadinata",
        "styleUrl": "#9191",
        "styleHash": "1593c230",
        "stroke": "#EC008C",
        "stroke-opacity": 1,
        "stroke-width": 4
      },
      "id": "9190"
    },
    {
      "type": "Feature",
      "geometry": {
        "type": "LineString",
        "coordinates": [
          [
            107.6086585,
            -6.9611877,
            0
          ],
          [
            107.6090755,
            -6.9611618,
            0
          ]
        ]
      },
      "properties": {
        "name": "Route Segment",
        "styleUrl": "#9195",
        "styleHash": "61daa628",
        "stroke": "#EC008C",
        "stroke-opacity": 1,
        "stroke-width": 4
      },
      "id": "9194"
    },
    {
      "type": "Feature",
      "geometry": {
        "type": "LineString",
        "coordinates": [
          [
            107.6080064,
            -6.9612283,
            0
          ],
          [
            107.6086585,
            -6.9611877,
            0
          ]
        ]
      },
      "properties": {
        "name": "Simpang Susun Mohammad Toha",
        "styleUrl": "#9199",
        "styleHash": "-3ce07c80",
        "stroke": "#EC008C",
        "stroke-opacity": 1,
        "stroke-width": 4
      },
      "id": "9198"
    },
    {
      "type": "Feature",
      "geometry": {
        "type": "LineString",
        "coordinates": [
          [
            107.6090755,
            -6.9611618,
            0
          ],
          [
            107.6094898,
            -6.9611361,
            0
          ],
          [
            107.6098249,
            -6.9611724,
            0
          ]
        ]
      },
      "properties": {
        "name": "Route Segment",
        "styleUrl": "#9203",
        "styleHash": "8ee08d8",
        "stroke": "#EC008C",
        "stroke-opacity": 1,
        "stroke-width": 4
      },
      "id": "9202"
    },
    {
      "type": "Feature",
      "geometry": {
        "type": "LineString",
        "coordinates": [
          [
            107.6099479,
            -6.9377367,
            0
          ],
          [
            107.6093092,
            -6.9377139,
            0
          ],
          [
            107.6092855,
            -6.9377131,
            0
          ],
          [
            107.6091524,
            -6.9377062,
            0
          ]
        ]
      },
      "properties": {
        "name": "Jalan BKR",
        "styleUrl": "#9207",
        "styleHash": "5534ecd0",
        "stroke": "#EC008C",
        "stroke-opacity": 1,
        "stroke-width": 4
      },
      "id": "9206"
    },
    {
      "type": "Feature",
      "geometry": {
        "type": "LineString",
        "coordinates": [
          [
            107.627255,
            -6.9266332,
            0
          ],
          [
            107.6271945,
            -6.9268751,
            0
          ],
          [
            107.6270688,
            -6.9273448,
            0
          ]
        ]
      },
      "properties": {
        "name": "Jalan Pelajar Pejuang 45",
        "styleUrl": "#9211",
        "styleHash": "31effd9e",
        "stroke": "#EC008C",
        "stroke-opacity": 1,
        "stroke-width": 4
      },
      "id": "9210"
    },
    {
      "type": "Feature",
      "geometry": {
        "type": "LineString",
        "coordinates": [
          [
            107.6270688,
            -6.9273448,
            0
          ],
          [
            107.627064,
            -6.9273638,
            0
          ],
          [
            107.6265339,
            -6.9294495,
            0
          ],
          [
            107.6265262,
            -6.92948,
            0
          ],
          [
            107.6265152,
            -6.9295231,
            0
          ]
        ]
      },
      "properties": {
        "name": "Jalan Pelajar Pejuang 45",
        "styleUrl": "#9215",
        "styleHash": "7e36e196",
        "stroke": "#EC008C",
        "stroke-opacity": 1,
        "stroke-width": 4
      },
      "id": "9214"
    },
    {
      "type": "Feature",
      "geometry": {
        "type": "LineString",
        "coordinates": [
          [
            107.625745,
            -6.9326113,
            0
          ],
          [
            107.625725,
            -6.9326898,
            0
          ],
          [
            107.6256828,
            -6.9328555,
            0
          ],
          [
            107.6255654,
            -6.9333784,
            0
          ],
          [
            107.6255287,
            -6.9335306,
            0
          ]
        ]
      },
      "properties": {
        "name": "Jalan Pelajar Pejuang 45",
        "styleUrl": "#9219",
        "styleHash": "-6cda4aa7",
        "stroke": "#EC008C",
        "stroke-opacity": 1,
        "stroke-width": 4
      },
      "id": "9218"
    },
    {
      "type": "Feature",
      "geometry": {
        "type": "LineString",
        "coordinates": [
          [
            107.6227837,
            -6.9369651,
            0
          ],
          [
            107.6227463,
            -6.9369955,
            0
          ]
        ]
      },
      "properties": {
        "name": "Jalan Pelajar Pejuang 45",
        "styleUrl": "#9223",
        "styleHash": "-58c729a4",
        "stroke": "#EC008C",
        "stroke-opacity": 1,
        "stroke-width": 4
      },
      "id": "9222"
    },
    {
      "type": "Feature",
      "geometry": {
        "type": "LineString",
        "coordinates": [
          [
            107.772336,
            -6.9327185,
            0
          ],
          [
            107.7723704,
            -6.9326766,
            0
          ],
          [
            107.7724642,
            -6.9326029,
            0
          ],
          [
            107.7731967,
            -6.9323151,
            0
          ],
          [
            107.7732376,
            -6.932299,
            0
          ]
        ]
      },
      "properties": {
        "name": "Pangkalan DAMRI Jatinangor",
        "styleUrl": "#9227",
        "styleHash": "-c8045ac",
        "stroke": "#EC008C",
        "stroke-opacity": 1,
        "stroke-width": 4
      },
      "id": "9226"
    },
    {
      "type": "Feature",
      "geometry": {
        "type": "LineString",
        "coordinates": [
          [
            107.6204529,
            -6.9619211,
            0
          ],
          [
            107.6224734,
            -6.9628093,
            0
          ],
          [
            107.6231866,
            -6.9631092,
            0
          ],
          [
            107.6240011,
            -6.9634006,
            0
          ]
        ]
      },
      "properties": {
        "name": "Jalan Tol Padalarang–Cileunyi",
        "styleUrl": "#9231",
        "styleHash": "-2fc534de",
        "stroke": "#EC008C",
        "stroke-opacity": 1,
        "stroke-width": 4
      },
      "id": "9230"
    },
    {
      "type": "Feature",
      "geometry": {
        "type": "LineString",
        "coordinates": [
          [
            107.629938,
            -6.9646675,
            0
          ],
          [
            107.6371405,
            -6.9655837,
            0
          ],
          [
            107.6376642,
            -6.9656491,
            0
          ]
        ]
      },
      "properties": {
        "name": "Jalan Tol Padalarang–Cileunyi",
        "styleUrl": "#9235",
        "styleHash": "1c81af1a",
        "stroke": "#EC008C",
        "stroke-opacity": 1,
        "stroke-width": 4
      },
      "id": "9234"
    },
    {
      "type": "Feature",
      "geometry": {
        "type": "LineString",
        "coordinates": [
          [
            107.6300714,
            -6.9157678,
            0
          ],
          [
            107.6301117,
            -6.9158472,
            0
          ],
          [
            107.6301738,
            -6.9159696,
            0
          ]
        ]
      },
      "properties": {
        "name": "Jalan Laswi",
        "styleUrl": "#9239",
        "styleHash": "317082dd",
        "stroke": "#EC008C",
        "stroke-opacity": 1,
        "stroke-width": 4
      },
      "id": "9238"
    },
    {
      "type": "Feature",
      "geometry": {
        "type": "LineString",
        "coordinates": [
          [
            107.6257675,
            -6.932523,
            0
          ],
          [
            107.625745,
            -6.9326113,
            0
          ]
        ]
      },
      "properties": {
        "name": "Jalan Pelajar Pejuang 45",
        "styleUrl": "#9243",
        "styleHash": "4583a3e0",
        "stroke": "#EC008C",
        "stroke-opacity": 1,
        "stroke-width": 4
      },
      "id": "9242"
    },
    {
      "type": "Feature",
      "geometry": {
        "type": "LineString",
        "coordinates": [
          [
            107.6272658,
            -6.9263152,
            0
          ],
          [
            107.6276211,
            -6.9249504,
            0
          ],
          [
            107.6278169,
            -6.9242262,
            0
          ],
          [
            107.6279175,
            -6.923876,
            0
          ],
          [
            107.6280744,
            -6.9236071,
            0
          ],
          [
            107.628234,
            -6.9234154,
            0
          ],
          [
            107.6285505,
            -6.9231465,
            0
          ],
          [
            107.628628,
            -6.9230919,
            0
          ]
        ]
      },
      "properties": {
        "name": "Jalan Layang Laswi - Pelajar Pejuang 45",
        "styleUrl": "#9247",
        "styleHash": "-6e357828",
        "stroke": "#EC008C",
        "stroke-opacity": 1,
        "stroke-width": 4
      },
      "id": "9246"
    },
    {
      "type": "Feature",
      "geometry": {
        "type": "LineString",
        "coordinates": [
          [
            107.6229766,
            -6.9368169,
            0
          ],
          [
            107.6228382,
            -6.9369209,
            0
          ]
        ]
      },
      "properties": {
        "name": "Jalan Pelajar Pejuang 45",
        "styleUrl": "#9251",
        "styleHash": "6e8598a6",
        "stroke": "#EC008C",
        "stroke-opacity": 1,
        "stroke-width": 4
      },
      "id": "9250"
    },
    {
      "type": "Feature",
      "geometry": {
        "type": "LineString",
        "coordinates": [
          [
            107.6265152,
            -6.9295231,
            0
          ],
          [
            107.6265047,
            -6.9295649,
            0
          ],
          [
            107.6261794,
            -6.9308642,
            0
          ],
          [
            107.6261515,
            -6.9309754,
            0
          ]
        ]
      },
      "properties": {
        "name": "Jalan Pelajar Pejuang 45",
        "styleUrl": "#9255",
        "styleHash": "-45338362",
        "stroke": "#EC008C",
        "stroke-opacity": 1,
        "stroke-width": 4
      },
      "id": "9254"
    },
    {
      "type": "Feature",
      "geometry": {
        "type": "LineString",
        "coordinates": [
          [
            107.6138239,
            -6.9378694,
            0
          ],
          [
            107.6132552,
            -6.9378454,
            0
          ],
          [
            107.6128951,
            -6.9378373,
            0
          ],
          [
            107.6128117,
            -6.9378367,
            0
          ],
          [
            107.612765,
            -6.9378378,
            0
          ]
        ]
      },
      "properties": {
        "name": "Jalan BKR",
        "styleUrl": "#9259",
        "styleHash": "-3044af9f",
        "stroke": "#EC008C",
        "stroke-opacity": 1,
        "stroke-width": 4
      },
      "id": "9258"
    },
    {
      "type": "Feature",
      "geometry": {
        "type": "LineString",
        "coordinates": [
          [
            107.6076477,
            -6.9431556,
            0
          ],
          [
            107.6075689,
            -6.9429228,
            0
          ],
          [
            107.6074989,
            -6.9427159,
            0
          ],
          [
            107.6074151,
            -6.942468,
            0
          ],
          [
            107.6074044,
            -6.9424365,
            0
          ],
          [
            107.6073267,
            -6.9422067,
            0
          ],
          [
            107.6072871,
            -6.9420857,
            0
          ],
          [
            107.6072103,
            -6.9418515,
            0
          ],
          [
            107.6071736,
            -6.9417393,
            0
          ],
          [
            107.606932,
            -6.9410019,
            0
          ],
          [
            107.6068982,
            -6.9408986,
            0
          ],
          [
            107.6067904,
            -6.9405695,
            0
          ],
          [
            107.6067424,
            -6.9404231,
            0
          ],
          [
            107.6066617,
            -6.9401765,
            0
          ],
          [
            107.6066129,
            -6.9400276,
            0
          ],
          [
            107.6065833,
            -6.9399373,
            0
          ],
          [
            107.6065081,
            -6.9397106,
            0
          ],
          [
            107.6064373,
            -6.939497,
            0
          ],
          [
            107.6063207,
            -6.9391297,
            0
          ],
          [
            107.6063015,
            -6.9390693,
            0
          ],
          [
            107.6062885,
            -6.939027,
            0
          ],
          [
            107.6062755,
            -6.9389847,
            0
          ],
          [
            107.6062595,
            -6.9389365,
            0
          ],
          [
            107.6062399,
            -6.9388618,
            0
          ],
          [
            107.6062007,
            -6.9387072,
            0
          ],
          [
            107.6061889,
            -6.9386548,
            0
          ],
          [
            107.6061828,
            -6.9385203,
            0
          ],
          [
            107.6061749,
            -6.938344,
            0
          ]
        ]
      },
      "properties": {
        "name": "Jalan Mohammad Toha",
        "styleUrl": "#9263",
        "styleHash": "-1c318e9c",
        "stroke": "#EC008C",
        "stroke-opacity": 1,
        "stroke-width": 4
      },
      "id": "9262"
    },
    {
      "type": "Feature",
      "geometry": {
        "type": "LineString",
        "coordinates": [
          [
            107.619419,
            -6.9011883,
            0
          ],
          [
            107.6195383,
            -6.9011835,
            0
          ],
          [
            107.6199195,
            -6.9011743,
            0
          ]
        ]
      },
      "properties": {
        "name": "Jalan Diponegoro",
        "styleUrl": "#9267",
        "styleHash": "3015555c",
        "stroke": "#EC008C",
        "stroke-opacity": 1,
        "stroke-width": 4
      },
      "id": "9266"
    },
    {
      "type": "Feature",
      "geometry": {
        "type": "LineString",
        "coordinates": [
          [
            107.6252333,
            -6.9010382,
            0
          ],
          [
            107.625303,
            -6.901036,
            0
          ],
          [
            107.6253638,
            -6.9010341,
            0
          ]
        ]
      },
      "properties": {
        "name": "Jalan Diponegoro",
        "styleUrl": "#9271",
        "styleHash": "cd0662a",
        "stroke": "#EC008C",
        "stroke-opacity": 1,
        "stroke-width": 4
      },
      "id": "9270"
    },
    {
      "type": "Feature",
      "geometry": {
        "type": "LineString",
        "coordinates": [
          [
            107.6227463,
            -6.9369955,
            0
          ],
          [
            107.6226977,
            -6.937034,
            0
          ],
          [
            107.6225805,
            -6.9371274,
            0
          ]
        ]
      },
      "properties": {
        "name": "Jalan BKR",
        "styleUrl": "#9275",
        "styleHash": "59174a22",
        "stroke": "#EC008C",
        "stroke-opacity": 1,
        "stroke-width": 4
      },
      "id": "9274"
    },
    {
      "type": "Feature",
      "geometry": {
        "type": "LineString",
        "coordinates": [
          [
            107.6161352,
            -6.898308,
            0
          ],
          [
            107.6160286,
            -6.8989397,
            0
          ]
        ]
      },
      "properties": {
        "name": "Jalan Penata Yudha",
        "styleUrl": "#9279",
        "styleHash": "6e061de5",
        "stroke": "#EC008C",
        "stroke-opacity": 1,
        "stroke-width": 4
      },
      "id": "9278"
    },
    {
      "type": "Feature",
      "geometry": {
        "type": "LineString",
        "coordinates": [
          [
            107.6091524,
            -6.9377062,
            0
          ],
          [
            107.6090371,
            -6.9377023,
            0
          ]
        ]
      },
      "properties": {
        "name": "Jalan BKR",
        "styleUrl": "#9283",
        "styleHash": "-7de6c118",
        "stroke": "#EC008C",
        "stroke-opacity": 1,
        "stroke-width": 4
      },
      "id": "9282"
    },
    {
      "type": "Feature",
      "geometry": {
        "type": "LineString",
        "coordinates": [
          [
            107.6314478,
            -6.9185784,
            0
          ],
          [
            107.6314414,
            -6.9186602,
            0
          ]
        ]
      },
      "properties": {
        "name": "Jalan Laswi",
        "styleUrl": "#9287",
        "styleHash": "-319fdd20",
        "stroke": "#EC008C",
        "stroke-opacity": 1,
        "stroke-width": 4
      },
      "id": "9286"
    },
    {
      "type": "Feature",
      "geometry": {
        "type": "LineString",
        "coordinates": [
          [
            107.6093038,
            -6.9479813,
            0
          ],
          [
            107.6092951,
            -6.9479579,
            0
          ],
          [
            107.6092415,
            -6.9478107,
            0
          ],
          [
            107.6091943,
            -6.9476776,
            0
          ],
          [
            107.6091509,
            -6.9475613,
            0
          ],
          [
            107.6090997,
            -6.9474124,
            0
          ],
          [
            107.6090862,
            -6.9473728,
            0
          ],
          [
            107.6090786,
            -6.9473503,
            0
          ],
          [
            107.6089872,
            -6.9470817,
            0
          ],
          [
            107.6087733,
            -6.946453,
            0
          ],
          [
            107.6086954,
            -6.946224,
            0
          ],
          [
            107.6086676,
            -6.9461425,
            0
          ]
        ]
      },
      "properties": {
        "name": "Jalan Mohammad Toha",
        "styleUrl": "#9291",
        "styleHash": "-54e4cc52",
        "stroke": "#EC008C",
        "stroke-opacity": 1,
        "stroke-width": 4
      },
      "id": "9290"
    },
    {
      "type": "Feature",
      "geometry": {
        "type": "LineString",
        "coordinates": [
          [
            107.6085312,
            -6.9569907,
            0
          ],
          [
            107.6081813,
            -6.9571073,
            0
          ],
          [
            107.6077749,
            -6.9572641,
            0
          ],
          [
            107.6075633,
            -6.9573828,
            0
          ],
          [
            107.607347,
            -6.9575274,
            0
          ],
          [
            107.6071385,
            -6.9576995,
            0
          ],
          [
            107.6069192,
            -6.9579126,
            0
          ],
          [
            107.606703,
            -6.9581866,
            0
          ],
          [
            107.6065542,
            -6.9584225,
            0
          ],
          [
            107.6064008,
            -6.9587544,
            0
          ],
          [
            107.6063119,
            -6.9590451,
            0
          ],
          [
            107.6062444,
            -6.9594034,
            0
          ]
        ]
      },
      "properties": {
        "name": "Route Segment",
        "styleUrl": "#9295",
        "styleHash": "-89de85a",
        "stroke": "#EC008C",
        "stroke-opacity": 1,
        "stroke-width": 4
      },
      "id": "9294"
    },
    {
      "type": "Feature",
      "geometry": {
        "type": "LineString",
        "coordinates": [
          [
            107.6119023,
            -6.955933,
            0
          ],
          [
            107.6116445,
            -6.9560155,
            0
          ],
          [
            107.6115943,
            -6.9560327,
            0
          ],
          [
            107.6110917,
            -6.9561978,
            0
          ],
          [
            107.6109823,
            -6.9562337,
            0
          ]
        ]
      },
      "properties": {
        "name": "Route Segment",
        "styleUrl": "#9299",
        "styleHash": "58a6f4fe",
        "stroke": "#EC008C",
        "stroke-opacity": 1,
        "stroke-width": 4
      },
      "id": "9298"
    },
    {
      "type": "Feature",
      "geometry": {
        "type": "LineString",
        "coordinates": [
          [
            107.6119014,
            -6.955675,
            0
          ],
          [
            107.611923,
            -6.9557408,
            0
          ],
          [
            107.6119415,
            -6.9557973,
            0
          ]
        ]
      },
      "properties": {
        "name": "Jalan Mohammad Toha",
        "styleUrl": "#9303",
        "styleHash": "-618a85aa",
        "stroke": "#EC008C",
        "stroke-opacity": 1,
        "stroke-width": 4
      },
      "id": "9302"
    },
    {
      "type": "Feature",
      "geometry": {
        "type": "LineString",
        "coordinates": [
          [
            107.6118897,
            -6.9556394,
            0
          ],
          [
            107.6119014,
            -6.955675,
            0
          ]
        ]
      },
      "properties": {
        "name": "Jalan Mohammad Toha",
        "styleUrl": "#9307",
        "styleHash": "-1543a1b2",
        "stroke": "#EC008C",
        "stroke-opacity": 1,
        "stroke-width": 4
      },
      "id": "9306"
    },
    {
      "type": "Feature",
      "geometry": {
        "type": "LineString",
        "coordinates": [
          [
            107.6119415,
            -6.9557973,
            0
          ],
          [
            107.6119773,
            -6.9559046,
            0
          ]
        ]
      },
      "properties": {
        "name": "Jalan Mohammad Toha",
        "styleUrl": "#9311",
        "styleHash": "-388890e4",
        "stroke": "#EC008C",
        "stroke-opacity": 1,
        "stroke-width": 4
      },
      "id": "9310"
    },
    {
      "type": "Feature",
      "geometry": {
        "type": "LineString",
        "coordinates": [
          [
            107.7722148,
            -6.9328822,
            0
          ],
          [
            107.7722997,
            -6.9327627,
            0
          ],
          [
            107.772336,
            -6.9327185,
            0
          ]
        ]
      },
      "properties": {
        "name": "Pangkalan DAMRI Jatinangor",
        "styleUrl": "#9315",
        "styleHash": "13be5314",
        "stroke": "#EC008C",
        "stroke-opacity": 1,
        "stroke-width": 4
      },
      "id": "9314"
    },
    {
      "type": "Feature",
      "geometry": {
        "type": "LineString",
        "coordinates": [
          [
            107.7540569,
            -6.9408199,
            0
          ],
          [
            107.7538374,
            -6.9405922,
            0
          ],
          [
            107.753818,
            -6.940561,
            0
          ],
          [
            107.7537775,
            -6.9405013,
            0
          ],
          [
            107.7537453,
            -6.9404081,
            0
          ]
        ]
      },
      "properties": {
        "name": "Route Segment",
        "styleUrl": "#9319",
        "styleHash": "28ad26d7",
        "stroke": "#EC008C",
        "stroke-opacity": 1,
        "stroke-width": 4
      },
      "id": "9318"
    },
    {
      "type": "Feature",
      "geometry": {
        "type": "LineString",
        "coordinates": [
          [
            107.7523906,
            -6.9422036,
            0
          ],
          [
            107.7524946,
            -6.9422111,
            0
          ],
          [
            107.7525451,
            -6.9422183,
            0
          ],
          [
            107.7525975,
            -6.9422299,
            0
          ],
          [
            107.7526686,
            -6.9422553,
            0
          ]
        ]
      },
      "properties": {
        "name": "Simpang Susun Cileunyi",
        "styleUrl": "#9323",
        "styleHash": "3cc047da",
        "stroke": "#EC008C",
        "stroke-opacity": 1,
        "stroke-width": 4
      },
      "id": "9322"
    },
    {
      "type": "Feature",
      "geometry": {
        "type": "LineString",
        "coordinates": [
          [
            107.6193483,
            -6.8994321,
            0
          ],
          [
            107.6193491,
            -6.8994587,
            0
          ],
          [
            107.6193536,
            -6.8995642,
            0
          ]
        ]
      },
      "properties": {
        "name": "Jalan Sentot Alibasyah",
        "styleUrl": "#9327",
        "styleHash": "-76f8d42e",
        "stroke": "#EC008C",
        "stroke-opacity": 1,
        "stroke-width": 4
      },
      "id": "9326"
    }
  ]
}