{
  "type": "FeatureCollection",
  "features": [
    {
      "type": "Feature",
      "geometry": {
        "type": "Point",
        "coordinates": [
          107.7651014,
          -6.9357446,
          0
        ]
      },
      "properties": {
        "name": "IPDN B",
        "styleUrl": "#9336",
        "styleHash": "4f7f958d"
      },
      "id": "9335"
    },
    {
      "type": "Feature",
      "geometry": {
        "type": "Point",
        "coordinates": [
          107.6161572,
          -6.8979434,
          0
        ]
      },
      "properties": {
        "name": "Panatayudha B",
        "styleUrl": "#9341",
        "styleHash": "-4a02b499"
      },
      "id": "9340"
    },
    {
      "type": "Feature",
      "geometry": {
        "type": "Point",
        "coordinates": [
          107.6201283,
          -6.9012501,
          0
        ]
      },
      "properties": {
        "name": "Lapangan Gasibu B",
        "styleUrl": "#9346",
        "styleHash": "-7b394cb4"
      },
      "id": "9345"
    },
    {
      "type": "Feature",
      "geometry": {
        "type": "Point",
        "coordinates": [
          107.6241682,
          -6.9011517,
          0
        ]
      },
      "properties": {
        "name": "PUSDAI B",
        "styleUrl": "#9351",
        "styleHash": "-14bb96da"
      },
      "id": "9350"
    },
    {
      "type": "Feature",
      "geometry": {
        "type": "Point",
        "coordinates": [
          107.6297079,
          -6.907261,
          0
        ]
      },
      "properties": {
        "name": "SDN 062 Ciujung Bandung (Lapangan Supratman B)",
        "styleUrl": "#9356",
        "styleHash": "-45f22ef5"
      },
      "id": "9355"
    },
    {
      "type": "Feature",
      "geometry": {
        "type": "Point",
        "coordinates": [
          107.6312506,
          -6.9184177,
          0
        ]
      },
      "properties": {
        "name": "Bandung Creative Hub B",
        "styleUrl": "#9361",
        "styleHash": "208b86e5"
      },
      "id": "9360"
    },
    {
      "type": "Feature",
      "geometry": {
        "type": "Point",
        "coordinates": [
          107.6251981,
          -6.9343038,
          0
        ]
      },
      "properties": {
        "name": "Hotel Horison B",
        "styleUrl": "#9366",
        "styleHash": "-10ab1136"
      },
      "id": "9365"
    },
    {
      "type": "Feature",
      "geometry": {
        "type": "Point",
        "coordinates": [
          107.6067624,
          -6.9375463,
          0
        ]
      },
      "properties": {
        "name": "PT INTI B (BKR 5)",
        "styleUrl": "#9371",
        "styleHash": "55d2a4a4"
      },
      "id": "9370"
    },
    {
      "type": "Feature",
      "geometry": {
        "type": "Point",
        "coordinates": [
          107.6087518,
          -6.9483342,
          0
        ]
      },
      "properties": {
        "name": "Simpang By Pass Soekarno Hatta B",
        "styleUrl": "#9376",
        "styleHash": "249c0c89"
      },
      "id": "9375"
    },
    {
      "type": "Feature",
      "geometry": {
        "type": "Point",
        "coordinates": [
          107.6115567,
          -6.9547392,
          0
        ]
      },
      "properties": {
        "name": "Jalan Haji Tatang Sumantri",
        "styleUrl": "#9381",
        "styleHash": "-74e63d9d"
      },
      "id": "9380"
    },
    {
      "type": "Feature",
      "geometry": {
        "type": "Point",
        "coordinates": [
          107.7557736,
          -6.9426257,
          0
        ]
      },
      "properties": {
        "name": "Cileunyi B",
        "styleUrl": "#9386",
        "styleHash": "59e32a48"
      },
      "id": "9385"
    },
    {
      "type": "Feature",
      "geometry": {
        "type": "Point",
        "coordinates": [
          107.7712431,
          -6.933968,
          0
        ]
      },
      "properties": {
        "name": "Jatinangor Town Square",
        "styleUrl": "#9391",
        "styleHash": "-3f9f1fde"
      },
      "id": "9390"
    },
    {
      "type": "Feature",
      "geometry": {
        "type": "Point",
        "coordinates": [
          107.6339654,
          -6.9129263,
          0
        ]
      },
      "properties": {
        "name": "SPBU Ahmad Yani",
        "styleUrl": "#9396",
        "styleHash": "-70d5b7f9"
      },
      "id": "9395"
    },
    {
      "type": "Feature",
      "geometry": {
        "type": "Point",
        "coordinates": [
          107.7732376,
          -6.932299,
          0
        ]
      },
      "properties": {
        "name": "UNPAD Jatinangor",
        "styleUrl": "#9401",
        "styleHash": "547d6e8c"
      },
      "id": "9400"
    },
    {
      "type": "Feature",
      "geometry": {
        "type": "Point",
        "coordinates": [
          107.6180361,
          -6.8934568,
          0
        ]
      },
      "properties": {
        "name": "UNPAD Dipatiukur",
        "styleUrl": "#9406",
        "styleHash": "2346d671"
      },
      "id": "9405"
    },
    {
      "type": "Feature",
      "geometry": {
        "type": "LineString",
        "coordinates": [
          [
            107.6179955,
            -6.8925877,
            0
          ],
          [
            107.6180071,
            -6.8928368,
            0
          ],
          [
            107.6180341,
            -6.8934132,
            0
          ],
          [
            107.6180361,
            -6.8934568,
            0
          ]
        ]
      },
      "properties": {
        "name": "Jalan Dipatiukur",
        "styleUrl": "#9411",
        "styleHash": "5cfee09a",
        "stroke": "#EC008C",
        "stroke-opacity": 1,
        "stroke-width": 4
      },
      "id": "9410"
    },
    {
      "type": "Feature",
      "geometry": {
        "type": "LineString",
        "coordinates": [
          [
            107.6130675,
            -6.8988411,
            0
          ],
          [
            107.6131081,
            -6.8988419,
            0
          ],
          [
            107.6135004,
            -6.898852,
            0
          ],
          [
            107.6140011,
            -6.8988575,
            0
          ],
          [
            107.6147331,
            -6.8988511,
            0
          ],
          [
            107.615213,
            -6.8988527,
            0
          ],
          [
            107.6156959,
            -6.8989008,
            0
          ],
          [
            107.6158827,
            -6.8989216,
            0
          ],
          [
            107.6160286,
            -6.8989397,
            0
          ]
        ]
      },
      "properties": {
        "name": "Jalan Surapati",
        "styleUrl": "#9415",
        "styleHash": "-56ba3b6e",
        "stroke": "#EC008C",
        "stroke-opacity": 1,
        "stroke-width": 4
      },
      "id": "9414"
    },
    {
      "type": "Feature",
      "geometry": {
        "type": "LineString",
        "coordinates": [
          [
            107.6240196,
            -6.9635519,
            0
          ],
          [
            107.6232212,
            -6.9632673,
            0
          ],
          [
            107.622434,
            -6.962935,
            0
          ],
          [
            107.6206351,
            -6.9621517,
            0
          ],
          [
            107.6193691,
            -6.9616315,
            0
          ],
          [
            107.618904,
            -6.9614672,
            0
          ],
          [
            107.6184121,
            -6.9613257,
            0
          ],
          [
            107.617441,
            -6.9611037,
            0
          ],
          [
            107.6169164,
            -6.9610145,
            0
          ],
          [
            107.616377,
            -6.960967,
            0
          ],
          [
            107.6158342,
            -6.9609253,
            0
          ],
          [
            107.6153076,
            -6.960928,
            0
          ],
          [
            107.6149582,
            -6.9609376,
            0
          ],
          [
            107.6146037,
            -6.9609549,
            0
          ],
          [
            107.613897,
            -6.960997,
            0
          ]
        ]
      },
      "properties": {
        "name": "Jalan Tol Padalarang–Cileunyi",
        "styleUrl": "#9419",
        "styleHash": "-41cb67ab",
        "stroke": "#EC008C",
        "stroke-opacity": 1,
        "stroke-width": 4
      },
      "id": "9418"
    },
    {
      "type": "Feature",
      "geometry": {
        "type": "LineString",
        "coordinates": [
          [
            107.6383527,
            -6.9658664,
            0
          ],
          [
            107.6376421,
            -6.9657635,
            0
          ]
        ]
      },
      "properties": {
        "name": "Jalan Tol Padalarang–Cileunyi",
        "styleUrl": "#9423",
        "styleHash": "-2db846a8",
        "stroke": "#EC008C",
        "stroke-opacity": 1,
        "stroke-width": 4
      },
      "id": "9422"
    },
    {
      "type": "Feature",
      "geometry": {
        "type": "LineString",
        "coordinates": [
          [
            107.6605412,
            -6.9665435,
            0
          ],
          [
            107.6602749,
            -6.9664723,
            0
          ]
        ]
      },
      "properties": {
        "name": "Jalan Tol Padalarang–Cileunyi",
        "styleUrl": "#9427",
        "styleHash": "1e8e9d50",
        "stroke": "#EC008C",
        "stroke-opacity": 1,
        "stroke-width": 4
      },
      "id": "9426"
    },
    {
      "type": "Feature",
      "geometry": {
        "type": "LineString",
        "coordinates": [
          [
            107.6602749,
            -6.9664723,
            0
          ],
          [
            107.6592945,
            -6.9662484,
            0
          ],
          [
            107.6582265,
            -6.9660239,
            0
          ],
          [
            107.657108,
            -6.9658428,
            0
          ],
          [
            107.6548308,
            -6.9654887,
            0
          ],
          [
            107.6503411,
            -6.9647975,
            0
          ],
          [
            107.649516,
            -6.9647173,
            0
          ],
          [
            107.6492464,
            -6.964699,
            0
          ],
          [
            107.6482738,
            -6.9646979,
            0
          ],
          [
            107.6477177,
            -6.9647296,
            0
          ],
          [
            107.6471827,
            -6.9647861,
            0
          ],
          [
            107.6465024,
            -6.9648976,
            0
          ],
          [
            107.6463564,
            -6.9649217,
            0
          ],
          [
            107.6456618,
            -6.9650863,
            0
          ],
          [
            107.6448986,
            -6.9652904,
            0
          ],
          [
            107.644108,
            -6.9654915,
            0
          ],
          [
            107.6434162,
            -6.9656701,
            0
          ],
          [
            107.6428164,
            -6.9657886,
            0
          ]
        ]
      },
      "properties": {
        "name": "Jalan Tol Padalarang–Cileunyi",
        "styleUrl": "#9431",
        "styleHash": "-4b651e2",
        "stroke": "#EC008C",
        "stroke-opacity": 1,
        "stroke-width": 4
      },
      "id": "9430"
    },
    {
      "type": "Feature",
      "geometry": {
        "type": "LineString",
        "coordinates": [
          [
            107.7567382,
            -6.9389134,
            0
          ],
          [
            107.7567739,
            -6.9390766,
            0
          ],
          [
            107.7568577,
            -6.9394912,
            0
          ],
          [
            107.7569138,
            -6.9398023,
            0
          ],
          [
            107.756922,
            -6.9400445,
            0
          ],
          [
            107.7568884,
            -6.9402795,
            0
          ],
          [
            107.7567934,
            -6.9405329,
            0
          ],
          [
            107.7566826,
            -6.9407282,
            0
          ],
          [
            107.7565267,
            -6.9409422,
            0
          ],
          [
            107.7563528,
            -6.9411132,
            0
          ],
          [
            107.756136,
            -6.9412518,
            0
          ],
          [
            107.7560908,
            -6.941275,
            0
          ],
          [
            107.7560052,
            -6.9413191,
            0
          ],
          [
            107.755796,
            -6.9414221,
            0
          ],
          [
            107.7557485,
            -6.9414449,
            0
          ],
          [
            107.7556492,
            -6.9414928,
            0
          ]
        ]
      },
      "properties": {
        "name": "Jalan Sindangsari",
        "styleUrl": "#9435",
        "styleHash": "47909216",
        "stroke": "#EC008C",
        "stroke-opacity": 1,
        "stroke-width": 4
      },
      "id": "9434"
    },
    {
      "type": "Feature",
      "geometry": {
        "type": "LineString",
        "coordinates": [
          [
            107.7275203,
            -6.955671,
            0
          ],
          [
            107.7239339,
            -6.957573,
            0
          ],
          [
            107.7192116,
            -6.9600439,
            0
          ],
          [
            107.7189825,
            -6.9601638,
            0
          ],
          [
            107.7182064,
            -6.9605699,
            0
          ],
          [
            107.7169157,
            -6.9612924,
            0
          ],
          [
            107.7166423,
            -6.9614366,
            0
          ],
          [
            107.7125469,
            -6.9635845,
            0
          ],
          [
            107.7123147,
            -6.9637044,
            0
          ],
          [
            107.7083018,
            -6.9657741,
            0
          ],
          [
            107.7080886,
            -6.9658841,
            0
          ],
          [
            107.7080205,
            -6.9659212,
            0
          ],
          [
            107.7064018,
            -6.9667796,
            0
          ],
          [
            107.7060582,
            -6.9669406,
            0
          ],
          [
            107.7054399,
            -6.9672396,
            0
          ],
          [
            107.7051055,
            -6.9673943,
            0
          ],
          [
            107.7048594,
            -6.9675082,
            0
          ]
        ]
      },
      "properties": {
        "name": "Jalan Tol Padalarang–Cileunyi",
        "styleUrl": "#9439",
        "styleHash": "5c7f65d9",
        "stroke": "#EC008C",
        "stroke-opacity": 1,
        "stroke-width": 4
      },
      "id": "9438"
    },
    {
      "type": "Feature",
      "geometry": {
        "type": "LineString",
        "coordinates": [
          [
            107.7301632,
            -6.9542907,
            0
          ],
          [
            107.7275203,
            -6.955671,
            0
          ]
        ]
      },
      "properties": {
        "name": "Jalan Tol Padalarang–Cileunyi",
        "styleUrl": "#9443",
        "styleHash": "709286dc",
        "stroke": "#EC008C",
        "stroke-opacity": 1,
        "stroke-width": 4
      },
      "id": "9442"
    },
    {
      "type": "Feature",
      "geometry": {
        "type": "LineString",
        "coordinates": [
          [
            107.6167242,
            -6.8991759,
            0
          ],
          [
            107.6166693,
            -6.899167,
            0
          ],
          [
            107.6163732,
            -6.8991191,
            0
          ],
          [
            107.6161732,
            -6.8991101,
            0
          ]
        ]
      },
      "properties": {
        "name": "Jalan Surapati",
        "styleUrl": "#9447",
        "styleHash": "-4326952c",
        "stroke": "#EC008C",
        "stroke-opacity": 1,
        "stroke-width": 4
      },
      "id": "9446"
    },
    {
      "type": "Feature",
      "geometry": {
        "type": "LineString",
        "coordinates": [
          [
            107.6161732,
            -6.8991101,
            0
          ],
          [
            107.6158534,
            -6.8991356,
            0
          ]
        ]
      },
      "properties": {
        "name": "Jalan Prabudimuntur",
        "styleUrl": "#9451",
        "styleHash": "-666b845e",
        "stroke": "#EC008C",
        "stroke-opacity": 1,
        "stroke-width": 4
      },
      "id": "9450"
    },
    {
      "type": "Feature",
      "geometry": {
        "type": "LineString",
        "coordinates": [
          [
            107.6261654,
            -6.9011784,
            0
          ],
          [
            107.6260467,
            -6.9011405,
            0
          ],
          [
            107.6258837,
            -6.9011178,
            0
          ],
          [
            107.6255946,
            -6.9011159,
            0
          ],
          [
            107.6255282,
            -6.9011147,
            0
          ],
          [
            107.6253459,
            -6.9011252,
            0
          ]
        ]
      },
      "properties": {
        "name": "Jalan Diponegoro",
        "styleUrl": "#9455",
        "styleHash": "-1a24a066",
        "stroke": "#EC008C",
        "stroke-opacity": 1,
        "stroke-width": 4
      },
      "id": "9454"
    },
    {
      "type": "Feature",
      "geometry": {
        "type": "LineString",
        "coordinates": [
          [
            107.7008012,
            -6.9689116,
            0
          ],
          [
            107.7005692,
            -6.9689765,
            0
          ],
          [
            107.700311,
            -6.9690394,
            0
          ],
          [
            107.6994963,
            -6.9692194,
            0
          ],
          [
            107.6986452,
            -6.9693772,
            0
          ],
          [
            107.6978192,
            -6.9695123,
            0
          ],
          [
            107.6969744,
            -6.969618,
            0
          ],
          [
            107.696224,
            -6.9696943,
            0
          ],
          [
            107.695469,
            -6.9697474,
            0
          ],
          [
            107.6942774,
            -6.9697885,
            0
          ],
          [
            107.6939365,
            -6.9697913,
            0
          ],
          [
            107.6934312,
            -6.9697858,
            0
          ],
          [
            107.6929457,
            -6.9697732,
            0
          ],
          [
            107.6919077,
            -6.9697069,
            0
          ],
          [
            107.6896263,
            -6.9694807,
            0
          ],
          [
            107.6863341,
            -6.9691585,
            0
          ],
          [
            107.6827551,
            -6.9687928,
            0
          ],
          [
            107.6791187,
            -6.9684289,
            0
          ],
          [
            107.6780871,
            -6.9683242,
            0
          ]
        ]
      },
      "properties": {
        "name": "Jalan Tol Padalarang–Cileunyi",
        "styleUrl": "#9459",
        "styleHash": "-535cca3",
        "stroke": "#EC008C",
        "stroke-opacity": 1,
        "stroke-width": 4
      },
      "id": "9458"
    },
    {
      "type": "Feature",
      "geometry": {
        "type": "LineString",
        "coordinates": [
          [
            107.613897,
            -6.960997,
            0
          ],
          [
            107.6134261,
            -6.9610319,
            0
          ]
        ]
      },
      "properties": {
        "name": "Jalan Tol Padalarang–Cileunyi",
        "styleUrl": "#9463",
        "styleHash": "edd5460",
        "stroke": "#EC008C",
        "stroke-opacity": 1,
        "stroke-width": 4
      },
      "id": "9462"
    },
    {
      "type": "Feature",
      "geometry": {
        "type": "LineString",
        "coordinates": [
          [
            107.6780871,
            -6.9683242,
            0
          ],
          [
            107.6778075,
            -6.9682989,
            0
          ]
        ]
      },
      "properties": {
        "name": "Jalan Tol Padalarang–Cileunyi",
        "styleUrl": "#9467",
        "styleHash": "5b243858",
        "stroke": "#EC008C",
        "stroke-opacity": 1,
        "stroke-width": 4
      },
      "id": "9466"
    },
    {
      "type": "Feature",
      "geometry": {
        "type": "LineString",
        "coordinates": [
          [
            107.7048594,
            -6.9675082,
            0
          ],
          [
            107.7044989,
            -6.9676661,
            0
          ]
        ]
      },
      "properties": {
        "name": "Jalan Tol Padalarang–Cileunyi",
        "styleUrl": "#9471",
        "styleHash": "37df4926",
        "stroke": "#EC008C",
        "stroke-opacity": 1,
        "stroke-width": 4
      },
      "id": "9470"
    },
    {
      "type": "Feature",
      "geometry": {
        "type": "LineString",
        "coordinates": [
          [
            107.6778075,
            -6.9682989,
            0
          ],
          [
            107.6726434,
            -6.9677797,
            0
          ],
          [
            107.6713623,
            -6.9676529,
            0
          ]
        ]
      },
      "properties": {
        "name": "Jalan Tol Padalarang–Cileunyi",
        "styleUrl": "#9475",
        "styleHash": "-7bd9d2e2",
        "stroke": "#EC008C",
        "stroke-opacity": 1,
        "stroke-width": 4
      },
      "id": "9474"
    },
    {
      "type": "Feature",
      "geometry": {
        "type": "LineString",
        "coordinates": [
          [
            107.6713623,
            -6.9676529,
            0
          ],
          [
            107.671104,
            -6.967636,
            0
          ]
        ]
      },
      "properties": {
        "name": "Jalan Tol Padalarang–Cileunyi",
        "styleUrl": "#9479",
        "styleHash": "-66eaff1f",
        "stroke": "#EC008C",
        "stroke-opacity": 1,
        "stroke-width": 4
      },
      "id": "9478"
    },
    {
      "type": "Feature",
      "geometry": {
        "type": "LineString",
        "coordinates": [
          [
            107.6134261,
            -6.9610319,
            0
          ],
          [
            107.609088,
            -6.9613408,
            0
          ]
        ]
      },
      "properties": {
        "name": "Jalan Tol Padalarang–Cileunyi",
        "styleUrl": "#9483",
        "styleHash": "-52d7de1c",
        "stroke": "#EC008C",
        "stroke-opacity": 1,
        "stroke-width": 4
      },
      "id": "9482"
    },
    {
      "type": "Feature",
      "geometry": {
        "type": "LineString",
        "coordinates": [
          [
            107.671104,
            -6.967636,
            0
          ],
          [
            107.6700893,
            -6.9675947,
            0
          ],
          [
            107.6691132,
            -6.9676097,
            0
          ],
          [
            107.6670335,
            -6.9676825,
            0
          ],
          [
            107.6665138,
            -6.9676607,
            0
          ],
          [
            107.6656039,
            -6.967624,
            0
          ],
          [
            107.664696,
            -6.9675308,
            0
          ],
          [
            107.663792,
            -6.9673834,
            0
          ],
          [
            107.6617852,
            -6.9668859,
            0
          ],
          [
            107.6605412,
            -6.9665435,
            0
          ]
        ]
      },
      "properties": {
        "name": "Jalan Tol Padalarang–Cileunyi",
        "styleUrl": "#9487",
        "styleHash": "-690fa24",
        "stroke": "#EC008C",
        "stroke-opacity": 1,
        "stroke-width": 4
      },
      "id": "9486"
    },
    {
      "type": "Feature",
      "geometry": {
        "type": "LineString",
        "coordinates": [
          [
            107.616019,
            -6.8975661,
            0
          ],
          [
            107.6160824,
            -6.8976971,
            0
          ],
          [
            107.6161206,
            -6.8977917,
            0
          ],
          [
            107.6161489,
            -6.8978851,
            0
          ],
          [
            107.6161542,
            -6.8979225,
            0
          ],
          [
            107.6161572,
            -6.8979434,
            0
          ],
          [
            107.6161675,
            -6.8980166,
            0
          ],
          [
            107.6161662,
            -6.8981131,
            0
          ],
          [
            107.6161577,
            -6.8981816,
            0
          ],
          [
            107.6161352,
            -6.898308,
            0
          ]
        ]
      },
      "properties": {
        "name": "Jalan Penata Yudha",
        "styleUrl": "#9491",
        "styleHash": "-29d5e956",
        "stroke": "#EC008C",
        "stroke-opacity": 1,
        "stroke-width": 4
      },
      "id": "9490"
    },
    {
      "type": "Feature",
      "geometry": {
        "type": "LineString",
        "coordinates": [
          [
            107.776244,
            -6.9318784,
            0
          ],
          [
            107.7762325,
            -6.9320131,
            0
          ],
          [
            107.7762501,
            -6.9321296,
            0
          ],
          [
            107.7762693,
            -6.9323028,
            0
          ],
          [
            107.7762922,
            -6.9324767,
            0
          ],
          [
            107.7762866,
            -6.9325196,
            0
          ],
          [
            107.7762705,
            -6.9325543,
            0
          ],
          [
            107.7762552,
            -6.9325747,
            0
          ],
          [
            107.7762399,
            -6.9325899,
            0
          ]
        ]
      },
      "properties": {
        "name": "Route Segment",
        "styleUrl": "#9495",
        "styleHash": "2270faa2",
        "stroke": "#EC008C",
        "stroke-opacity": 1,
        "stroke-width": 4
      },
      "id": "9494"
    },
    {
      "type": "Feature",
      "geometry": {
        "type": "LineString",
        "coordinates": [
          [
            107.6227233,
            -6.9368982,
            0
          ],
          [
            107.622754,
            -6.9368771,
            0
          ],
          [
            107.6229268,
            -6.9367508,
            0
          ],
          [
            107.6231054,
            -6.9365872,
            0
          ],
          [
            107.6235951,
            -6.9361186,
            0
          ]
        ]
      },
      "properties": {
        "name": "Jalan Pelajar Pejuang 45",
        "styleUrl": "#9499",
        "styleHash": "-7c4a2806",
        "stroke": "#EC008C",
        "stroke-opacity": 1,
        "stroke-width": 4
      },
      "id": "9498"
    },
    {
      "type": "Feature",
      "geometry": {
        "type": "LineString",
        "coordinates": [
          [
            107.6299627,
            -6.9157488,
            0
          ],
          [
            107.6300393,
            -6.9157014,
            0
          ]
        ]
      },
      "properties": {
        "name": "Jalan Jenderal Ahmad Yani",
        "styleUrl": "#9503",
        "styleHash": "-367ba2ae",
        "stroke": "#EC008C",
        "stroke-opacity": 1,
        "stroke-width": 4
      },
      "id": "9502"
    },
    {
      "type": "Feature",
      "geometry": {
        "type": "LineString",
        "coordinates": [
          [
            107.6331914,
            -6.9117162,
            0
          ],
          [
            107.6331611,
            -6.9116686,
            0
          ],
          [
            107.63286,
            -6.9112379,
            0
          ],
          [
            107.6321776,
            -6.9101794,
            0
          ],
          [
            107.6319159,
            -6.9097735,
            0
          ],
          [
            107.6317052,
            -6.9094522,
            0
          ],
          [
            107.6315424,
            -6.9092038,
            0
          ],
          [
            107.6314551,
            -6.9090707,
            0
          ],
          [
            107.6312067,
            -6.9086918,
            0
          ],
          [
            107.6310811,
            -6.9085001,
            0
          ],
          [
            107.6309892,
            -6.90836,
            0
          ],
          [
            107.6308809,
            -6.9081948,
            0
          ],
          [
            107.6306426,
            -6.9078314,
            0
          ],
          [
            107.6305913,
            -6.9077531,
            0
          ]
        ]
      },
      "properties": {
        "name": "Jalan Supratman",
        "styleUrl": "#9507",
        "styleHash": "15cb414a",
        "stroke": "#EC008C",
        "stroke-opacity": 1,
        "stroke-width": 4
      },
      "id": "9506"
    },
    {
      "type": "Feature",
      "geometry": {
        "type": "LineString",
        "coordinates": [
          [
            107.609088,
            -6.9613408,
            0
          ],
          [
            107.6087547,
            -6.9613656,
            0
          ]
        ]
      },
      "properties": {
        "name": "Jalan Tol Padalarang–Cileunyi",
        "styleUrl": "#9511",
        "styleHash": "-d79ade8",
        "stroke": "#EC008C",
        "stroke-opacity": 1,
        "stroke-width": 4
      },
      "id": "9510"
    },
    {
      "type": "Feature",
      "geometry": {
        "type": "LineString",
        "coordinates": [
          [
            107.6087547,
            -6.9613656,
            0
          ],
          [
            107.6083346,
            -6.961397,
            0
          ],
          [
            107.6061709,
            -6.9615586,
            0
          ],
          [
            107.6052772,
            -6.9616227,
            0
          ]
        ]
      },
      "properties": {
        "name": "Jalan Tol Padalarang–Cileunyi",
        "styleUrl": "#9515",
        "styleHash": "3ecd3610",
        "stroke": "#EC008C",
        "stroke-opacity": 1,
        "stroke-width": 4
      },
      "id": "9514"
    },
    {
      "type": "Feature",
      "geometry": {
        "type": "LineString",
        "coordinates": [
          [
            107.6109871,
            -6.9561266,
            0
          ],
          [
            107.6115714,
            -6.9559139,
            0
          ]
        ]
      },
      "properties": {
        "name": "Route Segment",
        "styleUrl": "#9519",
        "styleHash": "53bc09d3",
        "stroke": "#EC008C",
        "stroke-opacity": 1,
        "stroke-width": 4
      },
      "id": "9518"
    },
    {
      "type": "Feature",
      "geometry": {
        "type": "LineString",
        "coordinates": [
          [
            107.6108621,
            -6.9561653,
            0
          ],
          [
            107.6109871,
            -6.9561266,
            0
          ]
        ]
      },
      "properties": {
        "name": "Route Segment",
        "styleUrl": "#9523",
        "styleHash": "67cf2ad6",
        "stroke": "#EC008C",
        "stroke-opacity": 1,
        "stroke-width": 4
      },
      "id": "9522"
    },
    {
      "type": "Feature",
      "geometry": {
        "type": "LineString",
        "coordinates": [
          [
            107.6192733,
            -6.8999367,
            0
          ],
          [
            107.6192643,
            -6.8995771,
            0
          ],
          [
            107.61926,
            -6.89948,
            0
          ],
          [
            107.6192595,
            -6.8994625,
            0
          ],
          [
            107.6192514,
            -6.8994349,
            0
          ]
        ]
      },
      "properties": {
        "name": "Jalan Sentot Alibasyah",
        "styleUrl": "#9527",
        "styleHash": "-4be9f132",
        "stroke": "#EC008C",
        "stroke-opacity": 1,
        "stroke-width": 4
      },
      "id": "9526"
    },
    {
      "type": "Feature",
      "geometry": {
        "type": "LineString",
        "coordinates": [
          [
            107.6313458,
            -6.9186198,
            0
          ],
          [
            107.6312618,
            -6.9184409,
            0
          ],
          [
            107.6312506,
            -6.9184177,
            0
          ],
          [
            107.6307188,
            -6.9173125,
            0
          ]
        ]
      },
      "properties": {
        "name": "Jalan Laswi",
        "styleUrl": "#9531",
        "styleHash": "-6f2ee064",
        "stroke": "#EC008C",
        "stroke-opacity": 1,
        "stroke-width": 4
      },
      "id": "9530"
    },
    {
      "type": "Feature",
      "geometry": {
        "type": "LineString",
        "coordinates": [
          [
            107.6158534,
            -6.8991356,
            0
          ],
          [
            107.6148451,
            -6.8991266,
            0
          ],
          [
            107.6136829,
            -6.8990999,
            0
          ],
          [
            107.6131076,
            -6.8990838,
            0
          ],
          [
            107.6130507,
            -6.8990822,
            0
          ]
        ]
      },
      "properties": {
        "name": "Jalan Prabu Dimuntur",
        "styleUrl": "#9535",
        "styleHash": "-22e7fc6c",
        "stroke": "#EC008C",
        "stroke-opacity": 1,
        "stroke-width": 4
      },
      "id": "9534"
    },
    {
      "type": "Feature",
      "geometry": {
        "type": "LineString",
        "coordinates": [
          [
            107.6168823,
            -6.8955917,
            0
          ],
          [
            107.6166188,
            -6.8959561,
            0
          ],
          [
            107.6162817,
            -6.8963301,
            0
          ],
          [
            107.6159883,
            -6.8966062,
            0
          ],
          [
            107.6155865,
            -6.8969383,
            0
          ]
        ]
      },
      "properties": {
        "name": "Jalan Dipatiukur",
        "styleUrl": "#9539",
        "styleHash": "-df928a9",
        "stroke": "#EC008C",
        "stroke-opacity": 1,
        "stroke-width": 4
      },
      "id": "9538"
    },
    {
      "type": "Feature",
      "geometry": {
        "type": "LineString",
        "coordinates": [
          [
            107.6061633,
            -6.9376173,
            0
          ],
          [
            107.6061721,
            -6.9375296,
            0
          ]
        ]
      },
      "properties": {
        "name": "Jalan Mohammad Toha",
        "styleUrl": "#9543",
        "styleHash": "619f85a",
        "stroke": "#EC008C",
        "stroke-opacity": 1,
        "stroke-width": 4
      },
      "id": "9542"
    },
    {
      "type": "Feature",
      "geometry": {
        "type": "LineString",
        "coordinates": [
          [
            107.6301128,
            -6.9069879,
            0
          ],
          [
            107.6300535,
            -6.9068943,
            0
          ],
          [
            107.629843,
            -6.9065566,
            0
          ]
        ]
      },
      "properties": {
        "name": "Jalan Supratman",
        "styleUrl": "#9547",
        "styleHash": "5260dc52",
        "stroke": "#EC008C",
        "stroke-opacity": 1,
        "stroke-width": 4
      },
      "id": "9546"
    },
    {
      "type": "Feature",
      "geometry": {
        "type": "LineString",
        "coordinates": [
          [
            107.6174318,
            -6.8947388,
            0
          ],
          [
            107.6172839,
            -6.8949841,
            0
          ],
          [
            107.617258,
            -6.8950233,
            0
          ],
          [
            107.6172155,
            -6.8950876,
            0
          ],
          [
            107.6168823,
            -6.8955917,
            0
          ]
        ]
      },
      "properties": {
        "name": "Jalan Dipatiukur",
        "styleUrl": "#9551",
        "styleHash": "2f1bed20",
        "stroke": "#EC008C",
        "stroke-opacity": 1,
        "stroke-width": 4
      },
      "id": "9550"
    },
    {
      "type": "Feature",
      "geometry": {
        "type": "LineString",
        "coordinates": [
          [
            107.6178188,
            -6.8923923,
            0
          ],
          [
            107.6179955,
            -6.8925877,
            0
          ]
        ]
      },
      "properties": {
        "name": "Jalan Dipatiukur",
        "styleUrl": "#9555",
        "styleHash": "7b62d118",
        "stroke": "#EC008C",
        "stroke-opacity": 1,
        "stroke-width": 4
      },
      "id": "9554"
    },
    {
      "type": "Feature",
      "geometry": {
        "type": "LineString",
        "coordinates": [
          [
            107.624963,
            -6.9011352,
            0
          ],
          [
            107.6248142,
            -6.9011383,
            0
          ],
          [
            107.6245024,
            -6.9011448,
            0
          ],
          [
            107.6243173,
            -6.9011486,
            0
          ],
          [
            107.6241682,
            -6.9011517,
            0
          ],
          [
            107.6240859,
            -6.9011536,
            0
          ],
          [
            107.6240223,
            -6.9011551,
            0
          ],
          [
            107.6238271,
            -6.9011596,
            0
          ],
          [
            107.6237622,
            -6.9011611,
            0
          ],
          [
            107.6236741,
            -6.9011631,
            0
          ],
          [
            107.6234939,
            -6.9011666,
            0
          ],
          [
            107.6232646,
            -6.901171,
            0
          ],
          [
            107.6231861,
            -6.9011725,
            0
          ],
          [
            107.6229595,
            -6.9011769,
            0
          ],
          [
            107.6229193,
            -6.9011777,
            0
          ],
          [
            107.6227,
            -6.901182,
            0
          ],
          [
            107.6226543,
            -6.9011828,
            0
          ],
          [
            107.6224364,
            -6.9011901,
            0
          ],
          [
            107.6223306,
            -6.9011924,
            0
          ],
          [
            107.6222064,
            -6.9011951,
            0
          ],
          [
            107.6216513,
            -6.9012073,
            0
          ],
          [
            107.6215707,
            -6.9012091,
            0
          ],
          [
            107.621546,
            -6.9012096,
            0
          ],
          [
            107.6210608,
            -6.9012202,
            0
          ],
          [
            107.6208411,
            -6.9012258,
            0
          ],
          [
            107.6201283,
            -6.9012501,
            0
          ],
          [
            107.619705,
            -6.9012645,
            0
          ],
          [
            107.6195121,
            -6.9012668,
            0
          ],
          [
            107.619423,
            -6.9012693,
            0
          ]
        ]
      },
      "properties": {
        "name": "Jalan Diponegoro",
        "styleUrl": "#9559",
        "styleHash": "-6fae5b25",
        "stroke": "#EC008C",
        "stroke-opacity": 1,
        "stroke-width": 4
      },
      "id": "9558"
    },
    {
      "type": "Feature",
      "geometry": {
        "type": "LineString",
        "coordinates": [
          [
            107.6127959,
            -6.9377381,
            0
          ],
          [
            107.6128099,
            -6.9377383,
            0
          ],
          [
            107.6141135,
            -6.9377842,
            0
          ],
          [
            107.6162137,
            -6.9379,
            0
          ],
          [
            107.6176675,
            -6.9379879,
            0
          ],
          [
            107.6179579,
            -6.9380065,
            0
          ],
          [
            107.6180652,
            -6.9380134,
            0
          ],
          [
            107.6187551,
            -6.9380576,
            0
          ],
          [
            107.6192607,
            -6.9380784,
            0
          ],
          [
            107.6196527,
            -6.9380817,
            0
          ],
          [
            107.6199071,
            -6.9380597,
            0
          ],
          [
            107.620207,
            -6.9380111,
            0
          ]
        ]
      },
      "properties": {
        "name": "Jalan BKR",
        "styleUrl": "#9563",
        "styleHash": "-5b9b3a22",
        "stroke": "#EC008C",
        "stroke-opacity": 1,
        "stroke-width": 4
      },
      "id": "9562"
    },
    {
      "type": "Feature",
      "geometry": {
        "type": "LineString",
        "coordinates": [
          [
            107.6096639,
            -6.9376389,
            0
          ],
          [
            107.610179,
            -6.937657,
            0
          ],
          [
            107.6104253,
            -6.9376656,
            0
          ],
          [
            107.6110405,
            -6.9376854,
            0
          ],
          [
            107.6113683,
            -6.9376957,
            0
          ]
        ]
      },
      "properties": {
        "name": "Jalan BKR",
        "styleUrl": "#9567",
        "styleHash": "-f54562a",
        "stroke": "#EC008C",
        "stroke-opacity": 1,
        "stroke-width": 4
      },
      "id": "9566"
    },
    {
      "type": "Feature",
      "geometry": {
        "type": "LineString",
        "coordinates": [
          [
            107.6086676,
            -6.9461425,
            0
          ],
          [
            107.6086093,
            -6.945971,
            0
          ],
          [
            107.6085871,
            -6.9459059,
            0
          ],
          [
            107.608562,
            -6.9458321,
            0
          ],
          [
            107.6085284,
            -6.9457333,
            0
          ],
          [
            107.6084824,
            -6.9455982,
            0
          ],
          [
            107.6084779,
            -6.9455849,
            0
          ],
          [
            107.6084496,
            -6.9455018,
            0
          ],
          [
            107.608427,
            -6.9454354,
            0
          ],
          [
            107.608407,
            -6.9453744,
            0
          ],
          [
            107.6083491,
            -6.945205,
            0
          ],
          [
            107.6082597,
            -6.9449435,
            0
          ],
          [
            107.6082426,
            -6.9448934,
            0
          ],
          [
            107.6082103,
            -6.9447985,
            0
          ],
          [
            107.6080915,
            -6.9444492,
            0
          ],
          [
            107.6079672,
            -6.944084,
            0
          ],
          [
            107.6078706,
            -6.9438055,
            0
          ],
          [
            107.607766,
            -6.9435054,
            0
          ],
          [
            107.6077347,
            -6.9434128,
            0
          ],
          [
            107.607677,
            -6.9432421,
            0
          ],
          [
            107.6076477,
            -6.9431556,
            0
          ]
        ]
      },
      "properties": {
        "name": "Jalan Mohammad Toha",
        "styleUrl": "#9571",
        "styleHash": "-3299455c",
        "stroke": "#EC008C",
        "stroke-opacity": 1,
        "stroke-width": 4
      },
      "id": "9570"
    },
    {
      "type": "Feature",
      "geometry": {
        "type": "LineString",
        "coordinates": [
          [
            107.6264291,
            -6.9295004,
            0
          ],
          [
            107.6264391,
            -6.9294553,
            0
          ],
          [
            107.6264613,
            -6.9293556,
            0
          ],
          [
            107.6265855,
            -6.9288571,
            0
          ],
          [
            107.6267919,
            -6.9280215,
            0
          ],
          [
            107.6269614,
            -6.9273361,
            0
          ]
        ]
      },
      "properties": {
        "name": "Jalan Pelajar Pejuang 45",
        "styleUrl": "#9575",
        "styleHash": "19ad9e9c",
        "stroke": "#EC008C",
        "stroke-opacity": 1,
        "stroke-width": 4
      },
      "id": "9574"
    },
    {
      "type": "Feature",
      "geometry": {
        "type": "LineString",
        "coordinates": [
          [
            107.6256947,
            -6.9324168,
            0
          ],
          [
            107.6257279,
            -6.9322848,
            0
          ],
          [
            107.6257914,
            -6.9320326,
            0
          ],
          [
            107.6258532,
            -6.9317868,
            0
          ],
          [
            107.6260656,
            -6.9309431,
            0
          ],
          [
            107.6260901,
            -6.9308456,
            0
          ],
          [
            107.6261208,
            -6.9307238,
            0
          ],
          [
            107.6263851,
            -6.9296738,
            0
          ]
        ]
      },
      "properties": {
        "name": "Jalan Pelajar Pejuang 45",
        "styleUrl": "#9579",
        "styleHash": "2e9c725f",
        "stroke": "#EC008C",
        "stroke-opacity": 1,
        "stroke-width": 4
      },
      "id": "9578"
    },
    {
      "type": "Feature",
      "geometry": {
        "type": "LineString",
        "coordinates": [
          [
            107.6193022,
            -6.9012716,
            0
          ],
          [
            107.6193024,
            -6.9011929,
            0
          ]
        ]
      },
      "properties": {
        "name": "Jalan Sentot Alibasyah",
        "styleUrl": "#9583",
        "styleHash": "42af9362",
        "stroke": "#EC008C",
        "stroke-opacity": 1,
        "stroke-width": 4
      },
      "id": "9582"
    },
    {
      "type": "Feature",
      "geometry": {
        "type": "LineString",
        "coordinates": [
          [
            107.6089854,
            -6.9482416,
            0
          ],
          [
            107.6091215,
            -6.9482171,
            0
          ],
          [
            107.6091635,
            -6.9482034,
            0
          ],
          [
            107.6091847,
            -6.9481943,
            0
          ],
          [
            107.6092024,
            -6.9481834,
            0
          ],
          [
            107.6092158,
            -6.9481721,
            0
          ],
          [
            107.6092305,
            -6.9481568,
            0
          ],
          [
            107.6092432,
            -6.9481413,
            0
          ],
          [
            107.6092554,
            -6.9481208,
            0
          ],
          [
            107.6092687,
            -6.9480936,
            0
          ],
          [
            107.6092789,
            -6.9480682,
            0
          ],
          [
            107.6092906,
            -6.948039,
            0
          ],
          [
            107.6093038,
            -6.9479813,
            0
          ]
        ]
      },
      "properties": {
        "name": "Route Segment",
        "styleUrl": "#9587",
        "styleHash": "-710988a6",
        "stroke": "#EC008C",
        "stroke-opacity": 1,
        "stroke-width": 4
      },
      "id": "9586"
    },
    {
      "type": "Feature",
      "geometry": {
        "type": "LineString",
        "coordinates": [
          [
            107.6095322,
            -6.9486416,
            0
          ],
          [
            107.6094657,
            -6.9485947,
            0
          ],
          [
            107.6094231,
            -6.9485507,
            0
          ],
          [
            107.6093919,
            -6.9485164,
            0
          ],
          [
            107.6093631,
            -6.9484883,
            0
          ],
          [
            107.6093357,
            -6.948465,
            0
          ],
          [
            107.6092838,
            -6.9484357,
            0
          ],
          [
            107.6092254,
            -6.948413,
            0
          ],
          [
            107.6091509,
            -6.9483908,
            0
          ],
          [
            107.6089974,
            -6.9483475,
            0
          ]
        ]
      },
      "properties": {
        "name": "Route Segment",
        "styleUrl": "#9591",
        "styleHash": "6bb18828",
        "stroke": "#EC008C",
        "stroke-opacity": 1,
        "stroke-width": 4
      },
      "id": "9590"
    },
    {
      "type": "Feature",
      "geometry": {
        "type": "LineString",
        "coordinates": [
          [
            107.620207,
            -6.9380111,
            0
          ],
          [
            107.6204439,
            -6.9379553,
            0
          ]
        ]
      },
      "properties": {
        "name": "Jalan BKR",
        "styleUrl": "#9595",
        "styleHash": "-480793e0",
        "stroke": "#EC008C",
        "stroke-opacity": 1,
        "stroke-width": 4
      },
      "id": "9594"
    },
    {
      "type": "Feature",
      "geometry": {
        "type": "LineString",
        "coordinates": [
          [
            107.621238,
            -6.9376849,
            0
          ],
          [
            107.6213731,
            -6.9376336,
            0
          ],
          [
            107.6222214,
            -6.9372434,
            0
          ],
          [
            107.6224276,
            -6.9371006,
            0
          ]
        ]
      },
      "properties": {
        "name": "Jalan BKR",
        "styleUrl": "#9599",
        "styleHash": "193d4978",
        "stroke": "#EC008C",
        "stroke-opacity": 1,
        "stroke-width": 4
      },
      "id": "9598"
    },
    {
      "type": "Feature",
      "geometry": {
        "type": "LineString",
        "coordinates": [
          [
            107.6305913,
            -6.9077531,
            0
          ],
          [
            107.6302838,
            -6.9079553,
            0
          ],
          [
            107.6301163,
            -6.9080655,
            0
          ],
          [
            107.6299488,
            -6.9081756,
            0
          ],
          [
            107.6297436,
            -6.9082432,
            0
          ],
          [
            107.629633,
            -6.9082512,
            0
          ],
          [
            107.6295506,
            -6.9082404,
            0
          ],
          [
            107.6294925,
            -6.9082151,
            0
          ],
          [
            107.629441,
            -6.9081795,
            0
          ],
          [
            107.6293885,
            -6.9081299,
            0
          ]
        ]
      },
      "properties": {
        "name": "Jalan Lapang Supratman",
        "styleUrl": "#9603",
        "styleHash": "5f0bced0",
        "stroke": "#EC008C",
        "stroke-opacity": 1,
        "stroke-width": 4
      },
      "id": "9602"
    },
    {
      "type": "Feature",
      "geometry": {
        "type": "LineString",
        "coordinates": [
          [
            107.7640121,
            -6.9510671,
            0
          ],
          [
            107.7640881,
            -6.9511546,
            0
          ],
          [
            107.7641161,
            -6.951214,
            0
          ],
          [
            107.7641203,
            -6.9512651,
            0
          ],
          [
            107.7640908,
            -6.9513237,
            0
          ],
          [
            107.7640571,
            -6.9513525,
            0
          ],
          [
            107.7640289,
            -6.9513724,
            0
          ],
          [
            107.7639634,
            -6.9513757,
            0
          ],
          [
            107.7638858,
            -6.9513467,
            0
          ]
        ]
      },
      "properties": {
        "name": "Route Segment",
        "styleUrl": "#9607",
        "styleHash": "-54ad4d38",
        "stroke": "#EC008C",
        "stroke-opacity": 1,
        "stroke-width": 4
      },
      "id": "9606"
    },
    {
      "type": "Feature",
      "geometry": {
        "type": "LineString",
        "coordinates": [
          [
            107.6311335,
            -6.9151604,
            0
          ],
          [
            107.6313219,
            -6.9150573,
            0
          ],
          [
            107.631392,
            -6.915019,
            0
          ],
          [
            107.6314854,
            -6.9149679,
            0
          ],
          [
            107.6316428,
            -6.9148818,
            0
          ],
          [
            107.6320747,
            -6.9146547,
            0
          ],
          [
            107.6322869,
            -6.9145432,
            0
          ],
          [
            107.6325601,
            -6.9143996,
            0
          ],
          [
            107.6327618,
            -6.9142935,
            0
          ],
          [
            107.6327884,
            -6.9142791,
            0
          ],
          [
            107.6328365,
            -6.9142566,
            0
          ],
          [
            107.6329881,
            -6.9141745,
            0
          ],
          [
            107.6332108,
            -6.9140574,
            0
          ],
          [
            107.6333413,
            -6.9139888,
            0
          ]
        ]
      },
      "properties": {
        "name": "Jalan Jenderal Ahmad Yani",
        "styleUrl": "#9611",
        "styleHash": "-77f23c6a",
        "stroke": "#EC008C",
        "stroke-opacity": 1,
        "stroke-width": 4
      },
      "id": "9610"
    },
    {
      "type": "Feature",
      "geometry": {
        "type": "LineString",
        "coordinates": [
          [
            107.629843,
            -6.9065566,
            0
          ],
          [
            107.628346,
            -6.9042755,
            0
          ],
          [
            107.6283044,
            -6.9042145,
            0
          ],
          [
            107.628228,
            -6.9041026,
            0
          ],
          [
            107.6282013,
            -6.9040635,
            0
          ],
          [
            107.627945,
            -6.903657,
            0
          ],
          [
            107.6278545,
            -6.9035173,
            0
          ],
          [
            107.6272147,
            -6.9025295,
            0
          ],
          [
            107.6268326,
            -6.9019273,
            0
          ],
          [
            107.6265672,
            -6.9015367,
            0
          ],
          [
            107.6264463,
            -6.9013828,
            0
          ],
          [
            107.6262854,
            -6.901239,
            0
          ],
          [
            107.6261654,
            -6.9011784,
            0
          ]
        ]
      },
      "properties": {
        "name": "Jalan Supratman",
        "styleUrl": "#9615",
        "styleHash": "-2bab5872",
        "stroke": "#EC008C",
        "stroke-opacity": 1,
        "stroke-width": 4
      },
      "id": "9614"
    },
    {
      "type": "Feature",
      "geometry": {
        "type": "LineString",
        "coordinates": [
          [
            107.7675768,
            -6.9350493,
            0
          ],
          [
            107.7673973,
            -6.9351121,
            0
          ],
          [
            107.7672831,
            -6.9351502,
            0
          ],
          [
            107.7669177,
            -6.9352475,
            0
          ],
          [
            107.7664849,
            -6.9353658,
            0
          ],
          [
            107.7661291,
            -6.9354578,
            0
          ],
          [
            107.765904,
            -6.9355219,
            0
          ],
          [
            107.7657643,
            -6.9355617,
            0
          ],
          [
            107.7655987,
            -6.935608,
            0
          ],
          [
            107.7655034,
            -6.9356283,
            0
          ],
          [
            107.7653893,
            -6.9356639,
            0
          ],
          [
            107.7651879,
            -6.9357204,
            0
          ],
          [
            107.7651014,
            -6.9357446,
            0
          ],
          [
            107.7650401,
            -6.9357614,
            0
          ],
          [
            107.7649659,
            -6.9357849,
            0
          ],
          [
            107.7645137,
            -6.935903,
            0
          ],
          [
            107.764459,
            -6.9359161,
            0
          ],
          [
            107.7643159,
            -6.9359584,
            0
          ],
          [
            107.7640295,
            -6.9360455,
            0
          ],
          [
            107.7639484,
            -6.9360702,
            0
          ],
          [
            107.7636862,
            -6.9361566,
            0
          ],
          [
            107.7634952,
            -6.9362167,
            0
          ],
          [
            107.763187,
            -6.936307,
            0
          ],
          [
            107.7629285,
            -6.9363783,
            0
          ],
          [
            107.7627475,
            -6.9364226,
            0
          ],
          [
            107.7626242,
            -6.9364548,
            0
          ],
          [
            107.7624947,
            -6.9364949,
            0
          ],
          [
            107.761476,
            -6.9368213,
            0
          ],
          [
            107.7606761,
            -6.9370526,
            0
          ],
          [
            107.7606007,
            -6.9370763,
            0
          ],
          [
            107.7602275,
            -6.9371824,
            0
          ],
          [
            107.7596515,
            -6.9373642,
            0
          ],
          [
            107.7590167,
            -6.9375357,
            0
          ],
          [
            107.7586446,
            -6.9376024,
            0
          ],
          [
            107.7585557,
            -6.9376183,
            0
          ],
          [
            107.758259,
            -6.9376738,
            0
          ],
          [
            107.7581947,
            -6.937686,
            0
          ],
          [
            107.7579006,
            -6.9377401,
            0
          ],
          [
            107.7575071,
            -6.9377895,
            0
          ]
        ]
      },
      "properties": {
        "name": "Jalan Raya Jatinangor",
        "styleUrl": "#9619",
        "styleHash": "-16bc84af",
        "stroke": "#EC008C",
        "stroke-opacity": 1,
        "stroke-width": 4
      },
      "id": "9618"
    },
    {
      "type": "Feature",
      "geometry": {
        "type": "LineString",
        "coordinates": [
          [
            107.6300893,
            -6.9160089,
            0
          ],
          [
            107.6300294,
            -6.9158899,
            0
          ],
          [
            107.6299922,
            -6.9158161,
            0
          ]
        ]
      },
      "properties": {
        "name": "Jalan Laswi",
        "styleUrl": "#9623",
        "styleHash": "-2a963ac",
        "stroke": "#EC008C",
        "stroke-opacity": 1,
        "stroke-width": 4
      },
      "id": "9622"
    },
    {
      "type": "Feature",
      "geometry": {
        "type": "LineString",
        "coordinates": [
          [
            107.7555143,
            -6.9419798,
            0
          ],
          [
            107.7555465,
            -6.9420347,
            0
          ],
          [
            107.7555912,
            -6.9420993,
            0
          ],
          [
            107.7556445,
            -6.9421675,
            0
          ],
          [
            107.7560434,
            -6.9426557,
            0
          ],
          [
            107.7563393,
            -6.9430093,
            0
          ],
          [
            107.7565272,
            -6.9432199,
            0
          ],
          [
            107.7574594,
            -6.9442003,
            0
          ],
          [
            107.7576136,
            -6.9443602,
            0
          ],
          [
            107.7577971,
            -6.9445648,
            0
          ],
          [
            107.7578933,
            -6.944712,
            0
          ],
          [
            107.7579497,
            -6.9448013,
            0
          ],
          [
            107.7580006,
            -6.9449464,
            0
          ],
          [
            107.7580938,
            -6.9455593,
            0
          ],
          [
            107.7581549,
            -6.9459515,
            0
          ],
          [
            107.758233,
            -6.9461825,
            0
          ]
        ]
      },
      "properties": {
        "name": "Jalan Raya Cipacing",
        "styleUrl": "#9627",
        "styleHash": "499d804c",
        "stroke": "#EC008C",
        "stroke-opacity": 1,
        "stroke-width": 4
      },
      "id": "9626"
    },
    {
      "type": "Feature",
      "geometry": {
        "type": "LineString",
        "coordinates": [
          [
            107.6176835,
            -6.8943336,
            0
          ],
          [
            107.6177104,
            -6.8942378,
            0
          ],
          [
            107.6177564,
            -6.8941579,
            0
          ],
          [
            107.6178531,
            -6.8940151,
            0
          ],
          [
            107.6178962,
            -6.8939401,
            0
          ],
          [
            107.6179191,
            -6.893871,
            0
          ],
          [
            107.6179139,
            -6.8934868,
            0
          ],
          [
            107.6179108,
            -6.8934136,
            0
          ],
          [
            107.6179071,
            -6.8932726,
            0
          ],
          [
            107.6178942,
            -6.8927885,
            0
          ],
          [
            107.6178794,
            -6.8926864,
            0
          ],
          [
            107.6178188,
            -6.8923923,
            0
          ]
        ]
      },
      "properties": {
        "name": "Jalan Dipatiukur",
        "styleUrl": "#9631",
        "styleHash": "2658911a",
        "stroke": "#EC008C",
        "stroke-opacity": 1,
        "stroke-width": 4
      },
      "id": "9630"
    },
    {
      "type": "Feature",
      "geometry": {
        "type": "LineString",
        "coordinates": [
          [
            107.7733603,
            -6.9333503,
            0
          ],
          [
            107.773198,
            -6.9333982,
            0
          ],
          [
            107.7730158,
            -6.9334383,
            0
          ],
          [
            107.7727388,
            -6.9334992,
            0
          ],
          [
            107.7725047,
            -6.9335701,
            0
          ],
          [
            107.7722781,
            -6.9336427,
            0
          ],
          [
            107.7719941,
            -6.9337276,
            0
          ],
          [
            107.7717215,
            -6.9338177,
            0
          ],
          [
            107.7716528,
            -6.9338358,
            0
          ],
          [
            107.7714354,
            -6.9339085,
            0
          ],
          [
            107.7713755,
            -6.9339286,
            0
          ],
          [
            107.7712431,
            -6.933968,
            0
          ],
          [
            107.7711133,
            -6.9340114,
            0
          ],
          [
            107.7709605,
            -6.9340638,
            0
          ],
          [
            107.7709162,
            -6.9340772,
            0
          ],
          [
            107.7705413,
            -6.9341968,
            0
          ],
          [
            107.7702364,
            -6.9342916,
            0
          ],
          [
            107.7701854,
            -6.9343067,
            0
          ],
          [
            107.7700339,
            -6.9343516,
            0
          ],
          [
            107.7699868,
            -6.9343642,
            0
          ],
          [
            107.7698756,
            -6.9343962,
            0
          ],
          [
            107.7697367,
            -6.9344344,
            0
          ],
          [
            107.7694684,
            -6.9345104,
            0
          ],
          [
            107.7692651,
            -6.9345654,
            0
          ],
          [
            107.7692304,
            -6.9345758,
            0
          ],
          [
            107.7689424,
            -6.9346581,
            0
          ],
          [
            107.7687964,
            -6.9347019,
            0
          ],
          [
            107.768696,
            -6.9347256,
            0
          ],
          [
            107.7684592,
            -6.9347916,
            0
          ],
          [
            107.7683791,
            -6.9348137,
            0
          ],
          [
            107.7682046,
            -6.9348619,
            0
          ],
          [
            107.7680368,
            -6.934913,
            0
          ],
          [
            107.7678269,
            -6.9349786,
            0
          ],
          [
            107.7676197,
            -6.9350369,
            0
          ],
          [
            107.7675768,
            -6.9350493,
            0
          ]
        ]
      },
      "properties": {
        "name": "Jalan Raya Jatinangor",
        "styleUrl": "#9635",
        "styleHash": "729f7512",
        "stroke": "#EC008C",
        "stroke-opacity": 1,
        "stroke-width": 4
      },
      "id": "9634"
    },
    {
      "type": "Feature",
      "geometry": {
        "type": "LineString",
        "coordinates": [
          [
            107.7762399,
            -6.9325899,
            0
          ],
          [
            107.7758361,
            -6.9326913,
            0
          ],
          [
            107.7752875,
            -6.9328343,
            0
          ],
          [
            107.7750065,
            -6.9329163,
            0
          ],
          [
            107.7748177,
            -6.9329675,
            0
          ],
          [
            107.7746097,
            -6.9330162,
            0
          ],
          [
            107.7744488,
            -6.9330582,
            0
          ],
          [
            107.7743896,
            -6.9330745,
            0
          ],
          [
            107.7742535,
            -6.9331121,
            0
          ],
          [
            107.7738953,
            -6.9332064,
            0
          ],
          [
            107.7736143,
            -6.9332754,
            0
          ],
          [
            107.7735077,
            -6.9333045,
            0
          ],
          [
            107.7733603,
            -6.9333503,
            0
          ]
        ]
      },
      "properties": {
        "name": "Jalan Raya Jatinangor",
        "styleUrl": "#9639",
        "styleHash": "-7871b72b",
        "stroke": "#EC008C",
        "stroke-opacity": 1,
        "stroke-width": 4
      },
      "id": "9638"
    },
    {
      "type": "Feature",
      "geometry": {
        "type": "LineString",
        "coordinates": [
          [
            107.6176835,
            -6.8943336,
            0
          ],
          [
            107.6175117,
            -6.8946008,
            0
          ],
          [
            107.6174318,
            -6.8947388,
            0
          ]
        ]
      },
      "properties": {
        "name": "Jalan Dipatiukur",
        "styleUrl": "#9643",
        "styleHash": "-645e9628",
        "stroke": "#EC008C",
        "stroke-opacity": 1,
        "stroke-width": 4
      },
      "id": "9642"
    },
    {
      "type": "Feature",
      "geometry": {
        "type": "LineString",
        "coordinates": [
          [
            107.7758563,
            -6.9316463,
            0
          ],
          [
            107.7760667,
            -6.9316374,
            0
          ],
          [
            107.7761386,
            -6.9316302,
            0
          ],
          [
            107.7761589,
            -6.9316372,
            0
          ],
          [
            107.7761934,
            -6.9316543,
            0
          ],
          [
            107.776211,
            -6.9316776,
            0
          ],
          [
            107.7762203,
            -6.9317177,
            0
          ],
          [
            107.7762347,
            -6.9317883,
            0
          ],
          [
            107.776244,
            -6.9318784,
            0
          ]
        ]
      },
      "properties": {
        "name": "Jalan Raya Jatinangor",
        "styleUrl": "#9647",
        "styleHash": "-1817b230",
        "stroke": "#EC008C",
        "stroke-opacity": 1,
        "stroke-width": 4
      },
      "id": "9646"
    },
    {
      "type": "Feature",
      "geometry": {
        "type": "LineString",
        "coordinates": [
          [
            107.6117909,
            -6.9555998,
            0
          ],
          [
            107.6117857,
            -6.9555778,
            0
          ],
          [
            107.611748,
            -6.9554589,
            0
          ],
          [
            107.6117404,
            -6.9554321,
            0
          ],
          [
            107.6116741,
            -6.9552221,
            0
          ]
        ]
      },
      "properties": {
        "name": "Jalan Mohammad Toha",
        "styleUrl": "#9651",
        "styleHash": "-3b5ca162",
        "stroke": "#EC008C",
        "stroke-opacity": 1,
        "stroke-width": 4
      },
      "id": "9650"
    },
    {
      "type": "Feature",
      "geometry": {
        "type": "LineString",
        "coordinates": [
          [
            107.6061483,
            -6.9378682,
            0
          ],
          [
            107.6061566,
            -6.9377293,
            0
          ],
          [
            107.6061595,
            -6.9376808,
            0
          ],
          [
            107.6061633,
            -6.9376173,
            0
          ]
        ]
      },
      "properties": {
        "name": "Jalan Mohammad Toha",
        "styleUrl": "#9655",
        "styleHash": "10ea4296",
        "stroke": "#EC008C",
        "stroke-opacity": 1,
        "stroke-width": 4
      },
      "id": "9654"
    },
    {
      "type": "Feature",
      "geometry": {
        "type": "LineString",
        "coordinates": [
          [
            107.6116113,
            -6.9549027,
            0
          ],
          [
            107.6115903,
            -6.9548395,
            0
          ],
          [
            107.6115567,
            -6.9547392,
            0
          ],
          [
            107.6115404,
            -6.9546891,
            0
          ],
          [
            107.6115168,
            -6.954618,
            0
          ],
          [
            107.6115056,
            -6.9545841,
            0
          ],
          [
            107.6114306,
            -6.9543571,
            0
          ],
          [
            107.6114039,
            -6.9542777,
            0
          ],
          [
            107.6113779,
            -6.9541994,
            0
          ],
          [
            107.6113491,
            -6.9541126,
            0
          ],
          [
            107.6113021,
            -6.953971,
            0
          ],
          [
            107.6112433,
            -6.9537939,
            0
          ],
          [
            107.6112087,
            -6.9536897,
            0
          ],
          [
            107.6111523,
            -6.9535196,
            0
          ],
          [
            107.6111025,
            -6.9533696,
            0
          ],
          [
            107.6110127,
            -6.9530992,
            0
          ],
          [
            107.6109821,
            -6.9530069,
            0
          ],
          [
            107.6109598,
            -6.9529395,
            0
          ],
          [
            107.610882,
            -6.9527052,
            0
          ],
          [
            107.6108172,
            -6.9525101,
            0
          ],
          [
            107.6107154,
            -6.9522033,
            0
          ],
          [
            107.610704,
            -6.9521688,
            0
          ],
          [
            107.6106927,
            -6.9521348,
            0
          ],
          [
            107.6106289,
            -6.9519383,
            0
          ],
          [
            107.6105529,
            -6.9517136,
            0
          ],
          [
            107.6105221,
            -6.9516206,
            0
          ],
          [
            107.6103079,
            -6.9509754,
            0
          ],
          [
            107.6101654,
            -6.950546,
            0
          ],
          [
            107.6101111,
            -6.9503823,
            0
          ],
          [
            107.609996,
            -6.9500355,
            0
          ]
        ]
      },
      "properties": {
        "name": "Jalan Mohammad Toha",
        "styleUrl": "#9659",
        "styleHash": "25d91659",
        "stroke": "#EC008C",
        "stroke-opacity": 1,
        "stroke-width": 4
      },
      "id": "9658"
    },
    {
      "type": "Feature",
      "geometry": {
        "type": "LineString",
        "coordinates": [
          [
            107.606583,
            -6.9375409,
            0
          ],
          [
            107.6066558,
            -6.9375429,
            0
          ],
          [
            107.6067624,
            -6.9375463,
            0
          ],
          [
            107.6075417,
            -6.9375714,
            0
          ],
          [
            107.6083051,
            -6.9375959,
            0
          ],
          [
            107.608358,
            -6.9375976,
            0
          ],
          [
            107.6084176,
            -6.9375995,
            0
          ]
        ]
      },
      "properties": {
        "name": "Jalan BKR",
        "styleUrl": "#9663",
        "styleHash": "39ec375c",
        "stroke": "#EC008C",
        "stroke-opacity": 1,
        "stroke-width": 4
      },
      "id": "9662"
    },
    {
      "type": "Feature",
      "geometry": {
        "type": "LineString",
        "coordinates": [
          [
            107.6191325,
            -6.8993561,
            0
          ],
          [
            107.6190893,
            -6.8993576,
            0
          ],
          [
            107.6180305,
            -6.8993791,
            0
          ],
          [
            107.6176554,
            -6.8993298,
            0
          ],
          [
            107.6168185,
            -6.899178,
            0
          ],
          [
            107.6167242,
            -6.8991759,
            0
          ]
        ]
      },
      "properties": {
        "name": "Jalan Surapati",
        "styleUrl": "#9667",
        "styleHash": "-79cce4ac",
        "stroke": "#EC008C",
        "stroke-opacity": 1,
        "stroke-width": 4
      },
      "id": "9666"
    },
    {
      "type": "Feature",
      "geometry": {
        "type": "LineString",
        "coordinates": [
          [
            107.6254318,
            -6.9335047,
            0
          ],
          [
            107.6256261,
            -6.9326844,
            0
          ],
          [
            107.6256334,
            -6.9326601,
            0
          ],
          [
            107.6256715,
            -6.9325087,
            0
          ]
        ]
      },
      "properties": {
        "name": "Jalan Pelajar Pejuang 45",
        "styleUrl": "#9671",
        "styleHash": "62ee2c22",
        "stroke": "#EC008C",
        "stroke-opacity": 1,
        "stroke-width": 4
      },
      "id": "9670"
    },
    {
      "type": "Feature",
      "geometry": {
        "type": "LineString",
        "coordinates": [
          [
            107.6224276,
            -6.9371006,
            0
          ],
          [
            107.6226063,
            -6.9369795,
            0
          ],
          [
            107.6226363,
            -6.9369591,
            0
          ],
          [
            107.6226877,
            -6.9369246,
            0
          ]
        ]
      },
      "properties": {
        "name": "Jalan BKR",
        "styleUrl": "#9675",
        "styleHash": "-50caefe6",
        "stroke": "#EC008C",
        "stroke-opacity": 1,
        "stroke-width": 4
      },
      "id": "9674"
    },
    {
      "type": "Feature",
      "geometry": {
        "type": "LineString",
        "coordinates": [
          [
            107.6061749,
            -6.938344,
            0
          ],
          [
            107.6061574,
            -6.9383237,
            0
          ],
          [
            107.6061507,
            -6.9383009,
            0
          ],
          [
            107.6061483,
            -6.9378682,
            0
          ]
        ]
      },
      "properties": {
        "name": "Jalan Mohammad Toha",
        "styleUrl": "#9679",
        "styleHash": "-3bdc1c23",
        "stroke": "#EC008C",
        "stroke-opacity": 1,
        "stroke-width": 4
      },
      "id": "9678"
    },
    {
      "type": "Feature",
      "geometry": {
        "type": "LineString",
        "coordinates": [
          [
            107.6303085,
            -6.9155587,
            0
          ],
          [
            107.6310524,
            -6.9151724,
            0
          ],
          [
            107.6311335,
            -6.9151604,
            0
          ]
        ]
      },
      "properties": {
        "name": "Jalan Jenderal Ahmad Yani",
        "styleUrl": "#9683",
        "styleHash": "-27c8fb20",
        "stroke": "#EC008C",
        "stroke-opacity": 1,
        "stroke-width": 4
      },
      "id": "9682"
    },
    {
      "type": "Feature",
      "geometry": {
        "type": "LineString",
        "coordinates": [
          [
            107.6305226,
            -6.9217699,
            0
          ],
          [
            107.6306231,
            -6.9213863,
            0
          ],
          [
            107.6307528,
            -6.9208907,
            0
          ],
          [
            107.630896,
            -6.920344,
            0
          ],
          [
            107.6309533,
            -6.9201253,
            0
          ],
          [
            107.6309827,
            -6.9200131,
            0
          ],
          [
            107.630993,
            -6.9199735,
            0
          ]
        ]
      },
      "properties": {
        "name": "Jalan Laswi",
        "styleUrl": "#9687",
        "styleHash": "247de8d8",
        "stroke": "#EC008C",
        "stroke-opacity": 1,
        "stroke-width": 4
      },
      "id": "9686"
    },
    {
      "type": "Feature",
      "geometry": {
        "type": "LineString",
        "coordinates": [
          [
            107.6304684,
            -6.9219055,
            0
          ],
          [
            107.6305226,
            -6.9217699,
            0
          ]
        ]
      },
      "properties": {
        "name": "Jalan Laswi",
        "styleUrl": "#9691",
        "styleHash": "138f9a6",
        "stroke": "#EC008C",
        "stroke-opacity": 1,
        "stroke-width": 4
      },
      "id": "9690"
    },
    {
      "type": "Feature",
      "geometry": {
        "type": "LineString",
        "coordinates": [
          [
            107.7582047,
            -6.9463533,
            0
          ],
          [
            107.7581185,
            -6.9462528,
            0
          ]
        ]
      },
      "properties": {
        "name": "Jalan Raya Cipacing",
        "styleUrl": "#9695",
        "styleHash": "4d7fdd9e",
        "stroke": "#EC008C",
        "stroke-opacity": 1,
        "stroke-width": 4
      },
      "id": "9694"
    },
    {
      "type": "Feature",
      "geometry": {
        "type": "LineString",
        "coordinates": [
          [
            107.758233,
            -6.9461825,
            0
          ],
          [
            107.7582715,
            -6.9462591,
            0
          ],
          [
            107.7583334,
            -6.9463236,
            0
          ]
        ]
      },
      "properties": {
        "name": "Jalan Raya Cipacing",
        "styleUrl": "#9699",
        "styleHash": "-513b450a",
        "stroke": "#EC008C",
        "stroke-opacity": 1,
        "stroke-width": 4
      },
      "id": "9698"
    },
    {
      "type": "Feature",
      "geometry": {
        "type": "LineString",
        "coordinates": [
          [
            107.7583334,
            -6.9463236,
            0
          ],
          [
            107.7585779,
            -6.9465346,
            0
          ],
          [
            107.7591741,
            -6.9470535,
            0
          ],
          [
            107.7595709,
            -6.9473958,
            0
          ],
          [
            107.7600202,
            -6.947793,
            0
          ],
          [
            107.7607282,
            -6.9483898,
            0
          ],
          [
            107.7609507,
            -6.9485896,
            0
          ],
          [
            107.7611973,
            -6.9488002,
            0
          ],
          [
            107.7614413,
            -6.9490204,
            0
          ],
          [
            107.7617633,
            -6.9492982,
            0
          ],
          [
            107.762128,
            -6.949611,
            0
          ],
          [
            107.7621805,
            -6.9496545,
            0
          ],
          [
            107.762789,
            -6.9502135,
            0
          ],
          [
            107.762855,
            -6.9502679,
            0
          ],
          [
            107.7630768,
            -6.9504644,
            0
          ],
          [
            107.7633913,
            -6.9507133,
            0
          ],
          [
            107.7635315,
            -6.95081,
            0
          ],
          [
            107.7636418,
            -6.950877,
            0
          ],
          [
            107.7640121,
            -6.9510671,
            0
          ]
        ]
      },
      "properties": {
        "name": "Jalan Raya Cipacing",
        "styleUrl": "#9703",
        "styleHash": "-b6cbfb2",
        "stroke": "#EC008C",
        "stroke-opacity": 1,
        "stroke-width": 4
      },
      "id": "9702"
    },
    {
      "type": "Feature",
      "geometry": {
        "type": "LineString",
        "coordinates": [
          [
            107.7637278,
            -6.9512076,
            0
          ],
          [
            107.7636967,
            -6.9511802,
            0
          ],
          [
            107.7633764,
            -6.9508895,
            0
          ],
          [
            107.7632519,
            -6.9507762,
            0
          ],
          [
            107.7628973,
            -6.9504774,
            0
          ],
          [
            107.7627113,
            -6.9503256,
            0
          ],
          [
            107.7623174,
            -6.9499795,
            0
          ],
          [
            107.7620876,
            -6.9497659,
            0
          ],
          [
            107.7620039,
            -6.9496968,
            0
          ],
          [
            107.7617899,
            -6.9495203,
            0
          ],
          [
            107.7615197,
            -6.949285,
            0
          ],
          [
            107.761415,
            -6.949195,
            0
          ],
          [
            107.7603657,
            -6.9482848,
            0
          ],
          [
            107.7601193,
            -6.9480656,
            0
          ],
          [
            107.7598531,
            -6.9478402,
            0
          ],
          [
            107.7596439,
            -6.94767,
            0
          ],
          [
            107.7592759,
            -6.9473471,
            0
          ],
          [
            107.7589074,
            -6.9469995,
            0
          ],
          [
            107.7585289,
            -6.9466629,
            0
          ],
          [
            107.7582233,
            -6.9463751,
            0
          ],
          [
            107.7582047,
            -6.9463533,
            0
          ]
        ]
      },
      "properties": {
        "name": "Jalan Raya Cipacing",
        "styleUrl": "#9707",
        "styleHash": "40da2446",
        "stroke": "#EC008C",
        "stroke-opacity": 1,
        "stroke-width": 4
      },
      "id": "9706"
    },
    {
      "type": "Feature",
      "geometry": {
        "type": "LineString",
        "coordinates": [
          [
            107.6054387,
            -6.9480071,
            0
          ],
          [
            107.6057218,
            -6.9480258,
            0
          ],
          [
            107.6059845,
            -6.9480432,
            0
          ],
          [
            107.6061148,
            -6.9480518,
            0
          ],
          [
            107.6064402,
            -6.9480733,
            0
          ],
          [
            107.6065499,
            -6.9480806,
            0
          ],
          [
            107.6067107,
            -6.9480912,
            0
          ],
          [
            107.6070517,
            -6.9481138,
            0
          ],
          [
            107.6072587,
            -6.9481274,
            0
          ],
          [
            107.6073396,
            -6.9481328,
            0
          ],
          [
            107.6077353,
            -6.9481589,
            0
          ],
          [
            107.6080187,
            -6.9481777,
            0
          ],
          [
            107.6086542,
            -6.9482197,
            0
          ],
          [
            107.6089854,
            -6.9482416,
            0
          ]
        ]
      },
      "properties": {
        "name": "Jalan Soekarno-Hatta",
        "styleUrl": "#9711",
        "styleHash": "1d953514",
        "stroke": "#EC008C",
        "stroke-opacity": 1,
        "stroke-width": 4
      },
      "id": "9710"
    },
    {
      "type": "Feature",
      "geometry": {
        "type": "LineString",
        "coordinates": [
          [
            107.6089974,
            -6.9483475,
            0
          ],
          [
            107.6088993,
            -6.9483444,
            0
          ],
          [
            107.6087518,
            -6.9483342,
            0
          ],
          [
            107.6084452,
            -6.9483129,
            0
          ],
          [
            107.6082859,
            -6.9483019,
            0
          ],
          [
            107.6079479,
            -6.9482785,
            0
          ],
          [
            107.6076198,
            -6.9482557,
            0
          ],
          [
            107.6075247,
            -6.9482491,
            0
          ],
          [
            107.6072566,
            -6.9482306,
            0
          ],
          [
            107.6072047,
            -6.948227,
            0
          ],
          [
            107.6071349,
            -6.9482221,
            0
          ],
          [
            107.6070593,
            -6.9482169,
            0
          ],
          [
            107.6065158,
            -6.9481792,
            0
          ],
          [
            107.6063661,
            -6.9481689,
            0
          ],
          [
            107.6056908,
            -6.9481221,
            0
          ],
          [
            107.6054314,
            -6.9481041,
            0
          ]
        ]
      },
      "properties": {
        "name": "Jalan Soekarno-Hatta",
        "styleUrl": "#9715",
        "styleHash": "69dc190c",
        "stroke": "#EC008C",
        "stroke-opacity": 1,
        "stroke-width": 4
      },
      "id": "9714"
    },
    {
      "type": "Feature",
      "geometry": {
        "type": "LineString",
        "coordinates": [
          [
            107.6242877,
            -6.9636447,
            0
          ],
          [
            107.6240196,
            -6.9635519,
            0
          ]
        ]
      },
      "properties": {
        "name": "Jalan Tol Padalarang–Cileunyi",
        "styleUrl": "#9719",
        "styleHash": "7ecaeccf",
        "stroke": "#EC008C",
        "stroke-opacity": 1,
        "stroke-width": 4
      },
      "id": "9718"
    },
    {
      "type": "Feature",
      "geometry": {
        "type": "LineString",
        "coordinates": [
          [
            107.6280445,
            -6.9645778,
            0
          ],
          [
            107.62756,
            -6.9644995,
            0
          ],
          [
            107.627086,
            -6.9644104,
            0
          ],
          [
            107.6262714,
            -6.9642167,
            0
          ],
          [
            107.625309,
            -6.9639661,
            0
          ],
          [
            107.6242877,
            -6.9636447,
            0
          ]
        ]
      },
      "properties": {
        "name": "Jalan Tol Padalarang–Cileunyi",
        "styleUrl": "#9723",
        "styleHash": "-6d21f22e",
        "stroke": "#EC008C",
        "stroke-opacity": 1,
        "stroke-width": 4
      },
      "id": "9722"
    },
    {
      "type": "Feature",
      "geometry": {
        "type": "LineString",
        "coordinates": [
          [
            107.6293885,
            -6.9081299,
            0
          ],
          [
            107.6293159,
            -6.9080334,
            0
          ],
          [
            107.6292485,
            -6.9079205,
            0
          ]
        ]
      },
      "properties": {
        "name": "Jalan Lapang Supratman",
        "styleUrl": "#9727",
        "styleHash": "-20db0e36",
        "stroke": "#EC008C",
        "stroke-opacity": 1,
        "stroke-width": 4
      },
      "id": "9726"
    },
    {
      "type": "Feature",
      "geometry": {
        "type": "LineString",
        "coordinates": [
          [
            107.7500992,
            -6.9452682,
            0
          ],
          [
            107.7500094,
            -6.9452192,
            0
          ],
          [
            107.7498961,
            -6.9451275,
            0
          ],
          [
            107.7497556,
            -6.9449936,
            0
          ],
          [
            107.7496368,
            -6.9449014,
            0
          ],
          [
            107.7494931,
            -6.9448347,
            0
          ],
          [
            107.749357,
            -6.9448082,
            0
          ],
          [
            107.7492184,
            -6.9448102,
            0
          ],
          [
            107.7490775,
            -6.9448404,
            0
          ],
          [
            107.7486306,
            -6.9449883,
            0
          ],
          [
            107.748288,
            -6.9451184,
            0
          ],
          [
            107.747941,
            -6.9452446,
            0
          ],
          [
            107.747485,
            -6.9454377,
            0
          ],
          [
            107.7471611,
            -6.9454913,
            0
          ]
        ]
      },
      "properties": {
        "name": "Simpang Susun Cileunyi",
        "styleUrl": "#9731",
        "styleHash": "-441ffd68",
        "stroke": "#EC008C",
        "stroke-opacity": 1,
        "stroke-width": 4
      },
      "id": "9730"
    },
    {
      "type": "Feature",
      "geometry": {
        "type": "LineString",
        "coordinates": [
          [
            107.6115714,
            -6.9559139,
            0
          ],
          [
            107.6117244,
            -6.9558114,
            0
          ],
          [
            107.6117733,
            -6.9557675,
            0
          ],
          [
            107.6117861,
            -6.9557162,
            0
          ],
          [
            107.6117861,
            -6.955665,
            0
          ],
          [
            107.6117909,
            -6.9555998,
            0
          ]
        ]
      },
      "properties": {
        "name": "Route Segment",
        "styleUrl": "#9735",
        "styleHash": "826e690",
        "stroke": "#EC008C",
        "stroke-opacity": 1,
        "stroke-width": 4
      },
      "id": "9734"
    },
    {
      "type": "Feature",
      "geometry": {
        "type": "LineString",
        "coordinates": [
          [
            107.6116741,
            -6.9552221,
            0
          ],
          [
            107.6116137,
            -6.9550271,
            0
          ],
          [
            107.6116113,
            -6.9549027,
            0
          ]
        ]
      },
      "properties": {
        "name": "Jalan Mohammad Toha",
        "styleUrl": "#9739",
        "styleHash": "1d15ba53",
        "stroke": "#EC008C",
        "stroke-opacity": 1,
        "stroke-width": 4
      },
      "id": "9738"
    },
    {
      "type": "Feature",
      "geometry": {
        "type": "LineString",
        "coordinates": [
          [
            107.7471611,
            -6.9454913,
            0
          ],
          [
            107.7468279,
            -6.9455708,
            0
          ],
          [
            107.7465409,
            -6.9456587,
            0
          ],
          [
            107.7455018,
            -6.9461073,
            0
          ],
          [
            107.7429282,
            -6.9473374,
            0
          ],
          [
            107.7411818,
            -6.9482906,
            0
          ],
          [
            107.7301632,
            -6.9542907,
            0
          ]
        ]
      },
      "properties": {
        "name": "Jalan Tol Padalarang–Cileunyi",
        "styleUrl": "#9743",
        "styleHash": "3128db56",
        "stroke": "#EC008C",
        "stroke-opacity": 1,
        "stroke-width": 4
      },
      "id": "9742"
    },
    {
      "type": "Feature",
      "geometry": {
        "type": "LineString",
        "coordinates": [
          [
            107.7010781,
            -6.9688314,
            0
          ],
          [
            107.7008012,
            -6.9689116,
            0
          ]
        ]
      },
      "properties": {
        "name": "Jalan Tol Padalarang–Cileunyi",
        "styleUrl": "#9747",
        "styleHash": "7d6fbf4e",
        "stroke": "#EC008C",
        "stroke-opacity": 1,
        "stroke-width": 4
      },
      "id": "9746"
    },
    {
      "type": "Feature",
      "geometry": {
        "type": "LineString",
        "coordinates": [
          [
            107.7044989,
            -6.9676661,
            0
          ],
          [
            107.704084,
            -6.9678305,
            0
          ],
          [
            107.7039497,
            -6.9678837,
            0
          ],
          [
            107.7031639,
            -6.9681951,
            0
          ],
          [
            107.7022147,
            -6.9684965,
            0
          ],
          [
            107.7017514,
            -6.9686443,
            0
          ],
          [
            107.7014617,
            -6.9687265,
            0
          ],
          [
            107.7010781,
            -6.9688314,
            0
          ]
        ]
      },
      "properties": {
        "name": "Jalan Tol Padalarang–Cileunyi",
        "styleUrl": "#9751",
        "styleHash": "5a2ad01c",
        "stroke": "#EC008C",
        "stroke-opacity": 1,
        "stroke-width": 4
      },
      "id": "9750"
    },
    {
      "type": "Feature",
      "geometry": {
        "type": "LineString",
        "coordinates": [
          [
            107.6428164,
            -6.9657886,
            0
          ],
          [
            107.6419944,
            -6.9659046,
            0
          ]
        ]
      },
      "properties": {
        "name": "Jalan Tol Padalarang–Cileunyi",
        "styleUrl": "#9755",
        "styleHash": "-598e4bec",
        "stroke": "#EC008C",
        "stroke-opacity": 1,
        "stroke-width": 4
      },
      "id": "9754"
    },
    {
      "type": "Feature",
      "geometry": {
        "type": "LineString",
        "coordinates": [
          [
            107.6419944,
            -6.9659046,
            0
          ],
          [
            107.6415405,
            -6.9659546,
            0
          ],
          [
            107.6408898,
            -6.9659908,
            0
          ]
        ]
      },
      "properties": {
        "name": "Jalan Tol Padalarang–Cileunyi",
        "styleUrl": "#9759",
        "styleHash": "-449f7829",
        "stroke": "#EC008C",
        "stroke-opacity": 1,
        "stroke-width": 4
      },
      "id": "9758"
    },
    {
      "type": "Feature",
      "geometry": {
        "type": "LineString",
        "coordinates": [
          [
            107.6054387,
            -6.9480071,
            0
          ],
          [
            107.6054314,
            -6.9481041,
            0
          ]
        ]
      },
      "properties": {
        "name": "Route Segment",
        "styleUrl": "#9763",
        "styleHash": "-308c5726",
        "stroke": "#EC008C",
        "stroke-opacity": 1,
        "stroke-width": 4
      },
      "id": "9762"
    },
    {
      "type": "Feature",
      "geometry": {
        "type": "LineString",
        "coordinates": [
          [
            107.7575071,
            -6.9377895,
            0
          ],
          [
            107.7574065,
            -6.9378095,
            0
          ]
        ]
      },
      "properties": {
        "name": "Jalan Raya Jatinangor",
        "styleUrl": "#9767",
        "styleHash": "1bba8cd2",
        "stroke": "#EC008C",
        "stroke-opacity": 1,
        "stroke-width": 4
      },
      "id": "9766"
    },
    {
      "type": "Feature",
      "geometry": {
        "type": "LineString",
        "coordinates": [
          [
            107.7574065,
            -6.9378095,
            0
          ],
          [
            107.7573571,
            -6.9378162,
            0
          ],
          [
            107.7568711,
            -6.9379092,
            0
          ],
          [
            107.7567978,
            -6.9379251,
            0
          ],
          [
            107.7567478,
            -6.9379389,
            0
          ],
          [
            107.7567036,
            -6.9379558,
            0
          ],
          [
            107.7566654,
            -6.9379791,
            0
          ],
          [
            107.7566331,
            -6.9380136,
            0
          ],
          [
            107.7566158,
            -6.9380459,
            0
          ],
          [
            107.7566057,
            -6.9380795,
            0
          ],
          [
            107.7565995,
            -6.9381205,
            0
          ],
          [
            107.7565975,
            -6.938162,
            0
          ],
          [
            107.7565987,
            -6.9382136,
            0
          ],
          [
            107.756603,
            -6.938276,
            0
          ]
        ]
      },
      "properties": {
        "name": "Jalan Raya Jatinangor",
        "styleUrl": "#9771",
        "styleHash": "-78a6260",
        "stroke": "#EC008C",
        "stroke-opacity": 1,
        "stroke-width": 4
      },
      "id": "9770"
    },
    {
      "type": "Feature",
      "geometry": {
        "type": "LineString",
        "coordinates": [
          [
            107.6337961,
            -6.9137089,
            0
          ],
          [
            107.6338613,
            -6.9136753,
            0
          ],
          [
            107.6341374,
            -6.9135266,
            0
          ],
          [
            107.6341769,
            -6.9135072,
            0
          ],
          [
            107.6342643,
            -6.9134642,
            0
          ]
        ]
      },
      "properties": {
        "name": "Jalan Jenderal Ahmad Yani",
        "styleUrl": "#9775",
        "styleHash": "44bc8198",
        "stroke": "#EC008C",
        "stroke-opacity": 1,
        "stroke-width": 4
      },
      "id": "9774"
    },
    {
      "type": "Feature",
      "geometry": {
        "type": "LineString",
        "coordinates": [
          [
            107.6235951,
            -6.9361186,
            0
          ],
          [
            107.6238655,
            -6.9358391,
            0
          ],
          [
            107.624189,
            -6.935517,
            0
          ],
          [
            107.6247775,
            -6.9349311,
            0
          ]
        ]
      },
      "properties": {
        "name": "Jalan Pelajar Pejuang 45",
        "styleUrl": "#9779",
        "styleHash": "59ab555b",
        "stroke": "#EC008C",
        "stroke-opacity": 1,
        "stroke-width": 4
      },
      "id": "9778"
    },
    {
      "type": "Feature",
      "geometry": {
        "type": "LineString",
        "coordinates": [
          [
            107.619423,
            -6.9012693,
            0
          ],
          [
            107.6193022,
            -6.9012716,
            0
          ]
        ]
      },
      "properties": {
        "name": "Jalan Diponegoro",
        "styleUrl": "#9783",
        "styleHash": "6dbe765e",
        "stroke": "#EC008C",
        "stroke-opacity": 1,
        "stroke-width": 4
      },
      "id": "9782"
    },
    {
      "type": "Feature",
      "geometry": {
        "type": "LineString",
        "coordinates": [
          [
            107.609996,
            -6.9500355,
            0
          ],
          [
            107.6098084,
            -6.9494703,
            0
          ],
          [
            107.6097027,
            -6.9491518,
            0
          ],
          [
            107.6096343,
            -6.9489457,
            0
          ],
          [
            107.6095822,
            -6.9487887,
            0
          ],
          [
            107.6095322,
            -6.9486416,
            0
          ]
        ]
      },
      "properties": {
        "name": "Jalan Mohammad Toha",
        "styleUrl": "#9787",
        "styleHash": "-45faa5aa",
        "stroke": "#EC008C",
        "stroke-opacity": 1,
        "stroke-width": 4
      },
      "id": "9786"
    },
    {
      "type": "Feature",
      "geometry": {
        "type": "LineString",
        "coordinates": [
          [
            107.6307188,
            -6.9173125,
            0
          ],
          [
            107.6306282,
            -6.9171247,
            0
          ],
          [
            107.6301434,
            -6.916119,
            0
          ],
          [
            107.6300893,
            -6.9160089,
            0
          ]
        ]
      },
      "properties": {
        "name": "Jalan Laswi",
        "styleUrl": "#9791",
        "styleHash": "-693f94dc",
        "stroke": "#EC008C",
        "stroke-opacity": 1,
        "stroke-width": 4
      },
      "id": "9790"
    },
    {
      "type": "Feature",
      "geometry": {
        "type": "LineString",
        "coordinates": [
          [
            107.6342643,
            -6.9134642,
            0
          ],
          [
            107.6342317,
            -6.9134058,
            0
          ],
          [
            107.6342213,
            -6.9133894,
            0
          ],
          [
            107.6340747,
            -6.9131002,
            0
          ],
          [
            107.6339654,
            -6.9129263,
            0
          ],
          [
            107.6337922,
            -6.9126506,
            0
          ],
          [
            107.6333884,
            -6.9120248,
            0
          ],
          [
            107.6331914,
            -6.9117162,
            0
          ]
        ]
      },
      "properties": {
        "name": "Jalan Supratman",
        "styleUrl": "#9795",
        "styleHash": "-1cf8b0e4",
        "stroke": "#EC008C",
        "stroke-opacity": 1,
        "stroke-width": 4
      },
      "id": "9794"
    },
    {
      "type": "Feature",
      "geometry": {
        "type": "LineString",
        "coordinates": [
          [
            107.7523857,
            -6.9424652,
            0
          ],
          [
            107.7520362,
            -6.9424513,
            0
          ],
          [
            107.7518455,
            -6.942422,
            0
          ],
          [
            107.7517155,
            -6.942411,
            0
          ],
          [
            107.7514881,
            -6.9424048,
            0
          ],
          [
            107.7513524,
            -6.9424168,
            0
          ],
          [
            107.7512268,
            -6.9424413,
            0
          ],
          [
            107.7511186,
            -6.9424877,
            0
          ],
          [
            107.7510195,
            -6.9425562,
            0
          ],
          [
            107.7509393,
            -6.9426483,
            0
          ],
          [
            107.7508813,
            -6.9427623,
            0
          ],
          [
            107.7508503,
            -6.9428895,
            0
          ],
          [
            107.7508345,
            -6.943054,
            0
          ],
          [
            107.750882,
            -6.9447748,
            0
          ],
          [
            107.7508674,
            -6.9449095,
            0
          ],
          [
            107.7508328,
            -6.9450136,
            0
          ],
          [
            107.750771,
            -6.9451242,
            0
          ],
          [
            107.7506763,
            -6.9452139,
            0
          ],
          [
            107.7505821,
            -6.94528,
            0
          ],
          [
            107.7504733,
            -6.9453171,
            0
          ],
          [
            107.7503551,
            -6.9453332,
            0
          ],
          [
            107.7502309,
            -6.9453171,
            0
          ],
          [
            107.7500992,
            -6.9452682,
            0
          ]
        ]
      },
      "properties": {
        "name": "Simpang Susun Cileunyi",
        "styleUrl": "#9799",
        "styleHash": "444c2c74",
        "stroke": "#EC008C",
        "stroke-opacity": 1,
        "stroke-width": 4
      },
      "id": "9798"
    },
    {
      "type": "Feature",
      "geometry": {
        "type": "LineString",
        "coordinates": [
          [
            107.7543319,
            -6.9418661,
            0
          ],
          [
            107.7534411,
            -6.9423494,
            0
          ],
          [
            107.7533226,
            -6.9423916,
            0
          ],
          [
            107.7532112,
            -6.9424223,
            0
          ],
          [
            107.7530812,
            -6.9424506,
            0
          ],
          [
            107.7529644,
            -6.9424698,
            0
          ],
          [
            107.7528366,
            -6.9424805,
            0
          ],
          [
            107.7527053,
            -6.9424866,
            0
          ]
        ]
      },
      "properties": {
        "name": "Simpang Susun Cileunyi",
        "styleUrl": "#9803",
        "styleHash": "-75e54e34",
        "stroke": "#EC008C",
        "stroke-opacity": 1,
        "stroke-width": 4
      },
      "id": "9802"
    },
    {
      "type": "Feature",
      "geometry": {
        "type": "LineString",
        "coordinates": [
          [
            107.7555798,
            -6.9424232,
            0
          ],
          [
            107.7554332,
            -6.9423347,
            0
          ],
          [
            107.755305,
            -6.9422443,
            0
          ],
          [
            107.7551938,
            -6.9421473,
            0
          ],
          [
            107.7550629,
            -6.9420135,
            0
          ],
          [
            107.7550013,
            -6.9419538,
            0
          ],
          [
            107.7549382,
            -6.9419031,
            0
          ],
          [
            107.7548763,
            -6.9418632,
            0
          ],
          [
            107.754807,
            -6.9418299,
            0
          ],
          [
            107.7547455,
            -6.9418091,
            0
          ],
          [
            107.7546836,
            -6.9417945,
            0
          ],
          [
            107.754619,
            -6.9417874,
            0
          ],
          [
            107.7545589,
            -6.9417887,
            0
          ],
          [
            107.7545059,
            -6.9417965,
            0
          ],
          [
            107.7544475,
            -6.941813,
            0
          ],
          [
            107.7543986,
            -6.9418331,
            0
          ],
          [
            107.7543319,
            -6.9418661,
            0
          ]
        ]
      },
      "properties": {
        "name": "Simpang Susun Cileunyi",
        "styleUrl": "#9807",
        "styleHash": "-299e6a3c",
        "stroke": "#EC008C",
        "stroke-opacity": 1,
        "stroke-width": 4
      },
      "id": "9806"
    },
    {
      "type": "Feature",
      "geometry": {
        "type": "LineString",
        "coordinates": [
          [
            107.6252259,
            -6.9011282,
            0
          ],
          [
            107.624963,
            -6.9011352,
            0
          ]
        ]
      },
      "properties": {
        "name": "Jalan Diponegoro",
        "styleUrl": "#9811",
        "styleHash": "-4ce3596e",
        "stroke": "#EC008C",
        "stroke-opacity": 1,
        "stroke-width": 4
      },
      "id": "9810"
    },
    {
      "type": "Feature",
      "geometry": {
        "type": "LineString",
        "coordinates": [
          [
            107.6127538,
            -6.9377388,
            0
          ],
          [
            107.6127959,
            -6.9377381,
            0
          ]
        ]
      },
      "properties": {
        "name": "Jalan BKR",
        "styleUrl": "#9815",
        "styleHash": "-9c7576",
        "stroke": "#EC008C",
        "stroke-opacity": 1,
        "stroke-width": 4
      },
      "id": "9814"
    },
    {
      "type": "Feature",
      "geometry": {
        "type": "LineString",
        "coordinates": [
          [
            107.6090705,
            -6.9376195,
            0
          ],
          [
            107.6091826,
            -6.9376215,
            0
          ],
          [
            107.6092886,
            -6.9376285,
            0
          ],
          [
            107.6096639,
            -6.9376389,
            0
          ]
        ]
      },
      "properties": {
        "name": "Jalan BKR",
        "styleUrl": "#9819",
        "styleHash": "14525e4d",
        "stroke": "#EC008C",
        "stroke-opacity": 1,
        "stroke-width": 4
      },
      "id": "9818"
    },
    {
      "type": "Feature",
      "geometry": {
        "type": "LineString",
        "coordinates": [
          [
            107.6272531,
            -6.9263701,
            0
          ],
          [
            107.6272658,
            -6.9263152,
            0
          ]
        ]
      },
      "properties": {
        "name": "Jalan Layang Laswi - Pelajar Pejuang 45",
        "styleUrl": "#9823",
        "styleHash": "28657f50",
        "stroke": "#EC008C",
        "stroke-opacity": 1,
        "stroke-width": 4
      },
      "id": "9822"
    },
    {
      "type": "Feature",
      "geometry": {
        "type": "LineString",
        "coordinates": [
          [
            107.6271494,
            -6.9265942,
            0
          ],
          [
            107.6272531,
            -6.9263701,
            0
          ]
        ]
      },
      "properties": {
        "name": "Jalan Layang Laswi - Pelajar Pejuang 45",
        "styleUrl": "#9827",
        "styleHash": "74ac6348",
        "stroke": "#EC008C",
        "stroke-opacity": 1,
        "stroke-width": 4
      },
      "id": "9826"
    },
    {
      "type": "Feature",
      "geometry": {
        "type": "LineString",
        "coordinates": [
          [
            107.6292485,
            -6.9079205,
            0
          ],
          [
            107.62923,
            -6.9078642,
            0
          ],
          [
            107.6292272,
            -6.9077795,
            0
          ],
          [
            107.6292391,
            -6.9077178,
            0
          ],
          [
            107.6292929,
            -6.9076039,
            0
          ],
          [
            107.6293847,
            -6.9074925,
            0
          ],
          [
            107.629504,
            -6.9073986,
            0
          ],
          [
            107.6296151,
            -6.9073236,
            0
          ],
          [
            107.6297079,
            -6.907261,
            0
          ],
          [
            107.6297865,
            -6.907208,
            0
          ],
          [
            107.6301128,
            -6.9069879,
            0
          ]
        ]
      },
      "properties": {
        "name": "Jalan Lapang Supratman",
        "styleUrl": "#9831",
        "styleHash": "51677416",
        "stroke": "#EC008C",
        "stroke-opacity": 1,
        "stroke-width": 4
      },
      "id": "9830"
    },
    {
      "type": "Feature",
      "geometry": {
        "type": "LineString",
        "coordinates": [
          [
            107.6061721,
            -6.9375296,
            0
          ],
          [
            107.6062346,
            -6.9375336,
            0
          ]
        ]
      },
      "properties": {
        "name": "Jalan BKR",
        "styleUrl": "#9835",
        "styleHash": "-6251a7f2",
        "stroke": "#EC008C",
        "stroke-opacity": 1,
        "stroke-width": 4
      },
      "id": "9834"
    },
    {
      "type": "Feature",
      "geometry": {
        "type": "LineString",
        "coordinates": [
          [
            107.6155865,
            -6.8969383,
            0
          ],
          [
            107.616019,
            -6.8975661,
            0
          ]
        ]
      },
      "properties": {
        "name": "Jalan Penata Yudha",
        "styleUrl": "#9839",
        "styleHash": "-4d62d42f",
        "stroke": "#EC008C",
        "stroke-opacity": 1,
        "stroke-width": 4
      },
      "id": "9838"
    },
    {
      "type": "Feature",
      "geometry": {
        "type": "LineString",
        "coordinates": [
          [
            107.7581185,
            -6.9462528,
            0
          ],
          [
            107.7581077,
            -6.9462396,
            0
          ],
          [
            107.7580567,
            -6.9461015,
            0
          ],
          [
            107.7579739,
            -6.9456688,
            0
          ],
          [
            107.7579108,
            -6.9452473,
            0
          ],
          [
            107.7579039,
            -6.9452065,
            0
          ],
          [
            107.7578799,
            -6.9450636,
            0
          ],
          [
            107.7578368,
            -6.9448985,
            0
          ],
          [
            107.7577769,
            -6.9447825,
            0
          ],
          [
            107.7576954,
            -6.9446728,
            0
          ],
          [
            107.7573574,
            -6.9442745,
            0
          ],
          [
            107.7573021,
            -6.9442165,
            0
          ],
          [
            107.7569266,
            -6.943836,
            0
          ],
          [
            107.7566293,
            -6.9435347,
            0
          ],
          [
            107.7564104,
            -6.943302,
            0
          ],
          [
            107.7558672,
            -6.9427223,
            0
          ],
          [
            107.7557736,
            -6.9426257,
            0
          ],
          [
            107.7556415,
            -6.9424863,
            0
          ],
          [
            107.7555798,
            -6.9424232,
            0
          ]
        ]
      },
      "properties": {
        "name": "Jalan Raya Cipacing",
        "styleUrl": "#9843",
        "styleHash": "-394fb32c",
        "stroke": "#EC008C",
        "stroke-opacity": 1,
        "stroke-width": 4
      },
      "id": "9842"
    },
    {
      "type": "Feature",
      "geometry": {
        "type": "LineString",
        "coordinates": [
          [
            107.6130507,
            -6.8990822,
            0
          ],
          [
            107.6129909,
            -6.8990718,
            0
          ],
          [
            107.6129463,
            -6.8990311,
            0
          ],
          [
            107.6129308,
            -6.8989728,
            0
          ],
          [
            107.6129495,
            -6.8989155,
            0
          ],
          [
            107.6129964,
            -6.8988773,
            0
          ],
          [
            107.6130675,
            -6.8988411,
            0
          ]
        ]
      },
      "properties": {
        "name": "Route Segment",
        "styleUrl": "#9847",
        "styleHash": "12f730cc",
        "stroke": "#EC008C",
        "stroke-opacity": 1,
        "stroke-width": 4
      },
      "id": "9846"
    },
    {
      "type": "Feature",
      "geometry": {
        "type": "LineString",
        "coordinates": [
          [
            107.7638858,
            -6.9513467,
            0
          ],
          [
            107.7637278,
            -6.9512076,
            0
          ]
        ]
      },
      "properties": {
        "name": "Jalan Raya Cipacing",
        "styleUrl": "#9851",
        "styleHash": "-104dbe66",
        "stroke": "#EC008C",
        "stroke-opacity": 1,
        "stroke-width": 4
      },
      "id": "9850"
    },
    {
      "type": "Feature",
      "geometry": {
        "type": "LineString",
        "coordinates": [
          [
            107.6062346,
            -6.9375336,
            0
          ],
          [
            107.606317,
            -6.9375353,
            0
          ],
          [
            107.606583,
            -6.9375409,
            0
          ]
        ]
      },
      "properties": {
        "name": "Jalan BKR",
        "styleUrl": "#9855",
        "styleHash": "3bf92592",
        "stroke": "#EC008C",
        "stroke-opacity": 1,
        "stroke-width": 4
      },
      "id": "9854"
    },
    {
      "type": "Feature",
      "geometry": {
        "type": "LineString",
        "coordinates": [
          [
            107.6193024,
            -6.9011929,
            0
          ],
          [
            107.6192996,
            -6.9010729,
            0
          ],
          [
            107.6192733,
            -6.8999367,
            0
          ]
        ]
      },
      "properties": {
        "name": "Jalan Sentot Alibasyah",
        "styleUrl": "#9859",
        "styleHash": "50e7f955",
        "stroke": "#EC008C",
        "stroke-opacity": 1,
        "stroke-width": 4
      },
      "id": "9858"
    },
    {
      "type": "Feature",
      "geometry": {
        "type": "LineString",
        "coordinates": [
          [
            107.6333413,
            -6.9139888,
            0
          ],
          [
            107.633406,
            -6.9139222,
            0
          ],
          [
            107.6337961,
            -6.9137089,
            0
          ]
        ]
      },
      "properties": {
        "name": "Jalan Jenderal Ahmad Yani",
        "styleUrl": "#9863",
        "styleHash": "64fb1a58",
        "stroke": "#EC008C",
        "stroke-opacity": 1,
        "stroke-width": 4
      },
      "id": "9862"
    },
    {
      "type": "Feature",
      "geometry": {
        "type": "LineString",
        "coordinates": [
          [
            107.628628,
            -6.9230919,
            0
          ],
          [
            107.6286681,
            -6.9230526,
            0
          ]
        ]
      },
      "properties": {
        "name": "Jalan Layang Laswi - Pelajar Pejuang 45",
        "styleUrl": "#9867",
        "styleHash": "-4ebe01b0",
        "stroke": "#EC008C",
        "stroke-opacity": 1,
        "stroke-width": 4
      },
      "id": "9866"
    },
    {
      "type": "Feature",
      "geometry": {
        "type": "LineString",
        "coordinates": [
          [
            107.6286681,
            -6.9230526,
            0
          ],
          [
            107.6287879,
            -6.9228995,
            0
          ]
        ]
      },
      "properties": {
        "name": "Jalan Layang Laswi - Pelajar Pejuang 45",
        "styleUrl": "#9871",
        "styleHash": "-7202f0e2",
        "stroke": "#EC008C",
        "stroke-opacity": 1,
        "stroke-width": 4
      },
      "id": "9870"
    },
    {
      "type": "Feature",
      "geometry": {
        "type": "LineString",
        "coordinates": [
          [
            107.6287879,
            -6.9228995,
            0
          ],
          [
            107.6289502,
            -6.9228256,
            0
          ],
          [
            107.6291891,
            -6.9227221,
            0
          ]
        ]
      },
      "properties": {
        "name": "Jalan Laswi",
        "styleUrl": "#9875",
        "styleHash": "-25bc0cea",
        "stroke": "#EC008C",
        "stroke-opacity": 1,
        "stroke-width": 4
      },
      "id": "9874"
    },
    {
      "type": "Feature",
      "geometry": {
        "type": "LineString",
        "coordinates": [
          [
            107.6291891,
            -6.9227221,
            0
          ],
          [
            107.6294683,
            -6.9225803,
            0
          ],
          [
            107.6301346,
            -6.9222498,
            0
          ],
          [
            107.630294,
            -6.9221533,
            0
          ],
          [
            107.6303825,
            -6.9220654,
            0
          ],
          [
            107.630435,
            -6.9219796,
            0
          ],
          [
            107.6304684,
            -6.9219055,
            0
          ]
        ]
      },
      "properties": {
        "name": "Jalan Laswi",
        "styleUrl": "#9879",
        "styleHash": "-10cd3927",
        "stroke": "#EC008C",
        "stroke-opacity": 1,
        "stroke-width": 4
      },
      "id": "9878"
    },
    {
      "type": "Feature",
      "geometry": {
        "type": "LineString",
        "coordinates": [
          [
            107.6408898,
            -6.9659908,
            0
          ],
          [
            107.6397305,
            -6.9659882,
            0
          ],
          [
            107.6383527,
            -6.9658664,
            0
          ]
        ]
      },
      "properties": {
        "name": "Jalan Tol Padalarang–Cileunyi",
        "styleUrl": "#9883",
        "styleHash": "345e7dc",
        "stroke": "#EC008C",
        "stroke-opacity": 1,
        "stroke-width": 4
      },
      "id": "9882"
    },
    {
      "type": "Feature",
      "geometry": {
        "type": "LineString",
        "coordinates": [
          [
            107.6253459,
            -6.9011252,
            0
          ],
          [
            107.6252259,
            -6.9011282,
            0
          ]
        ]
      },
      "properties": {
        "name": "Jalan Diponegoro",
        "styleUrl": "#9887",
        "styleHash": "4f8ccbd4",
        "stroke": "#EC008C",
        "stroke-opacity": 1,
        "stroke-width": 4
      },
      "id": "9886"
    },
    {
      "type": "Feature",
      "geometry": {
        "type": "LineString",
        "coordinates": [
          [
            107.6269614,
            -6.9273361,
            0
          ],
          [
            107.6271494,
            -6.9265942,
            0
          ]
        ]
      },
      "properties": {
        "name": "Jalan Pelajar Pejuang 45",
        "styleUrl": "#9891",
        "styleHash": "2c47dca2",
        "stroke": "#EC008C",
        "stroke-opacity": 1,
        "stroke-width": 4
      },
      "id": "9890"
    },
    {
      "type": "Feature",
      "geometry": {
        "type": "LineString",
        "coordinates": [
          [
            107.6247775,
            -6.9349311,
            0
          ],
          [
            107.6249855,
            -6.9346776,
            0
          ],
          [
            107.6250422,
            -6.9346084,
            0
          ],
          [
            107.6251837,
            -6.9343381,
            0
          ],
          [
            107.6251981,
            -6.9343038,
            0
          ],
          [
            107.6252675,
            -6.9340965,
            0
          ],
          [
            107.6254318,
            -6.9335047,
            0
          ]
        ]
      },
      "properties": {
        "name": "Jalan Pelajar Pejuang 45",
        "styleUrl": "#9895",
        "styleHash": "788ec09a",
        "stroke": "#EC008C",
        "stroke-opacity": 1,
        "stroke-width": 4
      },
      "id": "9894"
    },
    {
      "type": "Feature",
      "geometry": {
        "type": "LineString",
        "coordinates": [
          [
            107.6204439,
            -6.9379553,
            0
          ],
          [
            107.6207808,
            -6.9378586,
            0
          ],
          [
            107.621238,
            -6.9376849,
            0
          ]
        ]
      },
      "properties": {
        "name": "Jalan BKR",
        "styleUrl": "#9899",
        "styleHash": "-262c620e",
        "stroke": "#EC008C",
        "stroke-opacity": 1,
        "stroke-width": 4
      },
      "id": "9898"
    },
    {
      "type": "Feature",
      "geometry": {
        "type": "LineString",
        "coordinates": [
          [
            107.7736865,
            -6.9323028,
            0
          ],
          [
            107.7737627,
            -6.932276,
            0
          ],
          [
            107.7739612,
            -6.9322015,
            0
          ],
          [
            107.7740267,
            -6.9321698,
            0
          ],
          [
            107.7740604,
            -6.9321535,
            0
          ],
          [
            107.7740841,
            -6.9321439,
            0
          ],
          [
            107.7742053,
            -6.932095,
            0
          ],
          [
            107.7743045,
            -6.932055,
            0
          ],
          [
            107.7744198,
            -6.9320098,
            0
          ],
          [
            107.7745137,
            -6.9319725,
            0
          ],
          [
            107.7746782,
            -6.9319146,
            0
          ],
          [
            107.7748892,
            -6.9318473,
            0
          ],
          [
            107.7751265,
            -6.9317665,
            0
          ],
          [
            107.7754197,
            -6.9316973,
            0
          ],
          [
            107.7755193,
            -6.9316825,
            0
          ],
          [
            107.7758563,
            -6.9316463,
            0
          ]
        ]
      },
      "properties": {
        "name": "Jalan Raya Jatinangor",
        "styleUrl": "#9903",
        "styleHash": "1fa2234a",
        "stroke": "#EC008C",
        "stroke-opacity": 1,
        "stroke-width": 4
      },
      "id": "9902"
    },
    {
      "type": "Feature",
      "geometry": {
        "type": "LineString",
        "coordinates": [
          [
            107.7733968,
            -6.9322999,
            0
          ],
          [
            107.7734148,
            -6.9323015,
            0
          ],
          [
            107.7735397,
            -6.9323108,
            0
          ],
          [
            107.7736167,
            -6.9323062,
            0
          ],
          [
            107.7736865,
            -6.9323028,
            0
          ]
        ]
      },
      "properties": {
        "name": "Pangkalan DAMRI Jatinangor",
        "styleUrl": "#9907",
        "styleHash": "6be90742",
        "stroke": "#EC008C",
        "stroke-opacity": 1,
        "stroke-width": 4
      },
      "id": "9906"
    },
    {
      "type": "Feature",
      "geometry": {
        "type": "LineString",
        "coordinates": [
          [
            107.6376421,
            -6.9657635,
            0
          ],
          [
            107.6327136,
            -6.9651719,
            0
          ],
          [
            107.6280445,
            -6.9645778,
            0
          ]
        ]
      },
      "properties": {
        "name": "Jalan Tol Padalarang–Cileunyi",
        "styleUrl": "#9911",
        "styleHash": "48a41810",
        "stroke": "#EC008C",
        "stroke-opacity": 1,
        "stroke-width": 4
      },
      "id": "9910"
    },
    {
      "type": "Feature",
      "geometry": {
        "type": "LineString",
        "coordinates": [
          [
            107.6300393,
            -6.9157014,
            0
          ],
          [
            107.630088,
            -6.9156756,
            0
          ],
          [
            107.6303085,
            -6.9155587,
            0
          ]
        ]
      },
      "properties": {
        "name": "Jalan Jenderal Ahmad Yani",
        "styleUrl": "#9915",
        "styleHash": "-6b1503f8",
        "stroke": "#EC008C",
        "stroke-opacity": 1,
        "stroke-width": 4
      },
      "id": "9914"
    },
    {
      "type": "Feature",
      "geometry": {
        "type": "LineString",
        "coordinates": [
          [
            107.6299922,
            -6.9158161,
            0
          ],
          [
            107.6299627,
            -6.9157488,
            0
          ]
        ]
      },
      "properties": {
        "name": "Jalan Laswi",
        "styleUrl": "#9919",
        "styleHash": "-56263035",
        "stroke": "#EC008C",
        "stroke-opacity": 1,
        "stroke-width": 4
      },
      "id": "9918"
    },
    {
      "type": "Feature",
      "geometry": {
        "type": "LineString",
        "coordinates": [
          [
            107.6256715,
            -6.9325087,
            0
          ],
          [
            107.6256947,
            -6.9324168,
            0
          ]
        ]
      },
      "properties": {
        "name": "Jalan Pelajar Pejuang 45",
        "styleUrl": "#9923",
        "styleHash": "-42130f32",
        "stroke": "#EC008C",
        "stroke-opacity": 1,
        "stroke-width": 4
      },
      "id": "9922"
    },
    {
      "type": "Feature",
      "geometry": {
        "type": "LineString",
        "coordinates": [
          [
            107.756603,
            -6.938276,
            0
          ],
          [
            107.7566936,
            -6.9387104,
            0
          ],
          [
            107.7567119,
            -6.9387919,
            0
          ],
          [
            107.7567382,
            -6.9389134,
            0
          ]
        ]
      },
      "properties": {
        "name": "Jalan Sindangsari",
        "styleUrl": "#9927",
        "styleHash": "a33d4c6",
        "stroke": "#EC008C",
        "stroke-opacity": 1,
        "stroke-width": 4
      },
      "id": "9926"
    },
    {
      "type": "Feature",
      "geometry": {
        "type": "LineString",
        "coordinates": [
          [
            107.7556492,
            -6.9414928,
            0
          ],
          [
            107.7555845,
            -6.9415429,
            0
          ],
          [
            107.7555449,
            -6.9415828,
            0
          ],
          [
            107.7555149,
            -6.9416223,
            0
          ],
          [
            107.7554901,
            -6.9416719,
            0
          ],
          [
            107.755476,
            -6.9417148,
            0
          ],
          [
            107.7554689,
            -6.9417623,
            0
          ],
          [
            107.7554694,
            -6.9418209,
            0
          ],
          [
            107.7554753,
            -6.9418728,
            0
          ],
          [
            107.7554896,
            -6.9419234,
            0
          ],
          [
            107.7555143,
            -6.9419798,
            0
          ]
        ]
      },
      "properties": {
        "name": "Route Segment",
        "styleUrl": "#9931",
        "styleHash": "-19111a6c",
        "stroke": "#EC008C",
        "stroke-opacity": 1,
        "stroke-width": 4
      },
      "id": "9930"
    },
    {
      "type": "Feature",
      "geometry": {
        "type": "LineString",
        "coordinates": [
          [
            107.6272658,
            -6.9263152,
            0
          ],
          [
            107.6276211,
            -6.9249504,
            0
          ],
          [
            107.6278169,
            -6.9242262,
            0
          ],
          [
            107.6279175,
            -6.923876,
            0
          ],
          [
            107.6280744,
            -6.9236071,
            0
          ],
          [
            107.628234,
            -6.9234154,
            0
          ],
          [
            107.6285505,
            -6.9231465,
            0
          ],
          [
            107.628628,
            -6.9230919,
            0
          ]
        ]
      },
      "properties": {
        "name": "Jalan Layang Laswi - Pelajar Pejuang 45",
        "styleUrl": "#9935",
        "styleHash": "3335c98c",
        "stroke": "#EC008C",
        "stroke-opacity": 1,
        "stroke-width": 4
      },
      "id": "9934"
    },
    {
      "type": "Feature",
      "geometry": {
        "type": "LineString",
        "coordinates": [
          [
            107.6226877,
            -6.9369246,
            0
          ],
          [
            107.6227233,
            -6.9368982,
            0
          ]
        ]
      },
      "properties": {
        "name": "Jalan Pelajar Pejuang 45",
        "styleUrl": "#9939",
        "styleHash": "48249d4f",
        "stroke": "#EC008C",
        "stroke-opacity": 1,
        "stroke-width": 4
      },
      "id": "9938"
    },
    {
      "type": "Feature",
      "geometry": {
        "type": "LineString",
        "coordinates": [
          [
            107.630993,
            -6.9199735,
            0
          ],
          [
            107.63104,
            -6.9197942,
            0
          ],
          [
            107.6313406,
            -6.9186978,
            0
          ]
        ]
      },
      "properties": {
        "name": "Jalan Laswi",
        "styleUrl": "#9943",
        "styleHash": "5c37be52",
        "stroke": "#EC008C",
        "stroke-opacity": 1,
        "stroke-width": 4
      },
      "id": "9942"
    },
    {
      "type": "Feature",
      "geometry": {
        "type": "LineString",
        "coordinates": [
          [
            107.6084176,
            -6.9375995,
            0
          ],
          [
            107.6084753,
            -6.9376013,
            0
          ],
          [
            107.6087624,
            -6.9376105,
            0
          ],
          [
            107.6089484,
            -6.9376165,
            0
          ],
          [
            107.6089838,
            -6.9376176,
            0
          ],
          [
            107.6090705,
            -6.9376195,
            0
          ]
        ]
      },
      "properties": {
        "name": "Jalan BKR",
        "styleUrl": "#9947",
        "styleHash": "-57815db6",
        "stroke": "#EC008C",
        "stroke-opacity": 1,
        "stroke-width": 4
      },
      "id": "9946"
    },
    {
      "type": "Feature",
      "geometry": {
        "type": "LineString",
        "coordinates": [
          [
            107.6113683,
            -6.9376957,
            0
          ],
          [
            107.612618,
            -6.9377348,
            0
          ],
          [
            107.6126817,
            -6.9377368,
            0
          ],
          [
            107.6127538,
            -6.9377388,
            0
          ]
        ]
      },
      "properties": {
        "name": "Jalan BKR",
        "styleUrl": "#9951",
        "styleHash": "-7ac64ce8",
        "stroke": "#EC008C",
        "stroke-opacity": 1,
        "stroke-width": 4
      },
      "id": "9950"
    },
    {
      "type": "Feature",
      "geometry": {
        "type": "LineString",
        "coordinates": [
          [
            107.6076477,
            -6.9431556,
            0
          ],
          [
            107.6075689,
            -6.9429228,
            0
          ],
          [
            107.6074989,
            -6.9427159,
            0
          ],
          [
            107.6074151,
            -6.942468,
            0
          ],
          [
            107.6074044,
            -6.9424365,
            0
          ],
          [
            107.6073267,
            -6.9422067,
            0
          ],
          [
            107.6072871,
            -6.9420857,
            0
          ],
          [
            107.6072103,
            -6.9418515,
            0
          ],
          [
            107.6071736,
            -6.9417393,
            0
          ],
          [
            107.606932,
            -6.9410019,
            0
          ],
          [
            107.6068982,
            -6.9408986,
            0
          ],
          [
            107.6067904,
            -6.9405695,
            0
          ],
          [
            107.6067424,
            -6.9404231,
            0
          ],
          [
            107.6066617,
            -6.9401765,
            0
          ],
          [
            107.6066129,
            -6.9400276,
            0
          ],
          [
            107.6065833,
            -6.9399373,
            0
          ],
          [
            107.6065081,
            -6.9397106,
            0
          ],
          [
            107.6064373,
            -6.939497,
            0
          ],
          [
            107.6063207,
            -6.9391297,
            0
          ],
          [
            107.6063015,
            -6.9390693,
            0
          ],
          [
            107.6062885,
            -6.939027,
            0
          ],
          [
            107.6062755,
            -6.9389847,
            0
          ],
          [
            107.6062595,
            -6.9389365,
            0
          ],
          [
            107.6062399,
            -6.9388618,
            0
          ],
          [
            107.6062007,
            -6.9387072,
            0
          ],
          [
            107.6061889,
            -6.9386548,
            0
          ],
          [
            107.6061828,
            -6.9385203,
            0
          ],
          [
            107.6061749,
            -6.938344,
            0
          ]
        ]
      },
      "properties": {
        "name": "Jalan Mohammad Toha",
        "styleUrl": "#9955",
        "styleHash": "-2e7f68f0",
        "stroke": "#EC008C",
        "stroke-opacity": 1,
        "stroke-width": 4
      },
      "id": "9954"
    },
    {
      "type": "Feature",
      "geometry": {
        "type": "LineString",
        "coordinates": [
          [
            107.6263851,
            -6.9296738,
            0
          ],
          [
            107.626402,
            -6.9296074,
            0
          ],
          [
            107.6264104,
            -6.9295742,
            0
          ],
          [
            107.6264188,
            -6.929541,
            0
          ],
          [
            107.6264291,
            -6.9295004,
            0
          ]
        ]
      },
      "properties": {
        "name": "Jalan Pelajar Pejuang 45",
        "styleUrl": "#9959",
        "styleHash": "-1990952d",
        "stroke": "#EC008C",
        "stroke-opacity": 1,
        "stroke-width": 4
      },
      "id": "9958"
    },
    {
      "type": "Feature",
      "geometry": {
        "type": "LineString",
        "coordinates": [
          [
            107.6161352,
            -6.898308,
            0
          ],
          [
            107.6160286,
            -6.8989397,
            0
          ]
        ]
      },
      "properties": {
        "name": "Jalan Penata Yudha",
        "styleUrl": "#9963",
        "styleHash": "-57d742a",
        "stroke": "#EC008C",
        "stroke-opacity": 1,
        "stroke-width": 4
      },
      "id": "9962"
    },
    {
      "type": "Feature",
      "geometry": {
        "type": "LineString",
        "coordinates": [
          [
            107.6313406,
            -6.9186978,
            0
          ],
          [
            107.6313458,
            -6.9186198,
            0
          ]
        ]
      },
      "properties": {
        "name": "Jalan Laswi",
        "styleUrl": "#9967",
        "styleHash": "46c96fce",
        "stroke": "#EC008C",
        "stroke-opacity": 1,
        "stroke-width": 4
      },
      "id": "9966"
    },
    {
      "type": "Feature",
      "geometry": {
        "type": "LineString",
        "coordinates": [
          [
            107.6093038,
            -6.9479813,
            0
          ],
          [
            107.6092951,
            -6.9479579,
            0
          ],
          [
            107.6092415,
            -6.9478107,
            0
          ],
          [
            107.6091943,
            -6.9476776,
            0
          ],
          [
            107.6091509,
            -6.9475613,
            0
          ],
          [
            107.6090997,
            -6.9474124,
            0
          ],
          [
            107.6090862,
            -6.9473728,
            0
          ],
          [
            107.6090786,
            -6.9473503,
            0
          ],
          [
            107.6089872,
            -6.9470817,
            0
          ],
          [
            107.6087733,
            -6.946453,
            0
          ],
          [
            107.6086954,
            -6.946224,
            0
          ],
          [
            107.6086676,
            -6.9461425,
            0
          ]
        ]
      },
      "properties": {
        "name": "Jalan Mohammad Toha",
        "styleUrl": "#9971",
        "styleHash": "2384809c",
        "stroke": "#EC008C",
        "stroke-opacity": 1,
        "stroke-width": 4
      },
      "id": "9970"
    },
    {
      "type": "Feature",
      "geometry": {
        "type": "LineString",
        "coordinates": [
          [
            107.6085312,
            -6.9569907,
            0
          ],
          [
            107.6092555,
            -6.9566806,
            0
          ],
          [
            107.60948,
            -6.9566135,
            0
          ],
          [
            107.6097044,
            -6.9565496,
            0
          ],
          [
            107.6097661,
            -6.9565323,
            0
          ],
          [
            107.609816,
            -6.9565159,
            0
          ],
          [
            107.6100189,
            -6.956447,
            0
          ],
          [
            107.6103048,
            -6.9563499,
            0
          ],
          [
            107.6105279,
            -6.956276,
            0
          ],
          [
            107.6108621,
            -6.9561653,
            0
          ]
        ]
      },
      "properties": {
        "name": "Route Segment",
        "styleUrl": "#9975",
        "styleHash": "6fcb6494",
        "stroke": "#EC008C",
        "stroke-opacity": 1,
        "stroke-width": 4
      },
      "id": "9974"
    },
    {
      "type": "Feature",
      "geometry": {
        "type": "LineString",
        "coordinates": [
          [
            107.6085312,
            -6.9569907,
            0
          ],
          [
            107.6081813,
            -6.9571073,
            0
          ],
          [
            107.6077749,
            -6.9572641,
            0
          ],
          [
            107.6075633,
            -6.9573828,
            0
          ],
          [
            107.607347,
            -6.9575274,
            0
          ],
          [
            107.6071385,
            -6.9576995,
            0
          ],
          [
            107.6069192,
            -6.9579126,
            0
          ],
          [
            107.606703,
            -6.9581866,
            0
          ],
          [
            107.6065542,
            -6.9584225,
            0
          ],
          [
            107.6064008,
            -6.9587544,
            0
          ],
          [
            107.6063119,
            -6.9590451,
            0
          ],
          [
            107.6062444,
            -6.9594034,
            0
          ]
        ]
      },
      "properties": {
        "name": "Route Segment",
        "styleUrl": "#9979",
        "styleHash": "-7b45c7a9",
        "stroke": "#EC008C",
        "stroke-opacity": 1,
        "stroke-width": 4
      },
      "id": "9978"
    },
    {
      "type": "Feature",
      "geometry": {
        "type": "LineString",
        "coordinates": [
          [
            107.6059883,
            -6.9617334,
            0
          ],
          [
            107.6059485,
            -6.9621931,
            0
          ],
          [
            107.6058886,
            -6.9624489,
            0
          ],
          [
            107.605815,
            -6.96263,
            0
          ],
          [
            107.6056816,
            -6.962834,
            0
          ],
          [
            107.6055697,
            -6.9629679,
            0
          ],
          [
            107.6054071,
            -6.9631065,
            0
          ],
          [
            107.6052185,
            -6.9632221,
            0
          ],
          [
            107.6050053,
            -6.9633211,
            0
          ],
          [
            107.6047661,
            -6.9633896,
            0
          ],
          [
            107.6045361,
            -6.9634063,
            0
          ],
          [
            107.6043597,
            -6.9633911,
            0
          ],
          [
            107.6041312,
            -6.9633363,
            0
          ],
          [
            107.6039748,
            -6.9632693,
            0
          ],
          [
            107.6038823,
            -6.9632262,
            0
          ],
          [
            107.6038054,
            -6.9631817,
            0
          ]
        ]
      },
      "properties": {
        "name": "Route Segment",
        "styleUrl": "#9983",
        "styleHash": "-6732a6a6",
        "stroke": "#EC008C",
        "stroke-opacity": 1,
        "stroke-width": 4
      },
      "id": "9982"
    },
    {
      "type": "Feature",
      "geometry": {
        "type": "LineString",
        "coordinates": [
          [
            107.6060328,
            -6.9612843,
            0
          ],
          [
            107.6059883,
            -6.9617334,
            0
          ]
        ]
      },
      "properties": {
        "name": "Route Segment",
        "styleUrl": "#9987",
        "styleHash": "-1aebc2ae",
        "stroke": "#EC008C",
        "stroke-opacity": 1,
        "stroke-width": 4
      },
      "id": "9986"
    },
    {
      "type": "Feature",
      "geometry": {
        "type": "LineString",
        "coordinates": [
          [
            107.6052772,
            -6.9616227,
            0
          ],
          [
            107.6048086,
            -6.9617155,
            0
          ],
          [
            107.6040014,
            -6.96183,
            0
          ],
          [
            107.6038288,
            -6.9618685,
            0
          ],
          [
            107.603762,
            -6.9618832,
            0
          ],
          [
            107.6036674,
            -6.9619188,
            0
          ],
          [
            107.6035494,
            -6.9619914,
            0
          ],
          [
            107.6034793,
            -6.9620502,
            0
          ],
          [
            107.6034383,
            -6.9621148,
            0
          ],
          [
            107.6034176,
            -6.9621634,
            0
          ],
          [
            107.6034021,
            -6.9622313,
            0
          ],
          [
            107.6033907,
            -6.9622971,
            0
          ],
          [
            107.6033901,
            -6.962371,
            0
          ],
          [
            107.6034051,
            -6.9625061,
            0
          ],
          [
            107.6034283,
            -6.9626113,
            0
          ],
          [
            107.6034723,
            -6.9627731,
            0
          ],
          [
            107.6035421,
            -6.9629029,
            0
          ],
          [
            107.6036921,
            -6.9630639,
            0
          ],
          [
            107.6038054,
            -6.9631817,
            0
          ]
        ]
      },
      "properties": {
        "name": "Route Segment",
        "styleUrl": "#9991",
        "styleHash": "-3e30b1e0",
        "stroke": "#EC008C",
        "stroke-opacity": 1,
        "stroke-width": 4
      },
      "id": "9990"
    },
    {
      "type": "Feature",
      "geometry": {
        "type": "LineString",
        "coordinates": [
          [
            107.6062444,
            -6.9594034,
            0
          ],
          [
            107.606177,
            -6.9600422,
            0
          ],
          [
            107.6060328,
            -6.9612843,
            0
          ]
        ]
      },
      "properties": {
        "name": "Route Segment",
        "styleUrl": "#9995",
        "styleHash": "e163218",
        "stroke": "#EC008C",
        "stroke-opacity": 1,
        "stroke-width": 4
      },
      "id": "9994"
    },
    {
      "type": "Feature",
      "geometry": {
        "type": "LineString",
        "coordinates": [
          [
            107.7732376,
            -6.932299,
            0
          ],
          [
            107.7733109,
            -6.9322922,
            0
          ],
          [
            107.7733968,
            -6.9322999,
            0
          ]
        ]
      },
      "properties": {
        "name": "Pangkalan DAMRI Jatinangor",
        "styleUrl": "#9999",
        "styleHash": "3e2c6048",
        "stroke": "#EC008C",
        "stroke-opacity": 1,
        "stroke-width": 4
      },
      "id": "9998"
    },
    {
      "type": "Feature",
      "geometry": {
        "type": "LineString",
        "coordinates": [
          [
            107.7527053,
            -6.9424866,
            0
          ],
          [
            107.7523857,
            -6.9424652,
            0
          ]
        ]
      },
      "properties": {
        "name": "Simpang Susun Cileunyi",
        "styleUrl": "#10003",
        "styleHash": "-ec9d92e",
        "stroke": "#EC008C",
        "stroke-opacity": 1,
        "stroke-width": 4
      },
      "id": "10002"
    },
    {
      "type": "Feature",
      "geometry": {
        "type": "LineString",
        "coordinates": [
          [
            107.6192514,
            -6.8994349,
            0
          ],
          [
            107.6192218,
            -6.8994058,
            0
          ],
          [
            107.6191325,
            -6.8993561,
            0
          ]
        ]
      },
      "properties": {
        "name": "Jalan Sentot Alibasyah",
        "styleUrl": "#10007",
        "styleHash": "4579d552",
        "stroke": "#EC008C",
        "stroke-opacity": 1,
        "stroke-width": 4
      },
      "id": "10006"
    }
  ]
}